Recipient,hpAfrica1,hpAfrica2,hpAsia2,hpEurope,hpNEAfrica,hpNorthAsia,hpSahul,hpSiberia,hspHAEAsiaN,hspHAEAsiaS,hspLASEAsia,hspLAEAJapan,属性
GCA_000274385.2,2024.235387,46.551958,102.791768,391.315216,399.375411,59.078001,47.092442,68.786038,46.434535,52.278482,66.310322,46.406981,hpAfrica1
HEL_CA6473AA_AS,202.38913,35.449257,588.295531,502.37981,394.30621,215.503305,115.217532,251.804346,329.760579,311.58878,712.117717,318.033329,hpAsia2
HEL_CA5827AA_AS,152.10875,24.486749,630.742891,487.30385,262.317887,214.703145,104.368787,254.107715,370.632318,340.644213,746.781378,315.362259,hpAsia2
GCA_006439715.1,180.425058,28.393895,634.259367,569.309774,357.782457,221.451115,104.168185,257.133052,311.675597,320.073713,709.002653,285.091332,hpAsia2
HEL_AA5923AA_AS,55.074244,26.699947,830.967966,317.882841,95.716216,323.991392,88.961978,504.653138,551.07933,476.849311,260.221804,250.64503,hpAsia2_Eco
HEL_AA6042AA_AS,60.319389,26.803833,1019.678152,341.78828,94.447454,274.996156,100.290413,487.995835,465.623377,439.049126,220.67538,246.865293,hpAsia2_Eco
HEL_CA3314AA_AS,48.354156,17.587674,673.702258,239.22073,69.308511,269.712076,79.276776,374.655586,602.718033,609.883942,268.666476,242.563067,hpAsia2_Eco
HEL_CA4837AA_AS,69.012966,25.425138,805.734668,379.648517,138.436724,253.276645,92.352511,439.069791,530.673954,593.682899,296.967445,263.823164,hpAsia2_Eco
HEL_CA4840AA_AS,87.773504,27.074412,774.093072,371.801174,171.754251,233.411724,87.15403,319.152137,561.865177,577.533834,310.994989,229.429197,hpAsia2_Eco
HEL_AA0320AA_AS,59.867824,25.089239,1110.58993,369.730649,100.153294,252.014376,91.251217,444.203214,460.692128,399.949571,236.448709,192.300525,hpAsia2_Eco
HEL_CA4448AA_AS,105.541066,14.257039,22.174139,205.47381,33.231025,22.495961,27.749254,27.022972,40.296832,43.97518,25.812358,15.9151,hpEurope
HEL_CA4445AA_AS,157.473363,20.530401,22.805251,204.997835,52.619757,23.227896,25.19596,27.44483,38.261402,37.474617,29.730732,23.414623,hpEurope
HEL_CA4227AA_AS,127.075302,23.403092,21.627721,222.939683,40.670949,25.993132,30.893347,26.327091,33.852492,41.829609,21.266302,28.220596,hpEurope
HEL_CA3975AA_AS,89.082958,20.555397,26.066211,190.710022,29.480701,25.015466,29.437149,45.650721,35.250983,34.914061,24.46567,19.307606,hpEurope
HEL_CA3904AA_AS,96.230988,15.709211,27.864454,201.803962,32.095136,22.606687,25.117602,31.665986,61.815404,60.283174,30.499124,25.244011,hpEurope
HEL_CA3543AA_AS,121.238641,19.558916,28.905035,214.793621,44.036606,21.227366,28.872375,35.924307,51.873141,56.487275,26.59896,19.10752,hpEurope
HEL_BA3942AA_AS,271.909068,40.334851,197.321348,543.799854,211.504445,495.909713,91.71525,463.206217,356.728191,346.750643,399.342907,345.323483,hpEurope
HEL_AA0105AA_AS,439.238834,60.528395,252.761789,680.854171,361.564573,436.622596,102.799983,471.922673,349.224619,318.085679,360.620537,329.328748,hpEurope
HEL_CA6755AA_AS,220.509093,49.608318,466.727366,398.147905,1100.961389,181.885659,92.489586,200.06282,281.547901,277.953215,414.462039,279.997535,hpNEAfrica
HEL_CA5651AA_AS,146.717417,29.226957,246.915889,265.226185,561.609617,260.241056,142.920979,224.334089,439.75659,388.640534,755.307674,381.305035,hpNEAfrica
HEL_CA0506AA_AS,405.618319,40.215357,289.061751,470.180887,655.171708,204.276996,91.225082,184.093358,327.752959,269.766387,777.696647,295.660753,hpNEAfrica
HEL_BA8732AA_AS,353.55451,56.225413,407.727155,556.066811,634.000453,226.081783,120.994594,218.373489,323.908641,298.755325,653.055215,294.48473,hpNEAfrica
HEL_CA0051AA_AS,120.909978,27.711697,148.824067,234.566612,89.216985,636.285097,117.494441,543.865479,428.428769,363.848589,420.268525,435.755763,hpNorthAsia
HEL_CA5280AA_AS,36.949355,16.324298,125.339761,104.480283,55.588707,820.584042,62.789484,396.049616,381.560821,402.064998,369.554733,508.289258,hpNorthAsia
HEL_CA5111AA_AS,30.733683,17.412983,138.164048,112.491798,51.245258,883.936844,54.783077,410.750633,396.473654,365.82079,333.299742,478.42966,hpNorthAsia
HEL_CA0617AA_AS,30.415744,16.244903,105.045563,71.602539,40.00418,925.677733,53.578218,448.195743,388.685188,339.666772,341.633243,459.858664,hpNorthAsia
HEL_CA0615AA_AS,34.252662,18.03751,117.517886,101.401024,35.642806,902.284252,53.460238,388.596515,362.61998,378.69198,352.114328,491.810754,hpNorthAsia
HEL_AA0357AA_AS,99.190474,24.830368,189.539905,261.078958,78.206297,599.121893,102.89015,547.39166,447.539799,401.132116,441.425555,425.231424,hpNorthAsia
HEL_AA0369AA_AS,54.049573,24.209299,157.812802,194.638622,48.784651,590.084144,98.531151,495.786165,402.42243,408.235522,429.857531,459.046056,hpNorthAsia
HEL_CA4870AA_AS,149.951421,32.080143,181.388481,287.270732,98.086935,597.289531,96.954963,525.09192,421.788129,414.81962,428.245989,412.998189,hpNorthAsia
GCA_015904565.1,229.768321,26.901779,172.878566,291.844727,121.947941,583.598045,95.511896,521.002317,363.559654,354.550756,383.403403,375.002532,hpNorthAsia
GCA_016755755.1,48.673675,25.138955,146.464171,221.182514,51.274464,604.86183,100.469074,531.218753,425.88204,404.198108,470.191154,467.225622,hpNorthAsia
HEL_AA7365AA_AS,43.399116,21.581006,106.867913,108.777841,45.088649,773.932861,79.745336,893.597785,281.864488,260.681952,279.417542,311.962955,hpSiberia
HEL_CA5146AA_AS,97.792768,40.232093,425.76351,436.187039,268.243162,454.482046,82.244603,589.825069,402.653256,388.38629,327.349607,345.834029,hpSiberia
GCA_016749815.1,105.375567,27.023277,179.594713,291.206268,94.855307,599.707603,111.800885,570.941415,429.197066,388.267526,432.66834,424.931708,hpSiberia
HEL_BA9266AA_AS,89.939836,27.848934,328.480614,415.687544,160.503802,572.943406,72.974267,1139.015408,375.357073,267.106486,215.895694,209.636902,hpSiberia
GCA_016755615.1,173.799747,40.891469,221.029673,386.994492,176.596639,565.294383,102.303747,569.47657,395.045595,375.923368,427.713392,404.258225,hpSiberia
HEL_CA5162AA_AS,92.783136,41.869079,415.136474,431.610459,260.617148,504.650496,75.818345,624.006132,383.23007,371.36659,314.533692,325.449296,hpSiberia
HEL_AA7241AA_AS,57.281459,31.561347,128.863449,182.177344,77.387532,766.377341,321.482515,1010.24366,316.133403,241.794758,232.443153,290.089387,hpSiberia
HEL_CA6210AA_AS,85.665738,40.228434,398.799616,448.278437,253.317457,476.986123,76.223916,590.028318,384.202448,403.601257,320.05953,336.045334,hpSiberia
GCA_002027065.1,1472.862982,59.276582,235.474825,875.023227,517.568265,122.619243,80.734537,175.814597,120.162405,114.687097,154.330691,90.927012,hspAfrica1LatinAmerica
GCA_000274245.1,2076.505215,38.653645,96.654509,341.980307,352.138284,53.268734,59.645639,60.605626,45.732324,47.602587,60.479555,35.405415,hspAfrica1LatinAmerica
GCA_000274225.1,2099.080021,34.728688,72.817773,290.134424,336.521179,44.86676,38.414698,56.307742,42.485163,43.229427,54.333002,33.549329,hspAfrica1LatinAmerica
GCA_000274205.2,2020.762942,46.193746,102.84066,390.561784,398.821285,59.570366,47.253694,68.930625,46.596018,52.925415,66.311531,46.918571,hspAfrica1LatinAmerica
GCA_014497895.1,2083.424373,36.513228,81.480806,292.638748,393.110516,54.457353,41.029617,62.775963,43.989188,42.440397,60.222401,40.732228,hspAfrica1LatinAmerica
GCA_000277425.1,1603.684302,47.860159,154.860365,552.483418,407.277797,174.139972,70.374497,191.834787,158.09289,149.151849,167.373428,146.161004,hspAfrica1LatinAmerica
GCA_014496405.1,2108.947301,43.726901,107.410444,338.824976,406.908046,55.017698,42.90395,65.269809,53.275455,46.161006,56.439748,42.63923,hspAfrica1LatinAmerica
GCA_014496615.1,1326.900124,77.171943,202.997257,917.12511,487.724392,99.19333,69.86671,151.156742,108.625753,98.210173,119.656937,87.735746,hspAfrica1LatinAmerica
GCA_014497095.1,2139.218203,45.667979,61.223943,264.613946,421.658141,35.985452,44.437429,48.149204,44.415886,36.037877,59.367061,31.385231,hspAfrica1LatinAmerica
GCA_000475755.1,1640.436359,474.07995,306.623863,535.179289,473.134578,91.189771,64.590495,140.653235,97.784993,95.479595,109.583439,60.941585,hspAfrica1SAfrica
HEL_BA8323AA_AS,1755.016753,749.922484,96.931851,276.354315,343.020387,46.993291,43.848516,52.972009,38.654707,41.136629,53.012896,39.526055,hspAfrica1SAfrica
HEL_CA5475AA_AS,2115.947516,50.821586,88.624922,307.421038,411.063967,43.310095,49.097074,57.22205,45.712742,52.818313,82.599132,47.501878,hspAfrica1SAfrica
HEL_BA5638AA_AS,1876.880664,175.795282,254.837414,415.207236,452.977931,69.412901,61.276109,95.469894,69.119135,69.254959,101.25887,52.489526,hspAfrica1SAfrica
HEL_BA5670AA_AS,1828.449771,310.558594,54.498955,193.202668,301.139726,32.26002,38.120848,40.729276,30.764321,38.676217,39.89127,30.59395,hspAfrica1SAfrica
HEL_BA5679AA_AS,1790.151742,391.038187,228.886926,370.871321,423.904638,62.134132,55.792788,96.519075,71.152137,70.5315,99.404422,53.64757,hspAfrica1SAfrica
HEL_BA5691AA_AS,1854.375489,266.586484,235.690778,375.446693,439.617262,71.219777,62.527896,99.031302,67.258742,67.392119,94.833913,60.8658,hspAfrica1SAfrica
HEL_BA5720AA_AS,1861.623643,288.544891,241.675761,367.209778,433.800684,61.710405,50.347918,87.475464,63.157012,61.263531,79.875238,57.110484,hspAfrica1SAfrica
HEL_BA8258AA_AS,1744.187415,609.607592,45.477524,197.239711,282.799523,39.091397,34.97001,43.985589,38.651515,37.120039,44.465536,31.012425,hspAfrica1SAfrica
GCA_000475655.1,1677.454927,255.70464,235.418213,442.19513,450.718344,70.545584,73.651905,110.344904,80.634644,88.375792,119.865727,64.217688,hspAfrica1SAfrica
GCA_000344965.2,2205.618234,35.083525,87.919843,249.076046,340.942778,41.800827,42.4899,55.27171,43.477977,39.051428,72.96345,43.039064,hspAfrica1WAfrica
GCA_000344985.2,2153.311345,32.125159,88.223059,314.069825,351.35261,38.037896,42.975767,51.078759,38.294093,42.897942,59.332865,43.741704,hspAfrica1WAfrica
HEL_AA5477AA_AS,2224.365184,43.771806,78.801154,301.713003,334.128914,43.1562,45.429703,48.699029,45.943493,44.293924,61.176277,42.874471,hspAfrica1WAfrica
HEL_AA5489AA_AS,2148.649497,42.637953,71.781305,344.610943,290.333611,40.180428,40.445041,51.324578,43.777689,44.583738,60.660603,43.018858,hspAfrica1WAfrica
HEL_AA5490AA_AS,2190.567712,42.636479,82.175874,317.308118,330.525049,49.695982,55.371829,58.288899,48.319304,48.76451,57.45545,50.101006,hspAfrica1WAfrica
HEL_AA5511AA_AS,2225.834025,50.216934,81.614872,311.961477,341.621226,43.04975,49.39625,56.48659,39.180294,38.046602,58.925354,41.172138,hspAfrica1WAfrica
HEL_CA3965AA_AS,2182.493447,41.653594,66.523866,302.059809,356.317807,40.838514,46.903487,51.002618,36.703841,41.285273,56.301761,37.359417,hspAfrica1WAfrica
HEL_AA5505AA_AS,2178.324007,35.861266,71.446838,284.903439,332.74761,37.510899,54.668674,48.886098,37.348979,37.593724,53.55685,33.852393,hspAfrica1WAfrica
HEL_AA5515AA_AS,2239.307223,43.355618,76.116479,295.973364,381.118426,43.643006,47.31859,44.61268,49.271848,42.703382,57.609088,38.586386,hspAfrica1WAfrica
HEL_AA5540AA_AS,2175.570891,45.273233,75.224111,350.625177,323.531815,44.62052,52.335096,50.891089,41.481027,39.825631,59.739346,39.855616,hspAfrica1WAfrica
HEL_CA3384AA_AS,32.900243,22.663093,243.192801,132.150367,43.981734,256.683546,54.984463,276.198695,896.093455,748.08867,309.662987,312.971977,hspHAEAsiaN
HEL_CA3371AA_AS,26.492728,14.532767,143.343981,103.978335,30.72392,247.53598,47.739798,264.968282,834.072351,772.67095,297.137262,288.456315,hspHAEAsiaN
HEL_CA4120AA_AS,36.998083,17.940774,170.768973,95.451711,38.756284,261.905873,58.376381,270.009748,813.503961,767.527915,298.936806,319.988248,hspHAEAsiaN
HEL_CA4090AA_AS,29.606324,11.258348,128.557197,80.947087,36.243319,250.467439,53.54666,226.242116,876.034236,780.719301,306.762467,331.707905,hspHAEAsiaN
HEL_CA4083AA_AS,26.164898,11.589446,157.509527,91.638702,36.170064,220.61389,43.810789,250.959507,836.350829,790.581271,302.483809,350.736903,hspHAEAsiaN
HEL_CA3369AA_AS,25.563305,15.221175,186.577387,103.863038,32.082707,272.186389,51.468585,307.886424,802.582316,749.186818,348.409714,345.149484,hspHAEAsiaN
HEL_CA4081AA_AS,29.401115,16.01938,176.218342,120.967931,33.575264,263.928053,43.679996,277.652007,899.589259,789.995077,327.217946,299.704208,hspHAEAsiaN
HEL_CA4140AA_AS,36.10931,13.9934,258.622856,162.793887,49.583819,240.452562,52.634625,248.360266,836.162611,743.666211,303.787482,282.138509,hspHAEAsiaN
HEL_CA3367AA_AS,31.274382,11.97776,147.77164,89.087888,30.808169,244.204381,51.137759,228.404379,909.99049,684.200567,301.54768,300.23098,hspHAEAsiaN
HEL_CA3359AA_AS,27.443935,13.110909,163.633436,95.811343,42.505022,222.731891,43.499029,254.504339,816.511201,773.680548,333.108486,314.074198,hspHAEAsiaN
HEL_CA3344AA_AS,28.19194,16.272585,152.364987,107.119952,39.700062,257.219202,46.799543,282.758797,844.480881,773.204973,323.04855,317.2123,hspHAEAsiaN
HEL_CA4074AA_AS,25.128595,14.691554,151.506523,81.592504,32.925825,231.01567,46.555612,223.192845,844.440749,807.948628,313.826253,299.018374,hspHAEAsiaN
HEL_CA4092AA_AS,28.873307,14.731603,181.978341,150.280088,38.303132,297.266357,64.134326,339.254942,814.547588,766.03938,334.945813,333.016899,hspHAEAsiaN
HEL_CA3583AA_AS,29.463181,17.545419,227.132709,162.533119,40.88114,240.362713,57.485957,267.712294,829.765753,741.269895,319.405335,327.12007,hspHAEAsiaN
HEL_CA3341AA_AS,30.518522,16.275115,132.551095,102.419385,47.274244,234.582951,44.494236,279.217603,879.156745,817.031652,311.825202,336.578712,hspHAEAsiaN
HEL_CA3319AA_AS,25.18272,15.824223,152.042941,84.106109,33.784928,235.543498,46.400965,215.004915,879.154769,779.142369,324.715162,332.911415,hspHAEAsiaN
CB89,31.472498,16.514176,160.987692,105.255843,39.96794,259.444321,44.975237,279.289001,862.450152,751.685682,317.005805,327.941641,hspHAEAsiaN
CB9,34.612777,16.966364,244.574198,169.860272,57.739428,318.74311,63.424245,385.279394,804.029985,665.211763,306.182503,327.761388,hspHAEAsiaN
CB90,28.500095,10.167328,139.929273,94.420224,31.375005,241.066601,32.02289,242.345184,902.787016,815.091601,318.450653,299.601566,hspHAEAsiaN
HEL_AA5929AA_AS,38.8488,17.234887,235.35931,122.959969,55.88775,284.228366,54.099272,334.111316,812.060679,771.758035,342.406282,306.164786,hspHAEAsiaN
HEL_AA5930AA_AS,51.88349,22.23959,314.794863,253.516839,90.097469,437.886433,77.875401,566.389225,716.93031,504.249842,312.385594,314.354581,hspHAEAsiaN
HEL_AA5953AA_AS,53.948048,24.737534,556.051565,219.15686,76.284582,338.138398,78.873653,401.884899,713.75866,650.689317,286.404808,294.964761,hspHAEAsiaN
HEL_AA6040AA_AS,43.042167,19.03096,476.155214,186.945726,60.766202,288.674405,75.638269,368.756326,722.406687,611.765729,289.46556,312.349364,hspHAEAsiaN
HEL_AA6046AA_AS,39.117122,21.62518,312.736893,137.449099,55.515506,294.146447,57.31531,357.840547,826.778091,668.351331,346.539942,346.653697,hspHAEAsiaN
HEL_AA7273AA_AS,42.009338,17.564946,365.774895,186.719599,60.405648,311.696307,56.628042,397.870458,729.79903,625.828667,341.461954,307.557862,hspHAEAsiaN
HEL_BA4732AA_AS,26.694557,18.45611,136.440581,104.466514,46.296359,254.453157,49.501557,244.617571,840.78541,812.157121,293.816601,337.543154,hspHAEAsiaN
HEL_BA9666AA_AS,41.057387,16.793476,357.827096,168.113124,62.073404,318.923746,52.416524,387.917536,730.297831,632.803838,344.97079,308.030376,hspHAEAsiaN
HEL_CA3390AA_AS,31.204841,15.761036,159.964421,141.104211,47.431694,261.102237,42.978386,223.668038,808.311355,772.127048,330.917305,291.58299,hspHAEAsiaN
HEL_CA0322AA_AS,31.721973,17.912751,168.888482,116.090274,43.184384,273.740563,55.860123,330.195693,752.823734,700.247994,418.381137,392.071874,hspHAEAsiaN
HEL_CA3274AA_AS,35.91874,15.655987,194.972601,111.365244,48.936643,277.402958,51.945504,275.446488,820.706226,755.999215,325.63514,303.057202,hspHAEAsiaN
HEL_CA3277AA_AS,28.532647,16.695542,168.791193,108.164955,49.55252,224.533023,45.262171,262.306756,839.365297,827.157796,302.199508,294.843309,hspHAEAsiaN
HEL_CA3291AA_AS,34.935941,17.758694,145.560484,99.93919,44.858711,247.336197,45.002438,238.399644,850.097526,827.453132,293.297387,277.98356,hspHAEAsiaN
HEL_CA3292AA_AS,31.570026,16.50493,202.986195,155.277618,47.130788,268.471682,53.75058,300.49683,819.967271,754.334861,298.015994,310.668541,hspHAEAsiaN
HEL_CA4070AA_AS,29.161342,16.265706,186.638588,127.870875,48.879547,250.006624,46.014551,247.028081,900.672936,775.390841,280.799418,294.514768,hspHAEAsiaN
HEL_CA3385AA_AS,24.05452,16.651817,159.189088,110.608441,41.620396,260.149967,42.388639,242.043155,845.033209,807.062534,293.121943,324.152521,hspHAEAsiaN
HEL_CA4067AA_AS,22.621554,13.758614,134.770152,77.559851,36.379439,250.467904,42.214815,214.673366,853.040238,812.034884,306.293432,318.754313,hspHAEAsiaN
HEL_CA4057AA_AS,31.965649,22.396738,202.15976,130.034938,53.32364,238.280877,58.886707,274.711251,804.041221,789.553566,324.821366,324.228965,hspHAEAsiaN
HEL_CA3487AA_AS,36.925371,14.457011,156.560922,99.820686,38.535904,263.703639,38.523004,226.574253,905.937651,816.32398,287.190842,323.460077,hspHAEAsiaN
HEL_CA3491AA_AS,21.896884,11.171672,206.726401,85.207979,29.354874,236.119143,53.605718,255.097953,876.243687,778.295849,275.021838,310.650149,hspHAEAsiaN
HEL_CA3493AA_AS,24.520958,13.857264,149.394633,100.186224,34.817656,275.399733,47.863066,262.91496,877.047805,722.997616,341.240569,336.040156,hspHAEAsiaN
HEL_CA3494AA_AS,25.500876,12.552196,173.462045,85.45821,43.082499,239.530913,44.542875,245.874977,825.756864,775.520567,318.590808,332.315473,hspHAEAsiaN
HEL_CA3497AA_AS,24.626011,20.893187,176.909997,155.93649,47.145578,292.473114,50.442571,328.550617,762.828525,717.243578,337.367239,350.217445,hspHAEAsiaN
HEL_CA3506AA_AS,29.204423,23.174396,132.341562,156.052023,49.525902,230.454943,57.050888,245.989347,856.517517,786.694128,305.80578,321.822389,hspHAEAsiaN
HEL_CA3523AA_AS,22.687663,12.171898,144.261737,81.247733,34.625598,232.769149,50.214053,189.891072,885.159079,783.780182,303.348778,318.08919,hspHAEAsiaN
HEL_CA3530AA_AS,29.036901,14.990818,159.562593,81.828245,41.034131,244.101805,39.352313,210.047743,863.749611,809.623465,329.314559,302.604493,hspHAEAsiaN
HEL_CA3537AA_AS,24.565384,15.886292,167.112326,121.141853,44.651839,263.504244,42.93323,249.268584,860.870035,750.930719,327.025856,323.986978,hspHAEAsiaN
HEL_CA3539AA_AS,23.30295,20.12561,163.417966,105.651433,35.726748,244.775444,50.494119,292.018749,864.168664,797.463038,298.479163,326.753436,hspHAEAsiaN
HEL_CA3545AA_AS,25.602622,9.771349,146.016051,90.003822,35.097389,235.498599,38.770763,232.938147,864.705743,782.553526,308.257527,354.205915,hspHAEAsiaN
HEL_CA3547AA_AS,23.492864,15.547299,172.155576,99.927967,47.661754,258.435345,40.349894,253.018225,847.860164,803.682671,302.763568,320.452318,hspHAEAsiaN
HEL_CA3548AA_AS,24.326717,14.045701,136.218637,80.74182,31.363034,237.536007,50.79874,237.082552,871.734229,801.634821,314.860191,310.48209,hspHAEAsiaN
HEL_CA3552AA_AS,29.181763,11.805136,175.748376,121.127949,40.620614,333.28642,51.465173,354.013757,842.907753,727.708595,375.704299,358.926896,hspHAEAsiaN
HEL_CA3555AA_AS,28.793935,17.231861,171.412037,97.944833,41.46251,249.747137,42.00261,264.943381,866.825907,796.607511,311.164902,343.431521,hspHAEAsiaN
HEL_CA3560AA_AS,28.870898,15.311299,140.259824,87.878796,37.190904,233.808807,43.79315,248.974736,881.546656,831.641678,291.712615,302.915071,hspHAEAsiaN
HEL_CA3566AA_AS,32.654244,18.556371,184.967791,117.956338,44.140861,362.010765,65.150093,348.680507,742.281339,675.98241,381.639656,399.516983,hspHAEAsiaN
HEL_CA3483AA_AS,25.654386,17.62882,147.113568,94.208547,37.618156,250.90753,53.604507,261.120155,829.120081,809.531854,296.491868,320.097288,hspHAEAsiaN
HEL_CA3481AA_AS,27.919573,19.401969,155.51733,104.643251,39.043964,300.862954,46.424304,289.684804,871.357,743.655968,349.114028,342.559871,hspHAEAsiaN
HEL_CA3478AA_AS,22.206918,14.860978,136.105253,87.940352,30.130509,234.649765,40.585712,231.230698,872.48705,807.312857,305.289945,325.778675,hspHAEAsiaN
HEL_CA3476AA_AS,36.213011,16.578093,171.981011,119.245601,68.280686,252.157941,52.538179,233.280774,873.849797,760.309009,351.769797,292.696014,hspHAEAsiaN
HEL_CA4054AA_AS,37.910774,20.050569,183.769626,115.320974,47.147705,252.887265,49.735694,256.186245,852.943809,771.515926,348.614051,341.426953,hspHAEAsiaN
HEL_CA4042AA_AS,33.428529,13.221919,177.776407,108.517537,42.095319,266.560511,44.53666,245.15044,885.033396,814.788519,274.839453,301.552228,hspHAEAsiaN
HEL_CA3408AA_AS,27.037089,13.539571,136.534404,95.992402,35.00287,235.629659,50.259085,230.956439,907.106806,771.153508,283.156164,308.548075,hspHAEAsiaN
HEL_CA4032AA_AS,31.791526,19.505707,181.806373,136.444427,48.131322,323.658035,57.993745,341.915581,808.819937,669.093049,341.889541,388.6367,hspHAEAsiaN
HEL_CA4026AA_AS,32.346728,18.249642,182.688803,117.648727,46.406652,248.85922,52.201722,290.759889,897.532666,716.9916,346.900646,319.504993,hspHAEAsiaN
HEL_CA4025AA_AS,28.629704,18.301026,163.19331,105.87162,36.307878,252.117553,52.620954,287.257661,880.254175,805.277585,314.986207,318.462245,hspHAEAsiaN
HEL_CA3415AA_AS,29.080216,12.851351,180.601224,106.337924,41.935287,258.024823,47.216674,234.818105,838.660334,768.906505,281.852661,316.351767,hspHAEAsiaN
HEL_CA3436AA_AS,32.789194,18.449666,176.39404,129.227674,49.117709,263.069651,50.796717,288.869416,893.775681,726.909719,357.98542,312.878836,hspHAEAsiaN
HEL_CA4011AA_AS,24.556289,14.448717,163.701993,91.511665,39.843953,245.235539,49.240245,252.448211,842.743177,808.314959,304.741896,334.969577,hspHAEAsiaN
HEL_CA3437AA_AS,27.762437,15.42179,192.472852,104.109188,37.330642,261.154864,47.201943,302.958825,826.961454,747.977185,294.635211,331.533884,hspHAEAsiaN
HEL_CA3448AA_AS,26.577616,12.434509,129.188966,78.390314,29.955001,233.492187,51.495453,227.847583,878.026561,781.221409,322.589359,317.409476,hspHAEAsiaN
HEL_CA3455AA_AS,22.749986,13.323701,142.53705,105.433634,43.691187,231.946473,42.172116,247.576699,849.946505,799.954344,298.069855,293.577029,hspHAEAsiaN
HEL_CA3456AA_AS,23.846501,15.851802,154.892697,71.648728,35.688078,239.754481,50.753359,239.194588,884.957496,781.544256,328.497136,305.740715,hspHAEAsiaN
HEL_CA3460AA_AS,24.049513,15.994199,166.892535,80.779174,36.558201,227.334528,43.716397,211.192746,849.417257,802.491783,321.522313,299.406739,hspHAEAsiaN
HEL_CA3465AA_AS,30.460621,16.091049,131.611347,98.822296,37.848525,233.029303,48.549082,262.573555,872.311139,782.896101,310.584637,338.940218,hspHAEAsiaN
HEL_CA3466AA_AS,33.643161,16.729417,142.157899,157.532918,45.186995,251.617015,54.704812,269.185301,832.603656,782.143541,333.239632,295.506124,hspHAEAsiaN
HEL_CA3474AA_AS,22.236931,13.156618,176.315424,105.9402,41.836703,271.21307,43.041144,247.766307,846.530301,789.091707,297.345135,332.423079,hspHAEAsiaN
HEL_CA3475AA_AS,27.126935,12.32829,157.100853,100.042394,33.874007,243.008238,41.374376,250.942576,818.315506,792.789013,330.201399,331.924917,hspHAEAsiaN
CB88,32.758094,14.25677,141.300598,88.404514,36.216671,245.170624,47.800266,257.536651,836.073779,809.535618,315.175772,305.587656,hspHAEAsiaN
CB87,37.511062,21.468156,273.141125,156.323935,73.001126,396.64638,63.201364,480.172632,801.639889,564.161436,322.445985,372.945642,hspHAEAsiaN
CB73,29.196815,13.873075,150.569491,87.804807,47.076036,253.589205,41.04222,255.520109,882.584486,746.379408,319.34518,335.272985,hspHAEAsiaN
CB85,26.693409,13.582676,134.546217,103.351532,37.398941,277.658082,48.891665,285.263502,865.748242,718.699593,322.58357,391.250484,hspHAEAsiaN
CB23,28.239233,15.947893,188.800002,124.395378,46.81234,301.601646,50.88642,323.740457,798.88915,692.420659,343.827533,352.138591,hspHAEAsiaN
CB24,23.967032,14.388325,146.853331,96.50303,42.671976,248.954062,52.780699,263.182031,918.414883,690.361079,313.917579,333.046679,hspHAEAsiaN
CB25,31.468543,14.374014,162.328182,103.604605,39.955911,324.3383,49.037597,307.817546,823.715182,676.697761,367.034585,380.973414,hspHAEAsiaN
CB27,42.101987,21.026298,503.698019,213.321692,62.18247,296.478318,63.813756,425.658038,707.099443,658.579872,297.232752,313.888936,hspHAEAsiaN
CB28,24.262847,17.709254,196.307884,130.106898,43.241888,339.889544,53.399926,413.692521,796.332912,676.988417,336.090597,367.699125,hspHAEAsiaN
CB29,29.947054,16.569948,186.604362,116.915363,35.01038,309.119067,60.251485,327.076237,802.419273,634.789511,363.74058,373.900825,hspHAEAsiaN
CB3,32.161335,22.588004,209.25132,120.72999,50.37837,300.30583,54.701999,341.767023,847.298231,691.358316,351.097447,339.377793,hspHAEAsiaN
CB22,28.423077,13.18055,147.010423,88.922046,40.158039,261.303355,55.055273,258.706113,888.627544,765.486274,279.294066,329.676403,hspHAEAsiaN
CB30,31.820356,15.282544,158.969772,130.547951,42.693319,317.059536,46.776374,343.16599,813.204048,632.166166,386.703053,385.515039,hspHAEAsiaN
CB33,35.228863,15.838585,192.648591,138.635778,35.240504,342.559662,54.303141,400.975591,782.616236,655.830682,352.135145,383.059545,hspHAEAsiaN
CB34,26.131506,16.270702,140.978839,116.801168,46.948765,286.596455,49.884435,325.424481,870.157891,717.437008,323.783731,353.632559,hspHAEAsiaN
CB36,33.409344,18.883211,151.840407,91.548442,41.388972,266.342201,49.356075,258.659559,914.344298,732.770047,313.936431,319.43861,hspHAEAsiaN
CB37,24.42052,16.107386,145.208067,93.908735,34.23328,245.62792,45.836451,262.840165,852.419611,806.787162,308.049878,303.096689,hspHAEAsiaN
CB38,25.092786,13.85969,166.503333,89.595866,37.678221,255.22748,41.982096,249.920632,832.149748,789.859948,341.273298,333.233509,hspHAEAsiaN
CB39,29.398931,12.810166,159.147624,86.452305,35.40915,256.373223,47.337644,232.092796,883.636758,792.994374,301.893065,280.604411,hspHAEAsiaN
CB41,52.691888,20.539248,613.952954,250.505369,76.524547,292.461384,81.173155,438.450414,761.841968,575.657988,280.233282,299.510404,hspHAEAsiaN
CB32,26.007686,14.331287,130.281947,94.365051,30.859873,246.716215,46.267104,240.676581,917.445344,703.041348,298.044455,304.263111,hspHAEAsiaN
CB42,24.822299,17.03103,125.925776,81.733709,28.46545,251.147303,41.160351,232.467738,862.211357,810.073927,286.218008,292.81511,hspHAEAsiaN
CB21,30.892381,18.242262,175.207616,113.063116,43.998877,314.05955,55.460498,346.931001,857.988331,713.550787,361.138856,354.674202,hspHAEAsiaN
CB2,32.405186,16.689366,164.944567,99.84056,46.176656,341.580093,50.292851,320.250915,797.426925,723.532984,366.735032,363.755386,hspHAEAsiaN
HEL_CA3556AA_AS,26.536815,16.601361,191.170236,161.970066,29.795775,238.984029,51.991997,246.520386,834.382955,811.410703,279.495723,292.739602,hspHAEAsiaN
HEL_CA3542AA_AS,22.420559,17.310924,153.368926,89.138024,34.895547,249.287924,54.606838,281.088973,821.884655,825.054727,300.393591,315.763167,hspHAEAsiaN
HEL_CA3527AA_AS,24.357476,16.362397,117.431336,89.664282,36.775069,244.223243,44.496921,227.94635,866.181292,840.317466,337.970788,343.453778,hspHAEAsiaN
HEL_CA3521AA_AS,23.549138,17.731837,140.926112,88.45407,36.526733,234.600294,55.645499,272.555474,830.32394,809.592218,314.823923,328.32,hspHAEAsiaN
HEL_CA3520AA_AS,24.395484,16.997652,169.383016,102.078615,40.886692,258.344086,54.615323,260.657521,803.856344,795.327381,325.095379,335.2819,hspHAEAsiaN
HEL_CA3502AA_AS,28.244858,16.883312,131.171673,153.930089,31.074014,239.213013,54.959373,247.262779,823.22227,803.884862,299.058705,312.608125,hspHAEAsiaN
HEL_CA4143AA_AS,26.12911,17.14436,169.005446,108.929318,37.408438,232.984493,50.11364,291.084495,807.33219,807.613756,327.115443,331.349562,hspHAEAsiaN
CB20,29.53623,17.39826,192.749759,122.172386,48.150586,328.802482,58.017829,389.824476,772.017835,619.33792,395.992566,385.200926,hspHAEAsiaN
T234,23.87424,12.271875,154.523746,96.745014,36.116366,248.896449,39.941283,282.079564,851.420238,819.324541,304.743448,320.889938,hspHAEAsiaN
CB10,36.793501,18.856838,256.63617,147.871913,54.590158,381.859915,53.192956,478.954552,785.398494,634.339273,326.665692,334.177731,hspHAEAsiaN
CB12,35.264698,16.007813,178.552351,134.056634,44.119769,333.103586,56.562669,341.305559,792.04862,695.195651,361.967858,417.609469,hspHAEAsiaN
CB13,30.784568,13.263115,149.487421,116.687027,47.551889,262.103403,48.155842,272.626818,869.728312,742.485574,315.115426,307.337383,hspHAEAsiaN
CB15,29.297764,16.570584,201.484381,133.037984,47.400468,310.630475,54.982275,356.60112,840.63135,688.643178,336.078331,331.151437,hspHAEAsiaN
CB16,22.68516,12.618345,136.045349,88.315505,39.101343,215.287137,54.041213,242.051203,930.861666,734.531431,310.865759,334.680288,hspHAEAsiaN
CB18,29.769103,16.578147,165.939919,124.376582,46.460929,296.410102,55.911375,330.094032,834.624968,727.749494,334.802557,358.475148,hspHAEAsiaN
CB19,24.848516,14.35523,140.013917,96.493615,36.76659,240.669115,49.570166,274.582479,863.745549,773.050645,321.371446,320.751399,hspHAEAsiaN
T320,31.019794,16.164733,132.567577,96.452288,47.549635,245.509722,48.094636,220.133794,836.92757,795.045956,309.182354,334.140585,hspHAEAsiaN
CB86,26.511804,14.658076,152.249775,107.197235,35.481378,311.083876,54.860837,298.252984,780.514088,683.720431,403.830971,369.54236,hspHAEAsiaN
CB44,25.660608,12.435404,140.309327,90.072248,34.808679,252.776795,48.480852,256.743231,927.79673,715.639349,303.776257,306.411678,hspHAEAsiaN
CB46,32.805551,16.791332,134.504742,94.313368,40.304641,252.922113,41.661055,239.8112,843.991136,767.309214,295.606398,308.197631,hspHAEAsiaN
CB67,26.387771,13.147605,152.829471,95.837412,37.172121,230.47435,46.934051,241.190685,844.301354,789.175411,327.564626,331.45694,hspHAEAsiaN
CB68,37.822308,12.35437,154.662305,99.674932,39.757615,294.715785,48.015379,324.582526,807.648248,716.768725,362.936578,367.656306,hspHAEAsiaN
CB69,23.325679,18.722943,129.666909,100.940059,35.953814,271.867945,44.849485,260.514928,862.084323,729.12387,304.041872,306.425464,hspHAEAsiaN
CB7,44.459143,18.853334,181.162057,165.14489,120.097483,254.335795,47.105406,279.146715,817.458072,726.055752,313.202025,294.490843,hspHAEAsiaN
CB72,33.840115,16.903628,173.336385,119.036375,49.389828,342.602137,60.098034,376.732826,828.206913,634.570021,357.467569,371.509759,hspHAEAsiaN
CB74,26.678382,10.659416,145.143193,115.74015,40.244255,254.394649,49.744781,241.136275,832.142146,820.795097,339.43767,314.076027,hspHAEAsiaN
CB75,24.565416,13.487569,160.587095,111.433531,44.660934,253.589401,51.287952,290.8991,873.415927,764.156697,301.489442,297.825974,hspHAEAsiaN
CB66,26.523084,14.610121,150.444634,95.770288,36.135305,247.657706,38.189709,241.096893,931.142486,759.731911,319.008152,274.55901,hspHAEAsiaN
CB76,33.07155,19.372296,210.308486,132.561802,45.543329,324.567118,63.83447,390.253149,774.873092,632.950993,400.632457,379.02401,hspHAEAsiaN
CB79,31.35338,14.327083,201.779524,118.174852,43.996095,284.877102,48.174823,332.686306,855.680482,703.93287,324.279542,387.238659,hspHAEAsiaN
CB8,34.4922,14.64028,124.769772,84.806198,38.967531,243.873969,45.363834,248.601773,883.055648,779.371823,279.638484,303.921157,hspHAEAsiaN
CB80,22.877252,15.452258,124.70122,85.738864,28.947586,236.328665,39.550856,239.555216,866.064311,748.620496,299.004539,303.01328,hspHAEAsiaN
CB81,26.967128,12.696881,152.346154,100.297194,44.726045,261.681775,44.645243,269.912845,873.452923,783.627021,329.049343,297.411103,hspHAEAsiaN
CB82,46.674064,19.074713,222.646464,184.813156,67.217845,430.285575,58.525709,547.76125,682.976632,567.106479,350.195517,341.486431,hspHAEAsiaN
CB83,36.866335,16.877503,191.086312,161.999509,55.310533,321.71968,50.322433,344.498956,785.789485,707.421866,366.682898,389.347745,hspHAEAsiaN
CB84,25.912194,14.832546,188.64098,105.612778,34.429348,276.340669,54.446888,311.245236,802.439094,680.921572,375.727886,381.664016,hspHAEAsiaN
CB77,36.749337,12.887628,185.069481,116.767937,41.810779,309.79056,51.346828,304.60889,827.077284,675.815501,368.078082,373.022136,hspHAEAsiaN
CB45,32.159033,16.902769,173.43814,122.257515,43.297119,309.220199,65.69153,329.09353,783.038132,684.714053,375.950191,389.492116,hspHAEAsiaN
CB64,29.531007,15.423356,158.742526,107.930291,40.821034,271.381946,49.101158,239.257228,871.611398,825.497483,316.610965,313.642016,hspHAEAsiaN
CB62,30.986592,16.179954,194.627048,129.632515,48.975446,325.109786,60.497648,411.316947,789.483682,663.22673,361.149036,353.681246,hspHAEAsiaN
CB47,24.82118,14.895822,146.470436,96.890602,41.072388,251.445888,54.190188,247.956675,871.456103,811.578921,284.616091,307.580229,hspHAEAsiaN
CB48,29.03879,11.43716,140.479733,85.723541,36.493351,222.20535,49.888311,228.775482,946.076041,779.288467,312.184045,300.822813,hspHAEAsiaN
CB49,24.969886,12.1336,155.654268,101.240983,37.148758,235.898019,44.328885,266.669342,907.115623,760.426536,303.314405,332.360684,hspHAEAsiaN
CB5,23.0613,17.296159,132.667364,92.024344,33.207829,232.296901,42.940836,247.969197,864.888763,737.515259,325.292617,309.427121,hspHAEAsiaN
CB50,32.173148,16.762376,232.761069,127.415352,42.998601,275.445337,56.984949,285.681743,850.644285,725.449302,303.711844,339.112293,hspHAEAsiaN
CB51,26.537992,16.351,149.555139,88.33929,37.668893,258.49113,54.599003,245.451898,838.870317,769.840958,326.527822,323.518062,hspHAEAsiaN
CB52,32.466003,15.188076,190.825068,115.108593,43.33698,351.869119,51.610241,357.678199,762.004287,678.562985,333.536198,396.739348,hspHAEAsiaN
CB63,30.491102,16.792846,150.897398,108.033266,42.156834,269.744124,50.461295,285.369636,847.02323,770.2672,301.861177,333.822288,hspHAEAsiaN
CB53,41.495014,18.092311,233.957497,164.375347,57.018236,343.487841,55.513055,443.11018,773.712971,656.592569,345.060798,348.390122,hspHAEAsiaN
CB55,41.404356,17.077786,192.863779,145.370932,51.837321,320.894349,65.487199,416.978701,743.064196,689.963364,402.960527,385.073859,hspHAEAsiaN
CB58,32.432641,16.878515,173.637672,126.344694,43.264241,308.361598,65.963727,326.713406,777.465409,682.323674,374.219115,386.286199,hspHAEAsiaN
CB59,31.995742,16.570162,149.781791,97.961817,42.769759,248.823139,48.393346,283.693424,878.679014,742.807756,304.113015,331.996855,hspHAEAsiaN
HEL_CA4158AA_AS,24.572787,15.340446,152.410005,103.518864,35.004359,240.613586,54.083488,278.226827,849.236106,808.110483,314.136775,321.724715,hspHAEAsiaN
CB6,28.55662,14.763689,156.539119,87.203474,45.806978,284.917811,49.758113,275.543761,855.234842,791.745706,340.349298,312.469353,hspHAEAsiaN
CB60,39.447668,14.818135,219.908827,160.037678,62.902513,342.318419,54.918459,426.669382,789.864134,656.126107,330.661663,338.689619,hspHAEAsiaN
CB61,29.055425,12.537733,147.197282,92.239337,34.214869,240.51732,43.103965,246.135569,873.903706,738.800754,343.697273,334.205049,hspHAEAsiaN
CB54,27.810556,14.838719,174.21446,122.005214,42.265201,312.918118,52.117312,311.233355,795.025293,708.68034,358.235341,343.246736,hspHAEAsiaN
HEL_CA4214AA_AS,27.091057,16.51165,142.149955,121.959133,33.501057,230.541538,55.176814,246.17283,904.684201,745.213278,306.895006,336.577048,hspHAEAsiaN
HEL_CA3554AA_AS,23.650028,16.11198,174.423453,110.170553,45.704295,265.904297,40.464139,235.973618,844.448758,805.527453,307.863073,318.597433,hspHAEAsiaN
HEL_CA4367AA_AS,28.23843,14.54691,175.165832,105.548331,41.959767,244.652817,50.973233,253.909152,872.263916,823.164469,300.358799,303.626336,hspHAEAsiaN
T247,34.513396,12.406012,169.878863,98.670782,52.006083,285.848859,48.964207,250.672061,867.455909,759.244019,312.036963,351.495837,hspHAEAsiaN
T239,30.101423,16.400323,152.246281,90.424969,35.290476,275.965378,47.143512,266.449042,869.399425,771.812204,311.086556,326.18487,hspHAEAsiaN
T238,26.591602,11.993007,167.995388,100.799303,35.1754,259.086957,51.916683,296.93019,877.507014,729.438667,292.374222,366.533432,hspHAEAsiaN
T236,26.429846,15.945461,150.198952,89.898506,36.882786,259.668033,45.640939,249.003849,933.657428,663.465345,288.563623,288.697196,hspHAEAsiaN
T229,28.230018,19.116535,147.540198,115.136257,37.155163,257.606942,45.109454,272.304024,912.630792,702.330003,324.654458,343.58784,hspHAEAsiaN
T228,26.261139,12.686323,151.552308,97.110496,29.779275,241.533817,44.590177,231.287394,890.460621,830.684853,280.165642,283.478475,hspHAEAsiaN
T226,31.019967,13.217482,164.276607,115.601373,47.176195,282.62386,51.761419,292.760937,846.941531,754.472916,327.107227,311.335129,hspHAEAsiaN
T223,27.995976,11.932494,140.616467,96.118071,37.348178,244.525126,55.22854,265.775846,946.764263,742.192741,287.455259,315.546794,hspHAEAsiaN
T220,35.350573,16.265713,247.576299,159.849103,57.171715,322.743876,54.769036,402.049497,784.230761,612.487351,344.865556,340.406523,hspHAEAsiaN
T217,29.635659,17.456174,171.737648,99.445707,39.537821,245.665995,47.455351,281.776967,871.520997,746.876519,348.50324,312.345196,hspHAEAsiaN
T250,25.268416,19.21205,139.220586,98.661696,35.627483,252.091133,49.302117,268.027596,925.766175,746.587785,304.814722,312.876892,hspHAEAsiaN
CB11,30.447996,15.398144,154.056314,87.61085,47.02865,246.126843,46.849064,235.45078,857.326345,820.787194,298.815938,297.57363,hspHAEAsiaN
T213,25.035395,15.787699,137.411352,97.88305,36.307305,230.588431,43.692288,228.823344,900.396531,769.49857,320.859081,301.081896,hspHAEAsiaN
T212,23.593022,18.09137,170.567965,99.618686,37.16164,239.775082,46.813749,273.032145,848.364395,752.961778,368.865468,320.357876,hspHAEAsiaN
T211,30.690224,15.224252,178.062864,126.369956,44.317505,275.40235,48.607233,311.332414,858.134393,763.611899,320.51816,306.244078,hspHAEAsiaN
T210,23.05061,17.065561,184.323248,115.511642,42.888022,272.498336,47.26473,273.734378,838.005655,734.461503,317.76507,341.024933,hspHAEAsiaN
T202,30.404072,13.562842,168.401042,115.153136,39.658022,293.125958,50.483435,295.78246,863.23617,715.787978,329.484141,332.414064,hspHAEAsiaN
T201,23.959825,11.491676,155.341191,97.868368,28.57957,244.31421,48.486218,256.080657,854.965284,763.10992,334.743529,305.341307,hspHAEAsiaN
T194,38.908998,14.435614,173.087456,124.653689,50.84042,340.760438,57.954909,393.594517,814.496794,662.37483,339.88231,343.880985,hspHAEAsiaN
T192,30.155499,16.831727,171.779748,117.20689,44.625255,254.179493,52.250402,287.323162,894.753161,748.233114,316.468552,320.110212,hspHAEAsiaN
T191,31.297431,18.903853,152.672904,112.964983,43.65171,325.361832,50.869783,313.317995,869.669944,705.040968,327.47951,323.889228,hspHAEAsiaN
T190,25.118747,15.72952,145.695453,91.417653,42.846619,230.730504,46.006582,243.143387,862.189988,800.483146,318.477699,347.765911,hspHAEAsiaN
T216,28.475147,12.045873,184.322661,122.204963,42.340801,277.1042,50.079693,256.932707,908.232461,762.284162,329.681618,355.746626,hspHAEAsiaN
T256,24.593106,18.793535,137.532571,96.319131,33.78396,251.952769,48.792831,261.82552,926.459558,745.928053,302.896437,305.620238,hspHAEAsiaN
T257,28.408945,18.298503,152.356603,92.537866,43.535963,273.263677,45.923684,285.462737,860.081409,806.845588,293.14722,325.338112,hspHAEAsiaN
T258,25.61182,18.367838,147.399162,100.707194,40.399795,207.405363,49.918047,244.29338,963.126071,683.910383,279.163697,317.183807,hspHAEAsiaN
HEL_CA4222AA_AS,31.552371,22.467732,172.253066,219.711288,47.585209,298.746792,64.321219,315.680319,755.61072,685.935067,344.772349,344.365855,hspHAEAsiaN
T165,52.485278,23.19334,364.116961,287.80585,102.252315,388.703939,65.966155,644.068501,691.49474,537.319992,317.105947,304.736779,hspHAEAsiaN
T319,36.179569,15.045712,195.412782,124.409413,48.000761,337.428435,48.993179,359.571403,804.186352,681.4351,338.411439,344.051289,hspHAEAsiaN
T311,40.876081,21.703178,236.665465,185.743784,56.119277,327.277142,61.462538,460.559642,809.695463,675.855428,320.023901,316.544417,hspHAEAsiaN
T303,30.257956,13.154073,139.780082,102.071803,35.717541,238.621815,52.131574,231.604408,951.806757,774.245223,318.328854,341.538487,hspHAEAsiaN
T302,29.881418,16.100799,143.690714,109.266985,39.442368,240.662009,57.630463,275.605456,872.098223,770.209332,339.444191,338.912506,hspHAEAsiaN
T300,30.022991,12.8504,155.551684,87.968103,36.940241,257.353715,44.2701,258.029337,968.8498,740.724947,309.406405,333.608744,hspHAEAsiaN
T298,43.46756,21.297126,278.82123,178.40666,67.344894,349.034744,71.008179,497.645398,722.262584,607.881279,362.415693,332.701623,hspHAEAsiaN
T294,30.955609,13.424943,148.46998,98.246363,43.180816,271.087523,50.414053,253.13994,889.066757,771.646292,308.614025,326.270575,hspHAEAsiaN
T293,32.817116,17.260337,166.310566,98.564083,40.674023,287.326898,48.607756,311.736151,889.659905,733.552657,343.475972,344.883973,hspHAEAsiaN
T290,30.334434,15.762654,149.627807,105.0858,36.976741,273.148383,56.752062,284.673809,886.50368,726.795126,370.97782,316.224006,hspHAEAsiaN
T281,26.145777,16.991346,157.144711,105.683115,41.60357,308.598202,62.884644,316.256532,782.264353,652.814255,390.045568,372.614007,hspHAEAsiaN
T279,26.91926,14.140659,148.553641,95.545616,34.46869,262.091083,41.528256,248.519505,846.245343,834.396644,297.077517,326.64063,hspHAEAsiaN
CB4,29.880813,11.391869,143.452487,79.079409,36.052743,244.54159,40.106179,220.780031,819.306945,808.110473,319.121649,329.654218,hspHAEAsiaN
T277,26.221128,15.262904,125.820289,103.077573,33.569975,253.217292,47.092004,240.067034,880.959053,755.626463,309.086209,322.576015,hspHAEAsiaN
T271,27.026546,17.184878,189.951976,122.474885,45.403646,333.520141,66.796687,386.532551,786.30085,667.05973,375.620783,378.297963,hspHAEAsiaN
T268,30.579058,18.25995,199.609304,124.710226,44.003259,302.11573,64.198831,337.906789,840.092923,629.813508,322.229822,366.576225,hspHAEAsiaN
T267,35.300758,17.450059,205.325255,124.539645,50.761618,269.400038,46.740737,287.73893,869.963131,777.782019,306.922416,299.247222,hspHAEAsiaN
T266,29.091168,13.921263,132.711258,102.103809,40.54231,241.634483,53.822321,249.810851,935.076244,739.135251,351.571247,333.863252,hspHAEAsiaN
T264,33.445702,17.6532,173.016688,128.146857,48.621786,321.432449,55.834101,381.342798,871.115951,697.860099,320.072581,299.353934,hspHAEAsiaN
T262,34.225243,17.464692,144.670075,95.221843,48.969714,230.115856,52.561698,248.045015,848.829635,774.444406,316.542449,330.538674,hspHAEAsiaN
T261,29.606551,14.798618,138.349727,94.925187,41.112832,281.056324,56.419245,265.980237,884.218398,723.050983,305.050365,331.40297,hspHAEAsiaN
T260,29.574897,14.244719,143.542671,84.631921,34.682055,250.717095,48.731379,253.20324,959.22648,692.212217,305.149283,338.902089,hspHAEAsiaN
T181,28.21623,15.635781,152.134268,97.69498,34.745949,254.483372,51.124215,253.338895,926.662101,734.707219,296.49905,334.792068,hspHAEAsiaN
T175,36.426362,15.080524,150.269779,83.125438,38.797409,249.769523,42.836603,244.323475,918.406345,733.891689,328.250873,290.363845,hspHAEAsiaN
T242a,31.811503,13.031261,148.212565,95.646595,41.324496,240.028799,41.77863,247.484096,911.703157,756.830065,312.545811,317.589547,hspHAEAsiaN
T174,27.588495,14.131969,157.690091,118.059195,31.412648,261.042131,47.724688,265.194191,842.158365,803.886763,281.041857,316.741672,hspHAEAsiaN
T125,20.874191,11.897622,154.35736,102.353173,37.455481,267.512144,40.570724,233.400919,895.821605,770.254245,310.116401,320.182819,hspHAEAsiaN
T123,30.269268,15.581615,168.126377,107.628272,34.69848,297.8952,60.007714,334.862135,825.305066,714.249729,347.250969,367.102379,hspHAEAsiaN
T122,24.515953,16.780118,147.132208,99.880898,41.027675,256.503016,54.336643,274.699596,874.623991,740.552721,338.946861,340.796931,hspHAEAsiaN
T111,28.975012,16.357984,165.388092,132.374004,47.140509,338.625578,46.863089,393.21765,878.421482,697.586257,359.01033,358.682313,hspHAEAsiaN
T109,28.968113,19.540098,171.997712,126.739428,47.383625,329.668295,55.123659,366.271458,815.605352,709.267917,359.755258,359.05137,hspHAEAsiaN
T108,37.430634,21.340633,209.959893,129.326316,50.742375,303.926466,50.167781,402.285878,831.182147,664.616778,331.183272,305.725438,hspHAEAsiaN
T107,27.161958,13.41065,155.414477,91.793235,42.120637,283.314108,44.853851,269.617894,886.464968,705.098946,328.31247,327.112995,hspHAEAsiaN
T103,29.297612,16.856,164.956381,103.17528,47.249693,268.251803,45.613399,301.616188,922.878982,726.129023,317.970098,315.878735,hspHAEAsiaN
T102,31.224689,14.656397,140.615368,105.927498,46.558312,242.616488,55.326868,268.150817,895.650299,775.417632,301.048367,316.172693,hspHAEAsiaN
T100,26.216961,17.339544,194.050811,124.71529,48.423691,390.176458,54.411956,356.612757,804.951031,663.235283,338.774763,334.002746,hspHAEAsiaN
T088,29.506205,13.008292,160.763947,89.53773,43.133817,263.784594,43.94567,260.049797,912.044789,735.681077,313.671772,339.315153,hspHAEAsiaN
T085,22.725462,15.618248,122.269048,87.025997,34.775827,253.302042,54.260092,230.066914,923.334893,788.0592,288.900016,312.277897,hspHAEAsiaN
T076,36.385092,18.241319,134.397084,83.554842,36.733905,249.472674,39.542568,242.866804,862.010897,770.860161,323.342379,292.66205,hspHAEAsiaN
T127,28.551168,12.529585,166.842425,119.285516,38.872497,277.337851,56.051792,296.522023,863.065381,725.089338,327.879174,357.86144,hspHAEAsiaN
T073,28.709093,11.44653,157.251745,97.893678,42.147618,284.168122,50.157297,262.367099,852.920846,725.687115,343.358962,333.719194,hspHAEAsiaN
T031,31.150878,14.194614,165.689265,100.721374,41.04824,254.84554,48.256176,281.292658,961.990185,636.558572,279.298725,306.436268,hspHAEAsiaN
T029,22.562095,14.38955,148.677972,92.39159,34.380528,246.220217,43.05649,266.496252,865.820806,799.484524,271.501079,313.808555,hspHAEAsiaN
T026,28.025019,13.222713,156.067242,112.704222,35.771219,275.884645,48.727426,288.568801,826.630627,714.092774,321.658293,363.472917,hspHAEAsiaN
T022,36.197887,21.370828,216.412378,132.598115,50.826731,299.767248,60.831838,348.276943,886.303424,682.58543,375.56113,347.408965,hspHAEAsiaN
T020,43.247779,20.468114,233.541878,172.090577,55.546094,366.185235,52.429136,482.087085,791.824648,638.382967,340.02062,356.693429,hspHAEAsiaN
T019,26.683081,13.177487,159.292331,106.095789,36.439591,258.702777,48.007864,257.739413,853.366821,809.526155,317.378648,334.510302,hspHAEAsiaN
T012,34.04222,20.856128,146.877857,93.784496,31.593548,271.958739,42.958105,254.136537,887.31415,773.424084,310.987496,312.620899,hspHAEAsiaN
HEL_CA6854AA_AS,25.173833,12.281462,212.522647,93.551459,30.809228,224.649195,53.540777,253.192243,859.795889,790.031261,294.921302,301.462565,hspHAEAsiaN
HEL_CA6762AA_AS,34.132422,15.653936,200.026647,131.57394,55.866153,295.170878,63.956834,344.933041,776.021547,656.986104,405.276336,377.135487,hspHAEAsiaN
HEL_CA6144AA_AS,28.78289,14.622629,187.020451,110.199522,48.753159,288.40489,48.900767,273.509504,843.191026,803.244329,309.755395,306.118312,hspHAEAsiaN
HEL_CA4441AA_AS,24.070452,16.527513,140.03667,95.832679,39.090056,243.902814,47.136777,230.428991,859.323823,786.176998,321.053672,319.062187,hspHAEAsiaN
HEL_CA4425AA_AS,32.828498,15.600869,147.842853,78.342997,37.601419,252.339307,43.890743,225.109336,864.544145,762.577369,321.818681,333.830772,hspHAEAsiaN
HEL_CA4424AA_AS,35.412606,14.349071,181.954664,109.730955,45.488023,230.443326,45.956835,240.494195,858.094685,789.230142,311.338769,331.092898,hspHAEAsiaN
T063,25.014883,15.161331,137.684926,95.655593,40.943966,261.351874,42.952417,248.298586,845.558517,782.569983,293.343338,339.873559,hspHAEAsiaN
T130,27.545411,16.945976,164.257989,107.550865,43.382252,259.097376,43.252615,232.160929,824.210446,771.88652,303.377066,321.146517,hspHAEAsiaN
HEL_CA4444AA_AS,27.752569,13.520651,143.691592,77.166899,35.06623,261.038081,40.281124,267.956762,872.687292,807.215163,283.266303,320.543831,hspHAEAsiaN
T134,27.592174,16.868843,136.963784,98.175255,34.798483,257.820303,39.299945,241.800803,951.477309,766.271038,303.946522,309.738905,hspHAEAsiaN
HEL_CA3358AA_AS,31.887387,23.192423,174.111518,117.510512,56.799908,236.39126,54.030583,299.68291,850.574983,832.080717,318.985818,327.473291,hspHAEAsiaN
T170,26.784326,12.512232,147.546853,82.423838,34.136965,232.866991,44.599205,232.675093,893.092855,804.9831,281.48906,318.267775,hspHAEAsiaN
T168,27.325607,14.787347,127.404266,87.711107,34.352636,257.586918,47.372916,234.346203,856.833492,759.308616,316.247551,311.488138,hspHAEAsiaN
T166,31.534015,14.714861,135.560016,92.675303,33.850335,252.605717,39.901292,244.308518,858.026885,772.696415,288.183092,306.703746,hspHAEAsiaN
T159,26.800269,18.404541,160.546044,93.558168,35.069508,214.217705,46.535047,241.981629,922.363426,790.930381,285.462693,333.778407,hspHAEAsiaN
T158,28.746594,21.967276,150.373494,101.767819,37.110226,218.659545,43.243084,258.745818,900.10527,761.886631,290.61565,310.183863,hspHAEAsiaN
T157,42.883321,15.092162,209.344334,136.713974,51.79242,365.355056,63.515548,382.975706,783.466589,671.446375,368.905428,397.502418,hspHAEAsiaN
T151,27.248342,17.185926,172.385473,104.505243,39.745554,251.045552,46.865388,265.152761,907.486914,731.168637,312.906968,303.698079,hspHAEAsiaN
T146,24.880673,12.979167,138.793961,92.652487,33.143438,273.452169,46.54323,297.676604,866.305163,707.106496,330.957063,323.901186,hspHAEAsiaN
T163,32.999382,14.824595,139.347986,107.421661,54.119541,232.035026,45.229599,242.534783,866.108297,808.616347,304.956289,311.778461,hspHAEAsiaN
T138,32.605839,19.300003,124.419909,111.308335,42.449803,227.046455,51.192974,299.902132,852.607403,801.747144,290.165322,329.390731,hspHAEAsiaN
HEL_CA3444AA_AS,24.732663,11.299742,135.191303,82.671759,30.436657,194.587361,32.915214,177.361141,725.953724,961.560942,279.876187,254.384061,hspHAEAsiaS
HEL_CA3447AA_AS,35.310921,23.025726,156.453332,116.527349,44.455491,222.70703,49.58009,238.196733,718.691199,955.90183,265.607302,253.638077,hspHAEAsiaS
HEL_CA3449AA_AS,29.225466,14.691725,170.970879,91.912393,38.018261,272.115309,52.622691,274.593477,827.848214,851.492885,314.82807,295.191285,hspHAEAsiaS
HEL_CA3450AA_AS,34.729789,24.015273,134.797049,202.192008,47.046376,222.525523,58.760216,208.165168,796.69732,820.981799,278.408819,288.242754,hspHAEAsiaS
HEL_CA3451AA_AS,34.174895,16.35276,184.664859,123.587029,48.545169,253.89337,44.077736,246.299968,819.308906,817.994812,292.160926,321.889133,hspHAEAsiaS
HEL_CA3452AA_AS,31.449734,13.608847,138.459745,91.886865,32.393094,229.616706,51.653575,231.554963,799.931792,902.95103,307.416601,301.248406,hspHAEAsiaS
HEL_CA3453AA_AS,23.389184,13.808977,152.921595,89.51266,43.739265,197.35952,30.049196,185.654934,645.701643,1024.169256,230.237132,234.492536,hspHAEAsiaS
HEL_CA3414AA_AS,30.608,17.122802,170.098382,114.802092,49.450071,222.223174,53.017861,234.700274,824.273473,826.4185,306.187686,288.364198,hspHAEAsiaS
HEL_CA3417AA_AS,24.347063,10.171649,139.71955,91.105899,37.961081,213.279196,37.95588,232.651703,779.338439,889.712327,310.229568,291.719126,hspHAEAsiaS
HEL_CA3425AA_AS,25.002933,13.93914,157.516681,82.699455,40.242945,247.770762,47.329049,255.243867,779.824687,895.424491,300.20348,325.05021,hspHAEAsiaS
HEL_CA3458AA_AS,28.059122,12.298585,150.73965,83.043765,41.940952,212.740803,38.860702,199.076163,719.345874,1018.092793,245.978142,274.449217,hspHAEAsiaS
HEL_CA3459AA_AS,31.516465,16.359227,174.660528,121.978962,50.060772,213.719833,52.168728,228.746257,778.520063,873.776361,319.1288,272.667446,hspHAEAsiaS
HEL_CA3462AA_AS,26.483015,20.50693,142.599034,170.497628,41.581429,214.005204,52.711423,197.291235,774.86832,880.149789,323.037397,285.791212,hspHAEAsiaS
HEL_CA3463AA_AS,36.0315,15.213329,151.489516,89.439031,38.001173,229.801555,49.911399,236.389482,866.440559,855.163729,301.666615,336.239885,hspHAEAsiaS
HEL_CA3413AA_AS,26.832786,13.503729,134.026929,82.729821,40.366895,199.152515,40.785316,216.913876,678.299418,927.963077,286.878729,275.600191,hspHAEAsiaS
HEL_CA3464AA_AS,20.328137,17.819727,136.294604,152.79274,43.010889,206.073955,46.014106,205.591417,699.516922,913.945866,296.656276,270.557048,hspHAEAsiaS
HEL_CA3467AA_AS,30.561068,14.56103,158.110808,94.235359,43.205384,223.658252,41.920889,237.517251,801.356027,881.271113,307.95263,275.131495,hspHAEAsiaS
HEL_CA3471AA_AS,24.539858,13.053819,143.641558,93.855466,39.528021,196.088375,38.560741,247.027357,751.454896,905.933059,274.336125,262.809074,hspHAEAsiaS
HEL_CA3457AA_AS,19.363417,10.89223,151.68846,93.554486,30.863205,196.64801,30.674356,213.596572,693.820729,962.972167,269.577317,248.913769,hspHAEAsiaS
HEL_CA3454AA_AS,31.265741,11.303036,161.590151,90.129773,39.318379,241.048103,38.042287,253.018765,825.848542,887.163058,294.182201,281.307744,hspHAEAsiaS
HEL_CA3443AA_AS,29.489698,13.541562,187.26804,123.053063,35.19658,250.79935,47.276128,217.072534,779.648715,822.524015,302.551626,304.197461,hspHAEAsiaS
HEL_CA3441AA_AS,32.545227,13.669807,219.258148,102.951638,38.250104,216.188274,40.676999,223.01821,703.034643,993.49827,272.954261,280.374222,hspHAEAsiaS
HEL_CA3426AA_AS,24.869086,11.239279,138.187254,108.82887,43.855037,215.959883,39.234636,226.382453,682.026883,948.1377,267.984678,266.637049,hspHAEAsiaS
HEL_CA3427AA_AS,12.93126,10.12952,97.663238,42.868435,26.119654,77.906374,25.583501,86.558462,281.743454,1026.420141,101.991123,97.750399,hspHAEAsiaS
HEL_CA3429AA_AS,18.812909,9.382056,85.470413,51.595656,23.241552,145.118056,29.963356,124.465992,423.73116,1003.684697,178.711297,171.55604,hspHAEAsiaS
HEL_CA3430AA_AS,32.997494,18.629099,183.1291,239.985972,49.096393,202.816915,67.697584,210.894096,704.874481,785.565056,292.851782,294.946333,hspHAEAsiaS
HEL_CA3424AA_AS,24.914791,12.50261,165.65084,108.437423,36.375839,256.138572,47.484564,245.510646,810.14804,820.051387,301.532403,297.998372,hspHAEAsiaS
HEL_CA3423AA_AS,25.431287,12.510622,140.755449,79.73533,47.459772,187.407111,39.039697,178.267962,645.838523,1015.631815,228.968698,233.552836,hspHAEAsiaS
HEL_CA3432AA_AS,31.379888,17.608672,168.554734,147.632355,42.274927,249.280091,54.772809,254.078521,766.488922,827.791548,317.159517,291.057149,hspHAEAsiaS
HEL_CA3422AA_AS,21.193209,10.646233,161.433162,80.110647,44.694832,192.812315,27.945855,180.467566,642.371771,1007.600541,232.458886,223.531231,hspHAEAsiaS
HEL_CA3275AA_AS,24.909581,15.457027,154.761984,86.802877,40.889573,238.019285,45.637565,209.208774,779.643438,922.016888,306.851381,329.059158,hspHAEAsiaS
HEL_CA3433AA_AS,35.161132,17.496558,180.182041,102.074896,34.595075,213.314534,51.232984,204.612275,698.218083,1009.016386,297.465173,284.272592,hspHAEAsiaS
HEL_CA3434AA_AS,22.542875,9.191452,138.145819,100.924345,36.855051,215.383321,47.720387,204.017283,735.119534,870.067383,288.834579,300.738183,hspHAEAsiaS
HEL_CA3420AA_AS,27.875569,14.680529,143.43477,102.588367,43.38271,204.775031,45.54794,204.517273,679.608555,935.069227,303.250509,268.811984,hspHAEAsiaS
HEL_CA3435AA_AS,26.84308,13.854572,164.269475,99.048656,40.835414,207.443469,42.274647,219.445264,719.234758,973.651401,252.468422,267.749537,hspHAEAsiaS
HEL_CA3438AA_AS,31.002302,12.949883,130.993081,105.550048,39.984904,218.116428,49.400264,229.112883,767.401876,899.010643,299.925445,277.469607,hspHAEAsiaS
HEL_CA3473AA_AS,26.060801,12.40912,165.236725,82.233713,43.227808,206.224963,42.393897,218.189929,699.385169,986.712834,242.986332,269.374628,hspHAEAsiaS
HEL_CA3419AA_AS,21.971512,10.916932,152.818761,88.884661,34.706383,221.453786,35.451427,203.917243,831.733801,883.256064,281.419453,294.245945,hspHAEAsiaS
HEL_CA3439AA_AS,30.67149,13.10037,130.340124,110.907634,33.333687,222.414671,54.219675,230.16683,788.462934,832.728294,276.555786,310.824427,hspHAEAsiaS
HEL_CA3440AA_AS,35.312174,16.629775,172.710989,135.321304,51.9603,219.44813,49.985562,206.851321,690.203017,912.664871,304.031051,290.042641,hspHAEAsiaS
HEL_CA3421AA_AS,30.309304,12.475797,151.308533,91.762325,40.392516,229.393932,40.736528,220.384937,747.934638,911.377605,302.032811,267.160935,hspHAEAsiaS
HEL_CA3479AA_AS,28.170855,16.010926,179.645195,105.556307,45.452621,213.114956,51.033933,214.810249,724.760948,968.702054,292.717261,307.11772,hspHAEAsiaS
HEL_CA3501AA_AS,28.264154,16.246809,136.760406,164.372161,35.047115,220.690196,64.577959,216.792603,726.308573,859.139456,282.107201,277.716855,hspHAEAsiaS
HEL_CA3496AA_AS,24.718281,17.072193,148.174602,79.945261,50.139013,210.216176,33.927007,184.018677,677.838085,1031.029735,259.053523,244.817246,hspHAEAsiaS
HEL_CA3561AA_AS,22.998515,12.115268,134.484048,94.647626,34.441223,188.65997,34.71857,181.015512,652.435196,1013.701914,246.63524,245.193271,hspHAEAsiaS
HEL_CA3559AA_AS,24.246077,10.467594,138.230214,97.189294,31.438942,205.684244,48.736792,199.569423,818.458713,878.586505,282.419399,336.056901,hspHAEAsiaS
CB1,28.021684,14.689166,157.616801,91.286089,38.366644,218.502803,40.257735,246.200131,836.929486,929.998719,284.779449,325.558165,hspHAEAsiaS
HEL_CA3570AA_AS,32.404664,12.513125,176.876682,92.920262,40.840048,210.478877,42.452636,205.363806,668.699829,991.575414,271.861791,299.572658,hspHAEAsiaS
HEL_CA3553AA_AS,56.017417,20.704104,245.803303,197.537436,95.399725,223.914247,54.867123,252.887739,692.60309,837.964481,288.239956,285.227083,hspHAEAsiaS
HEL_CA3551AA_AS,8.991961,5.484142,41.289864,21.132347,13.566851,59.885689,11.595292,57.487549,170.282145,533.568856,55.617754,57.688802,hspHAEAsiaS
HEL_CA3573AA_AS,29.256829,14.871696,180.0607,141.483872,40.641942,213.528623,45.280451,229.253981,790.779531,754.555535,292.892695,302.037439,hspHAEAsiaS
HEL_CA3546AA_AS,29.704043,10.435131,154.570736,100.456855,33.074167,219.240195,40.145835,236.735763,822.704493,853.984394,288.589844,262.089569,hspHAEAsiaS
HEL_CA3585AA_AS,29.74589,14.166682,143.790059,146.879356,37.720302,203.585087,55.716564,236.179095,783.417302,868.650315,285.541788,307.35379,hspHAEAsiaS
HEL_CA3544AA_AS,29.554085,14.003875,172.914002,100.686072,40.937671,240.320642,43.45702,228.957434,730.954414,884.286684,276.97394,305.257287,hspHAEAsiaS
HEL_CA3540AA_AS,34.05382,12.857951,171.433785,116.53096,43.731188,223.024174,45.997664,228.754025,824.351309,879.500579,276.166965,295.047403,hspHAEAsiaS
HEL_CA3536AA_AS,52.86176,9.964566,173.665348,105.865977,84.990312,193.289364,45.279015,222.084811,760.984932,927.229373,283.323933,291.317856,hspHAEAsiaS
HEL_CA3411AA_AS,29.562766,12.443389,195.207616,126.991884,61.825542,231.336748,50.006111,247.08405,775.430923,867.146701,303.467402,306.210276,hspHAEAsiaS
HEL_CA3533AA_AS,23.219403,16.455431,155.089689,88.126607,36.516551,242.896233,50.386269,255.437289,801.422632,836.780567,308.905289,295.702978,hspHAEAsiaS
HEL_CA3532AA_AS,35.11763,13.645605,159.235245,100.254754,39.469142,266.26079,44.105505,267.953462,816.946735,846.383076,320.806336,276.118305,hspHAEAsiaS
HEL_CA3571AA_AS,48.210074,22.178834,376.551388,193.857138,81.122496,240.049925,66.315148,270.200748,709.777147,747.353586,327.937687,304.591476,hspHAEAsiaS
HEL_CA3529AA_AS,21.431484,9.087634,133.797631,96.399375,25.745228,207.827385,43.354937,226.7522,809.027132,857.376923,280.392232,296.814925,hspHAEAsiaS
HEL_CA3528AA_AS,33.192116,15.841516,163.981852,101.378417,37.114201,233.445368,47.730135,241.221583,813.197474,860.931733,314.720194,279.94092,hspHAEAsiaS
HEL_CA3541AA_AS,28.312082,14.297795,148.431072,88.886275,39.916218,221.028431,42.444097,231.855425,763.292421,885.779766,305.526454,281.819731,hspHAEAsiaS
HEL_CA3480AA_AS,36.16386,13.867405,164.190491,140.448793,55.693559,220.346989,48.925441,218.005381,728.806556,910.398212,296.440453,281.711546,hspHAEAsiaS
HEL_CA3526AA_AS,23.903213,17.573519,152.569094,110.69873,38.989394,262.283351,51.242706,272.724581,803.614478,817.061861,291.885479,319.802307,hspHAEAsiaS
HEL_CA3747AA_AS,43.27939,20.87885,556.744751,354.409461,67.281627,192.816708,82.877668,301.851779,386.551451,790.940297,224.060581,202.25474,hspHAEAsiaS
HEL_CA3565AA_AS,28.97192,17.262109,147.028425,234.201736,40.480458,223.45615,54.346767,220.835448,693.016306,817.716867,276.313586,267.110752,hspHAEAsiaS
HEL_CA3498AA_AS,27.083367,19.141644,224.526233,103.196505,39.790199,222.916233,43.338042,201.506413,706.274546,961.189976,259.888344,299.591688,hspHAEAsiaS
HEL_CA3499AA_AS,15.495868,10.365839,75.32282,62.394508,22.63671,121.098709,32.153695,115.982006,380.337964,991.048872,157.93958,134.699919,hspHAEAsiaS
HEL_CA3272AA_AS,31.154122,12.116004,175.517162,84.473425,35.835207,221.105006,45.802393,223.34671,771.909625,871.79628,294.355682,293.579917,hspHAEAsiaS
HEL_CA3503AA_AS,39.177808,15.286438,211.661071,166.777749,68.64166,208.40231,52.794616,237.24071,806.374499,801.512124,314.170794,279.615181,hspHAEAsiaS
HEL_CA3509AA_AS,31.876519,13.067838,157.857232,180.547989,34.80085,217.580019,42.916747,241.641735,736.19011,830.246671,282.504736,293.349525,hspHAEAsiaS
HEL_CA3512AA_AS,30.147036,15.055313,170.485782,94.523852,31.896938,247.042722,53.018741,256.957174,808.969557,876.111762,325.100211,277.569393,hspHAEAsiaS
HEL_CA3513AA_AS,22.987519,10.302868,152.505283,91.0416,38.141762,218.763318,38.277414,215.906396,721.576482,903.145056,300.354498,309.267863,hspHAEAsiaS
HEL_CA3564AA_AS,26.575176,20.126548,152.947151,91.989603,40.578438,257.803373,50.501175,280.82043,802.130356,817.328035,313.833181,318.769616,hspHAEAsiaS
HEL_CA3514AA_AS,26.238447,17.151208,202.592404,94.403445,40.959761,217.205128,41.020717,208.071219,670.463225,983.064501,236.669342,248.328048,hspHAEAsiaS
HEL_CA3518AA_AS,25.942325,13.542829,170.39293,134.742014,29.948608,221.12841,47.648789,235.635487,781.227238,822.622894,279.963489,303.30423,hspHAEAsiaS
HEL_CA3519AA_AS,20.123827,10.905584,139.819598,90.558463,32.059763,234.646112,44.602632,189.133811,853.429254,832.876105,291.222608,336.679752,hspHAEAsiaS
CB91,31.670556,13.681096,161.247717,111.207239,44.209928,282.66299,51.949464,286.573761,836.563451,848.950171,296.774694,316.681191,hspHAEAsiaS
CB70,29.515826,14.740328,168.277178,125.763736,34.150252,300.645247,57.856263,342.134782,796.366973,752.916939,356.880405,330.257826,hspHAEAsiaS
HEL_CA3524AA_AS,30.830573,14.48059,207.810381,117.896528,51.910624,260.50479,52.742164,239.840254,803.317007,804.891199,309.172608,325.817147,hspHAEAsiaS
HEL_CA3525AA_AS,22.187585,11.136179,159.406324,101.701613,33.763134,247.410379,45.970233,209.975255,837.683849,814.633889,278.228007,338.017009,hspHAEAsiaS
HEL_CA3567AA_AS,29.165401,13.675387,165.34761,108.734067,45.093467,232.013211,54.581876,186.366454,775.418604,891.999589,241.933714,295.474319,hspHAEAsiaS
HEL_CA3568AA_AS,32.373924,14.393585,154.570517,95.232075,41.289164,230.579789,46.653275,258.219056,851.384671,819.560081,285.257479,330.706215,hspHAEAsiaS
HEL_CA3515AA_AS,28.209971,15.707815,227.561748,143.468712,51.386197,249.786916,54.650578,301.67052,800.797954,811.339434,283.309294,291.499897,hspHAEAsiaS
HEL_CA3410AA_AS,21.119213,11.280673,117.350313,70.004051,30.341101,183.448787,37.958742,172.142508,614.576041,1072.345095,264.949496,253.850059,hspHAEAsiaS
HEL_CA3328AA_AS,25.881444,12.381358,144.004786,103.672226,28.690437,204.812873,39.116488,186.596781,671.389378,848.956919,247.616434,254.915654,hspHAEAsiaS
HEL_CA3406AA_AS,26.23108,11.035207,143.29896,131.671689,38.813035,212.639346,48.500859,224.069699,799.8305,820.68277,286.02235,301.295076,hspHAEAsiaS
HEL_CA3389AA_AS,34.865752,13.010654,263.086004,131.680047,43.804161,265.817459,51.334991,259.719749,784.965891,868.450907,297.59076,289.236603,hspHAEAsiaS
HEL_CA3391AA_AS,21.704539,11.945612,147.393882,91.706638,37.392374,181.758967,25.895989,160.775402,640.669692,1011.091504,226.701654,252.890686,hspHAEAsiaS
HEL_CA3392AA_AS,42.149112,15.472813,333.403818,144.874489,64.109764,225.550387,50.526007,221.205129,657.452524,927.893488,282.648402,259.595548,hspHAEAsiaS
HEL_CA3393AA_AS,39.084166,13.222028,183.181167,94.819012,42.304952,239.607137,47.548065,238.791988,805.190523,875.534958,312.83524,305.366503,hspHAEAsiaS
HEL_CA3351AA_AS,29.251584,13.495398,143.67065,88.068443,31.735979,217.947194,40.058739,242.218322,778.305806,865.827277,307.005,300.840656,hspHAEAsiaS
HEL_CA3350AA_AS,30.722789,16.203176,145.299003,83.951113,33.235247,232.06528,39.00624,228.843151,766.418987,902.923997,303.365358,296.591816,hspHAEAsiaS
HEL_CA3347AA_AS,26.763353,16.316428,161.054271,151.144456,38.603407,230.788109,47.531545,265.890596,811.32541,819.289607,286.680189,294.819819,hspHAEAsiaS
HEL_CA3343AA_AS,22.091915,12.5466,173.815503,93.242933,35.972021,228.502728,46.700013,233.414719,821.598083,864.71379,301.852155,311.677597,hspHAEAsiaS
HEL_CA3388AA_AS,20.41694,13.224626,145.979872,84.336806,32.031905,184.593062,35.213894,181.755393,636.52668,1014.167207,256.502097,279.87953,hspHAEAsiaS
HEL_CA3340AA_AS,33.388842,15.708239,148.443694,105.638833,37.691182,230.523754,44.844561,257.094643,817.038161,837.659802,286.987443,318.499238,hspHAEAsiaS
HEL_CA3338AA_AS,21.932881,17.138144,178.441426,101.004741,34.834673,202.820926,49.355231,208.397234,742.70526,964.114237,269.042784,263.068455,hspHAEAsiaS
HEL_CA3337AA_AS,26.266233,11.077157,125.277448,91.369396,34.603673,216.330856,46.547866,226.110101,750.615487,953.241376,307.070779,290.452929,hspHAEAsiaS
HEL_CA3336AA_AS,39.679577,17.281039,197.373865,131.705529,58.809608,225.909101,51.272313,249.149276,777.405325,816.844591,276.624818,297.900739,hspHAEAsiaS
HEL_CA3335AA_AS,40.242562,18.43104,201.843541,148.469241,91.491657,202.24158,45.931399,204.012884,617.699743,956.459025,246.81522,219.014402,hspHAEAsiaS
HEL_CA3334AA_AS,22.719296,15.315395,137.051236,78.799304,30.350547,186.248529,48.748402,178.825094,731.826587,843.713182,284.443293,282.911221,hspHAEAsiaS
HEL_CA3333AA_AS,28.119873,17.549971,171.879084,100.234196,37.051051,213.931622,46.192364,230.190785,702.688733,1005.142138,271.746266,275.41908,hspHAEAsiaS
HEL_CA3332AA_AS,24.068615,9.657437,129.54436,76.557981,34.139892,163.594438,31.470111,173.16338,592.304583,1092.454158,253.67112,250.703026,hspHAEAsiaS
HEL_CA3330AA_AS,31.531956,14.614988,151.977715,86.625835,41.615218,229.944844,40.729243,223.477367,758.518738,861.35148,314.07616,288.395169,hspHAEAsiaS
HEL_CA3339AA_AS,32.486323,16.001495,182.942855,107.513053,46.951354,255.174951,46.858376,270.1426,780.796996,855.901452,295.341798,326.585613,hspHAEAsiaS
HEL_CA3386AA_AS,36.278468,13.648291,171.611563,149.948,61.652031,229.166741,50.532067,244.726625,769.622956,842.462002,301.244348,317.211569,hspHAEAsiaS
HEL_CA3383AA_AS,32.944952,14.900856,305.441891,156.056771,64.828505,223.695455,53.96847,239.884061,697.843374,854.605699,268.556621,271.608821,hspHAEAsiaS
HEL_CA3382AA_AS,29.565438,15.553274,192.875997,116.842832,47.972214,229.642723,41.923551,250.425489,728.06107,886.934589,269.428967,289.565495,hspHAEAsiaS
HEL_CA3360AA_AS,40.923885,14.8264,155.741871,187.972232,45.577341,208.220392,49.385443,216.906266,741.880057,813.046829,253.097541,297.537961,hspHAEAsiaS
HEL_CA3363AA_AS,30.473848,16.345198,135.629154,277.284928,40.306399,224.639623,59.287644,210.085755,748.683297,796.621236,275.236731,300.514022,hspHAEAsiaS
HEL_CA3799AA_AS,30.993577,11.925988,149.014097,98.091381,43.747542,238.210161,42.955575,226.840906,758.188806,911.65837,296.187707,273.347947,hspHAEAsiaS
HEL_CA3357AA_AS,29.822762,14.622943,156.243014,106.338948,41.833954,239.944251,49.008277,247.393396,833.650456,841.169767,288.395349,298.516985,hspHAEAsiaS
HEL_CA3355AA_AS,31.697755,10.567845,148.355694,77.903642,32.522464,216.636835,42.954025,238.195762,794.879656,926.135536,304.56598,304.557132,hspHAEAsiaS
HEL_CA3354AA_AS,37.271415,16.220907,182.215714,122.88118,55.876676,240.307958,50.228765,259.652251,736.789001,894.752036,330.115545,302.439355,hspHAEAsiaS
HEL_CA3364AA_AS,27.66425,15.05851,193.495673,110.026853,38.054274,304.056161,45.007874,316.018026,806.381939,781.697942,357.339217,350.650713,hspHAEAsiaS
HEL_CA3353AA_AS,29.048496,15.803929,171.924341,90.682557,40.641549,207.538814,48.416549,192.424652,727.527332,921.465501,304.775857,280.244516,hspHAEAsiaS
HEL_CA3366AA_AS,28.260244,14.734214,155.810062,90.555634,33.043176,230.079299,39.640401,252.419465,748.130176,874.567745,305.250859,307.453479,hspHAEAsiaS
HEL_CA3370AA_AS,34.681246,11.343973,151.100346,98.372947,49.413238,192.72066,44.014727,193.828435,613.129866,991.182092,245.754924,245.75228,hspHAEAsiaS
HEL_CA3352AA_AS,20.089589,10.832603,145.427358,80.960433,39.89152,195.285648,31.445133,166.00595,641.087336,980.125029,223.549954,234.151137,hspHAEAsiaS
HEL_CA3372AA_AS,36.267179,15.197104,133.928219,80.792518,38.014086,196.183229,34.760486,218.799105,774.439986,925.448913,262.229131,287.365193,hspHAEAsiaS
HEL_CA3373AA_AS,30.889273,13.114612,183.454666,100.881646,53.52526,201.571986,50.404574,180.73,734.587542,938.729845,299.943812,302.412848,hspHAEAsiaS
HEL_CA3375AA_AS,36.798385,15.368226,176.442173,112.880887,43.827928,232.048783,45.067726,252.416543,808.633785,844.453709,316.09444,301.28486,hspHAEAsiaS
HEL_CA3376AA_AS,26.86465,10.49759,154.591477,95.138379,34.781376,220.908649,44.342462,202.285637,674.908152,809.974077,307.392611,348.436291,hspHAEAsiaS
HEL_CA3377AA_AS,27.092935,14.816433,180.99787,89.949842,37.748546,216.032672,44.06775,233.036027,732.653878,928.329398,277.967661,287.262845,hspHAEAsiaS
HEL_CA3378AA_AS,31.200256,11.142209,203.562624,111.77984,39.935948,252.84966,52.447231,287.308316,811.073909,845.547485,272.644103,285.170768,hspHAEAsiaS
HEL_CA3379AA_AS,27.85592,13.581233,163.026498,101.382108,40.211466,199.627858,52.39087,209.489704,736.947741,942.605551,292.29148,295.65164,hspHAEAsiaS
HEL_CA3381AA_AS,28.550196,13.786461,152.155903,102.20048,37.549276,230.397676,45.830788,241.193884,787.981409,873.495939,295.26868,313.172071,hspHAEAsiaS
HEL_CA3329AA_AS,24.29434,13.93658,157.051041,78.090742,33.140032,187.700808,31.290646,170.587925,611.318345,1036.129672,257.532593,236.12378,hspHAEAsiaS
HEL_CA3327AA_AS,34.459856,16.252867,252.857568,142.618844,47.946169,293.794655,47.748094,335.90171,763.929368,843.459214,296.753085,346.215664,hspHAEAsiaS
HEL_CA3326AA_AS,41.767268,13.56584,198.833991,135.968357,72.647855,243.39967,40.835562,233.349051,710.293815,907.797156,316.41638,294.126696,hspHAEAsiaS
HEL_CA3325AA_AS,33.733891,15.527364,131.775011,103.906771,33.637495,221.939874,46.411761,230.463413,787.175549,881.204871,282.283328,296.564411,hspHAEAsiaS
HEL_CA3299AA_AS,31.244648,11.568849,164.978862,104.362595,41.559618,203.771191,53.885858,243.836684,779.919667,917.265783,306.337825,313.082873,hspHAEAsiaS
HEL_CA3298AA_AS,32.802405,17.342246,262.479629,114.825266,55.37892,247.033322,65.426376,249.527298,740.877286,857.297066,340.077197,312.679055,hspHAEAsiaS
HEL_CA3294AA_AS,26.413945,12.302911,143.432262,98.643742,38.67182,214.058977,43.778625,224.310416,757.987923,907.531321,288.004786,270.426207,hspHAEAsiaS
HEL_CA3290AA_AS,21.522762,10.697172,169.035857,80.694292,37.088442,193.978708,40.023588,159.778196,574.430623,1104.481299,255.06373,241.822127,hspHAEAsiaS
HEL_CA3397AA_AS,32.517077,14.097407,151.849778,88.515201,40.571213,229.233929,41.906554,240.361556,829.834002,860.058942,282.594421,300.333404,hspHAEAsiaS
HEL_CA3289AA_AS,29.275208,12.610151,149.121806,95.138749,44.960949,196.371184,43.117087,211.978454,657.372428,950.790879,268.608048,294.490051,hspHAEAsiaS
HEL_CA3288AA_AS,30.12339,16.296486,174.393898,103.695792,40.442558,235.052048,45.758753,232.925572,809.258346,887.642271,305.899767,296.956431,hspHAEAsiaS
HEL_CA3286AA_AS,28.571889,14.930908,132.072382,95.177321,35.013847,227.590723,54.624947,218.670248,782.927946,925.721457,294.858495,319.037119,hspHAEAsiaS
HEL_CA3283AA_AS,3.213594,2.489782,28.556663,14.163896,4.957624,34.679505,4.956886,23.097045,78.251173,263.214631,31.34871,39.486403,hspHAEAsiaS
HEL_CA3280AA_AS,26.167373,17.608993,206.633144,105.240366,38.042367,186.468648,51.813054,141.430079,756.982047,903.626741,296.265293,308.302102,hspHAEAsiaS
HEL_CA3279AA_AS,26.941007,11.283627,151.153542,98.834037,43.132665,260.422708,50.979019,226.768304,756.118879,916.643238,294.974031,293.703988,hspHAEAsiaS
HEL_CA3278AA_AS,27.785632,10.244137,147.930901,81.440149,37.506469,219.768155,41.645877,216.690922,794.512527,917.106351,269.180959,261.493845,hspHAEAsiaS
HEL_CA3398AA_AS,31.862177,16.182936,212.433428,121.316751,58.331542,214.059855,50.527128,243.1171,773.391741,821.564289,298.627817,325.725245,hspHAEAsiaS
HEL_CA3399AA_AS,34.965756,12.589455,147.985715,91.633052,36.390698,233.053529,42.140106,207.02845,761.595655,961.95242,273.876067,291.262942,hspHAEAsiaS
HEL_CA3400AA_AS,31.371184,14.232076,154.364682,77.265306,41.049843,163.851918,33.259343,169.650955,622.9658,1109.303277,237.23006,234.184595,hspHAEAsiaS
HEL_CA3401AA_AS,26.259668,15.761066,177.854606,97.5922,37.365329,222.267479,43.669017,231.835237,777.569266,851.829143,328.958501,310.603462,hspHAEAsiaS
HEL_CA3403AA_AS,31.388599,14.853741,159.877381,97.729222,36.095147,270.445935,44.659166,266.263563,788.420679,856.157437,323.26967,304.235858,hspHAEAsiaS
HEL_CA3404AA_AS,23.064502,13.426735,188.144477,102.202016,35.837859,249.936594,42.344814,233.752796,786.367442,813.92326,311.763563,323.411451,hspHAEAsiaS
HEL_CA3405AA_AS,25.88649,11.94389,149.451081,97.521862,36.811398,218.514856,43.350971,230.883499,755.934171,890.208227,290.242317,275.264976,hspHAEAsiaS
HEL_CA3300AA_AS,31.774111,17.214264,198.81665,111.667286,45.399623,240.620885,50.539296,237.392641,727.792456,874.290461,291.452649,314.572947,hspHAEAsiaS
HEL_CA3407AA_AS,30.941858,17.247581,181.237583,123.895152,44.88284,255.225633,49.546872,249.103631,787.862203,853.487287,320.907612,301.5242,hspHAEAsiaS
HEL_CA3301AA_AS,26.572461,10.12309,152.267072,100.56374,36.881838,208.894087,38.417415,219.648624,759.995507,864.992938,295.643095,269.103105,hspHAEAsiaS
HEL_CA3303AA_AS,33.462656,15.201501,196.622978,110.248798,56.923443,238.733366,48.782079,234.446465,703.045475,928.913507,309.040534,291.280196,hspHAEAsiaS
HEL_CA3323AA_AS,28.179376,10.083285,157.319911,95.369667,42.152257,244.567091,35.989605,232.16276,757.940317,858.125268,307.577826,304.748073,hspHAEAsiaS
HEL_CA3322AA_AS,14.330467,7.843983,63.930077,34.403806,17.735693,76.407665,19.591104,67.955386,239.647462,1020.473367,86.95322,84.747313,hspHAEAsiaS
HEL_CA3321AA_AS,21.970164,13.679517,144.842375,98.421971,41.050527,222.762959,49.625562,214.501712,810.693289,856.851135,285.760582,314.878792,hspHAEAsiaS
HEL_CA3320AA_AS,23.148044,13.517532,143.240467,102.65002,37.065725,210.647672,44.141981,194.457791,746.184359,951.502207,276.299425,272.109395,hspHAEAsiaS
HEL_CA3318AA_AS,27.530165,13.579081,141.491449,103.017614,36.521914,226.245863,53.037133,241.366355,730.572138,886.32358,274.314786,318.90837,hspHAEAsiaS
HEL_CA3316AA_AS,32.709765,15.015304,194.089064,136.344838,54.911539,242.368115,55.127655,223.298351,763.593433,806.830322,329.452206,322.574988,hspHAEAsiaS
HEL_CA3315AA_AS,28.903462,10.863663,240.720282,103.369638,50.801541,191.379335,43.439135,229.659232,711.768518,909.453942,283.737065,286.055468,hspHAEAsiaS
HEL_CA3394AA_AS,28.674415,13.245443,127.384014,88.003258,36.62955,248.632763,37.55728,222.480507,821.8846,863.85798,280.123397,330.29513,hspHAEAsiaS
HEL_CA3313AA_AS,26.598282,9.956663,139.969993,100.350367,36.581526,195.873638,37.338872,219.516639,749.585015,903.138434,286.111826,248.644667,hspHAEAsiaS
HEL_CA3311AA_AS,31.059851,10.134635,168.902104,106.758058,43.901553,211.39201,41.87803,229.522584,767.024694,886.789736,291.053846,292.746059,hspHAEAsiaS
HEL_CA3310AA_AS,35.582448,19.490675,212.451358,117.567516,49.691309,235.130942,54.05271,233.346928,761.44836,787.571937,310.779423,285.750609,hspHAEAsiaS
HEL_CA3395AA_AS,20.852105,10.892717,134.77931,97.019035,32.261538,204.803132,39.378734,214.525111,735.508794,881.797333,272.197671,256.435225,hspHAEAsiaS
HEL_CA3309AA_AS,35.927982,16.677839,166.014586,114.958997,44.499073,239.024188,46.236691,236.202648,750.293325,908.778477,287.253121,277.163699,hspHAEAsiaS
HEL_CA3308AA_AS,33.175719,17.178688,140.101485,197.290162,48.742809,227.145466,58.029902,213.904572,781.834602,792.33533,319.205591,311.900189,hspHAEAsiaS
HEL_CA3307AA_AS,27.629687,12.045705,154.249386,101.819181,34.413227,230.101263,46.32905,212.63334,760.466899,907.75055,287.55688,309.02751,hspHAEAsiaS
HEL_CA3306AA_AS,26.496352,10.888079,165.571359,99.350361,40.129264,209.759881,43.318596,226.530789,772.959796,886.801295,290.740315,287.079377,hspHAEAsiaS
HEL_CA3305AA_AS,32.282556,13.615954,136.964539,102.242347,38.518871,266.87317,50.932737,260.844696,799.679869,901.064065,275.790191,286.897227,hspHAEAsiaS
HEL_CA3396AA_AS,29.877574,10.308507,145.504284,88.900429,37.592314,216.406249,44.303978,238.850221,776.09717,899.320116,295.380928,276.178316,hspHAEAsiaS
HEL_CA3304AA_AS,31.487367,15.698713,240.199304,120.445629,46.022606,215.70717,44.45005,227.730387,726.818303,862.124432,285.935182,300.378617,hspHAEAsiaS
HEL_CA3302AA_AS,19.714821,12.81685,118.585163,82.50002,34.678677,190.968359,43.124817,179.205601,645.115257,1035.810488,260.404704,230.010731,hspHAEAsiaS
HEL_CA4008AA_AS,25.412856,11.870123,174.1379,109.560119,38.12681,219.362103,54.65734,216.033389,748.696939,911.570379,283.70564,286.243757,hspHAEAsiaS
HEL_CA3562AA_AS,21.557573,11.649915,142.021311,82.64032,35.285736,181.764626,34.221331,190.055642,648.763617,954.802354,246.749258,231.532728,hspHAEAsiaS
HEL_CA4010AA_AS,28.243663,12.461,156.579995,100.355577,37.416453,247.647946,40.89942,247.039602,773.584325,925.219599,292.945898,298.546738,hspHAEAsiaS
HEL_CA4374AA_AS,25.237747,12.223167,125.996886,70.73115,33.787174,203.401937,42.256342,213.509313,770.931363,896.584986,260.500294,316.745824,hspHAEAsiaS
HEL_CA4368AA_AS,28.694818,15.813365,187.474597,91.944902,41.997228,239.800256,38.255125,272.67974,822.801664,853.212493,291.784744,325.157943,hspHAEAsiaS
HEL_CA4365AA_AS,33.2032,13.468263,189.359194,105.864712,45.515043,246.939861,47.624936,240.363181,785.826774,891.458993,293.59925,286.035001,hspHAEAsiaS
HEL_CA4363AA_AS,35.718328,15.078861,190.356622,101.866568,48.86497,249.21947,43.520235,283.34937,834.462159,859.694573,280.7772,303.670299,hspHAEAsiaS
HEL_CA4361AA_AS,29.141282,17.730538,162.809985,104.844576,41.943162,252.132159,43.848268,256.57553,816.982011,820.107098,312.359785,328.724234,hspHAEAsiaS
HEL_CA4319AA_AS,31.573403,13.452174,155.062748,92.377596,42.275682,262.391713,38.484261,253.959964,804.373875,875.978159,314.597046,290.449014,hspHAEAsiaS
HEL_CA4316AA_AS,33.644844,19.480518,141.498343,102.969118,35.554621,254.53315,44.384993,242.227376,767.485135,881.164319,306.032925,295.592106,hspHAEAsiaS
HEL_CA4306AA_AS,30.615288,13.792582,173.336762,123.971294,39.152089,236.777867,43.423455,228.140985,851.860232,835.021629,294.056718,293.773118,hspHAEAsiaS
HEL_CA4216AA_AS,22.121032,15.346433,119.847687,142.218353,31.260796,211.722867,50.707544,156.237223,668.409781,1005.815629,253.225832,249.210594,hspHAEAsiaS
HEL_CA4206AA_AS,25.788425,15.315643,184.685348,146.703629,49.447766,225.189707,54.313508,250.210191,747.008999,906.572768,311.733361,285.245923,hspHAEAsiaS
HEL_CA4165AA_AS,23.600805,11.554355,127.513994,71.839421,32.596564,179.597235,41.044485,197.857763,710.870578,964.267329,282.221059,275.491424,hspHAEAsiaS
HEL_CA4164AA_AS,28.449558,11.541771,159.603797,95.477412,43.795628,212.178079,43.990513,219.086152,743.924103,887.802753,296.684337,289.422806,hspHAEAsiaS
HEL_CA4159AA_AS,26.068688,16.981969,168.706782,102.178901,38.798992,259.767607,46.646173,300.21959,792.066503,848.20526,315.398947,337.25067,hspHAEAsiaS
HEL_CA4157AA_AS,42.335066,17.372343,192.676316,130.549988,61.811128,249.399625,47.205882,211.068489,759.037163,850.756921,298.456573,304.914752,hspHAEAsiaS
HEL_CA4147AA_AS,31.018744,14.291029,176.077545,115.385497,46.787964,224.943959,48.693545,191.53222,763.161301,891.408317,266.743034,300.924272,hspHAEAsiaS
HEL_CA4136AA_AS,32.500487,13.608443,164.324316,90.803566,41.681087,230.039628,44.52945,245.016182,827.830353,901.080875,278.71542,284.336623,hspHAEAsiaS
HEL_CA4127AA_AS,31.079134,15.300905,133.346434,113.863399,45.156663,272.621193,53.307959,249.774531,745.367225,902.058823,295.129945,277.073223,hspHAEAsiaS
HEL_CA4124AA_AS,31.580464,18.431743,156.546436,113.581682,45.470962,234.830364,44.509209,229.35926,777.658112,874.633339,297.691262,314.195919,hspHAEAsiaS
HEL_CA4118AA_AS,26.457433,14.477878,156.573746,78.116403,40.21621,238.235916,46.999141,220.006349,787.538213,896.347689,278.663131,333.050487,hspHAEAsiaS
HEL_CA4116AA_AS,35.405201,17.577361,138.635819,95.495967,36.117046,255.614852,45.56117,227.216434,760.631028,823.600849,330.395959,317.425265,hspHAEAsiaS
HEL_CA4089AA_AS,29.170886,10.864138,124.007804,122.447222,36.928808,232.759952,52.276894,237.675581,773.682391,896.119888,298.558401,297.233979,hspHAEAsiaS
HEL_CA4088AA_AS,22.450981,14.174468,154.50825,79.143326,32.235446,215.607752,51.069459,195.335514,814.486032,844.758009,315.317502,312.801916,hspHAEAsiaS
HEL_CA4087AA_AS,25.176778,15.492277,170.027563,125.623548,44.873601,219.99308,49.697986,249.191166,750.340431,873.466293,289.13779,289.191317,hspHAEAsiaS
HEL_CA4396AA_AS,33.741662,15.188114,179.52225,107.870409,45.790539,241.999521,46.54144,244.945444,751.547235,951.014005,272.797109,286.803916,hspHAEAsiaS
HEL_CA4403AA_AS,27.137749,13.934463,160.810148,93.724686,40.512487,238.235778,50.383173,260.769048,787.605377,845.967318,317.840465,348.319738,hspHAEAsiaS
HEL_CA4404AA_AS,22.960615,10.63476,147.19494,95.338439,34.422931,216.88226,41.31277,226.242436,739.392089,905.454783,276.362948,289.380041,hspHAEAsiaS
HEL_CA4407AA_AS,29.546639,21.830546,169.585802,108.826808,48.433601,258.399387,47.65752,266.920934,796.095333,857.444584,299.170215,313.039949,hspHAEAsiaS
HEL_CA4009AA_AS,30.614547,12.601421,121.800845,108.091255,37.476594,263.201259,55.876657,247.636529,765.632702,870.796021,298.036619,325.797235,hspHAEAsiaS
T183,27.984081,14.96832,160.121106,109.302582,36.168631,277.678413,51.146711,314.306664,836.785483,824.717431,355.456722,344.041741,hspHAEAsiaS
T156,29.238299,18.054157,153.498597,88.702455,33.061103,238.376708,49.617746,220.175643,842.533629,822.069187,282.9864,301.253504,hspHAEAsiaS
HEL_CA4059AA_AS,45.713586,22.139422,277.008459,164.427254,89.65192,233.088084,57.576635,279.260381,766.888487,752.691505,294.469433,291.779183,hspHAEAsiaS
HEL_CA3431AA_AS,29.64747,19.689589,165.048056,166.981064,44.43117,227.409477,57.858851,242.537816,781.822598,772.570914,289.708936,282.091684,hspHAEAsiaS
HEL_CA3368AA_AS,32.702931,13.484016,166.244971,96.66937,34.013718,240.904434,50.927047,257.157857,830.268132,834.342452,331.312961,328.233464,hspHAEAsiaS
HEL_CA3346AA_AS,30.798297,16.123947,152.584603,142.38716,42.248653,248.858748,53.160329,273.022524,843.132234,817.895167,324.151689,295.106773,hspHAEAsiaS
HEL_CA3296AA_AS,24.359224,11.969796,152.895482,87.063514,37.2351,245.87077,46.579921,252.251999,821.11819,816.626491,305.556986,314.656697,hspHAEAsiaS
HEL_CA3270AA_AS,25.648462,13.380756,145.699916,89.082845,39.689746,252.931908,47.152196,237.32653,825.14767,817.582306,318.267959,298.596398,hspHAEAsiaS
CB78,32.121356,15.751818,176.315196,108.09185,33.211677,315.712968,45.328652,299.083269,770.214113,755.381277,359.891571,362.296321,hspHAEAsiaS
CB71,33.095973,12.085821,140.013097,87.406686,35.423752,233.119,47.561993,206.030289,796.405787,781.09682,309.423941,333.72738,hspHAEAsiaS
HEL_CA4085AA_AS,23.413099,10.212106,142.798049,92.196063,38.391758,210.166097,43.714234,223.368378,765.884645,889.753375,282.874771,279.344744,hspHAEAsiaS
T128,28.288534,15.461587,220.03682,135.423601,49.256605,357.340108,58.536402,394.237715,726.583686,709.65221,344.368509,364.485204,hspHAEAsiaS
HEL_CA6156AA_AS,37.276357,15.315718,310.532939,145.167181,55.448651,244.343512,56.884309,266.734157,752.621555,780.468463,309.98315,311.434383,hspHAEAsiaS
HEL_CA6151AA_AS,101.087121,30.671438,460.661631,519.216462,263.239282,252.484045,70.747039,303.639888,587.746816,613.499738,292.282453,234.867859,hspHAEAsiaS
HEL_CA4443AA_AS,24.281225,12.130161,149.758766,110.466285,38.378297,225.276586,39.040287,192.907678,766.943274,981.173486,249.215823,287.712129,hspHAEAsiaS
HEL_CA4436AA_AS,23.527767,15.561465,165.468311,102.128318,37.808948,253.378595,47.135138,229.514622,789.235705,864.363996,287.436452,321.187652,hspHAEAsiaS
HEL_CA4434AA_AS,28.079211,16.033158,170.961012,109.987686,39.459906,239.219551,51.347615,222.309475,823.156684,856.334835,310.368109,321.204892,hspHAEAsiaS
HEL_CA4430AA_AS,23.867189,10.900011,162.828904,79.437872,36.615499,229.35111,43.993179,214.698219,732.912839,893.889669,302.228567,294.997404,hspHAEAsiaS
HEL_CA4423AA_AS,24.905423,10.501535,153.632208,92.97802,34.057097,200.57677,46.172816,222.358157,807.316134,901.781496,284.464018,298.69946,hspHAEAsiaS
HEL_CA4422AA_AS,37.650373,16.878802,161.052532,100.067442,43.023025,228.152516,41.967837,243.381709,792.907933,912.425166,318.435598,284.324016,hspHAEAsiaS
HEL_CA4421AA_AS,12.023892,4.168236,42.717036,36.616504,16.085099,74.814469,16.328501,70.786828,225.954333,811.184056,86.303118,86.557914,hspHAEAsiaS
HEL_CA4415AA_AS,28.99203,16.174221,155.811512,99.139035,45.892903,211.623023,39.425583,231.787762,720.455377,946.593089,314.417376,283.363039,hspHAEAsiaS
HEL_CA4408AA_AS,25.413922,16.601163,135.950836,86.958586,43.901116,222.752793,47.277975,264.506673,727.930648,907.365948,269.354383,293.621586,hspHAEAsiaS
HEL_CA6863AA_AS,29.680875,15.024347,153.148385,104.944089,38.424364,232.859541,42.17088,242.788945,803.602124,833.375093,274.286172,314.812029,hspHAEAsiaS
HEL_CA4084AA_AS,25.190459,20.261283,150.905208,300.711048,38.70927,202.878607,54.016007,191.694017,680.370051,835.774033,232.66869,287.567779,hspHAEAsiaS
HEL_CA4375AA_AS,38.875624,20.803703,143.135642,117.326236,36.813157,237.618208,46.592179,230.616332,797.551322,788.844675,325.525365,308.477029,hspHAEAsiaS
HEL_CA4080AA_AS,34.572998,17.409712,264.023474,125.953947,52.789841,229.292722,63.056846,257.970456,732.413042,847.122803,327.274042,314.735158,hspHAEAsiaS
HEL_CA4040AA_AS,36.024863,15.002379,142.828485,134.95055,59.015121,236.202992,40.450646,234.350547,785.045042,905.860878,306.879706,315.394294,hspHAEAsiaS
HEL_CA4039AA_AS,29.559156,21.022872,144.444717,149.926539,40.708925,241.018636,50.620647,213.245903,704.993976,891.849404,287.615528,293.975337,hspHAEAsiaS
HEL_CA4038AA_AS,21.957131,17.020105,145.92365,109.864391,41.234364,236.376072,51.510143,290.873052,733.535726,890.219264,294.434797,285.659698,hspHAEAsiaS
HEL_CA4036AA_AS,31.661757,13.720421,165.038697,120.864186,40.44031,206.634379,51.014761,219.764065,750.750835,927.755138,275.790442,275.676094,hspHAEAsiaS
HEL_CA4035AA_AS,34.694018,19.571215,130.764497,110.590207,36.429235,247.019513,46.960153,261.771126,785.102622,864.629806,316.728992,312.865965,hspHAEAsiaS
HEL_CA4034AA_AS,33.090299,9.926616,125.667725,78.802963,31.673603,213.104915,38.526723,216.09966,788.083627,902.261882,283.372688,322.176743,hspHAEAsiaS
HEL_CA4033AA_AS,30.739599,15.05746,141.164221,85.251981,38.708891,233.323772,41.524251,240.452432,763.247756,789.10919,269.865426,279.334035,hspHAEAsiaS
HEL_CA4031AA_AS,25.696136,13.304482,170.224387,95.854559,39.190052,228.704938,50.542392,201.849022,812.681534,849.824582,308.091557,357.361244,hspHAEAsiaS
HEL_CA4030AA_AS,19.580442,14.390421,147.125224,95.324821,35.69363,236.669442,49.361434,264.141436,708.971505,891.898735,283.382552,287.368582,hspHAEAsiaS
HEL_CA4029AA_AS,28.841357,16.810994,171.141692,94.317287,38.361423,263.70018,44.834268,237.898305,772.539091,843.022098,325.694241,329.201029,hspHAEAsiaS
HEL_CA4027AA_AS,30.523696,19.088125,178.490509,115.87995,41.475208,268.961722,51.720192,268.058757,779.921457,851.025901,300.768704,340.024507,hspHAEAsiaS
HEL_CA4043AA_AS,26.756892,13.898746,142.800794,95.371737,43.78403,250.674206,50.212972,259.599281,837.20473,815.660084,317.053979,344.146996,hspHAEAsiaS
HEL_CA4024AA_AS,38.382013,14.012644,170.18687,99.06341,38.55632,244.957556,48.388895,262.664879,730.817838,908.73015,288.5735,287.135413,hspHAEAsiaS
HEL_CA4012AA_AS,30.644855,15.882706,161.977566,110.906732,45.261768,240.530347,59.062657,265.32533,795.317877,846.22255,324.756823,333.194519,hspHAEAsiaS
HEL_CA4022AA_AS,19.29225,8.568801,68.863,47.144185,19.135937,100.721958,21.166606,71.143237,294.467457,1301.639445,105.759738,126.682168,hspHAEAsiaS
HEL_CA4082AA_AS,35.598449,18.724794,263.577324,113.173608,54.235303,244.308288,58.937695,252.160188,739.431166,857.609353,324.790256,300.711923,hspHAEAsiaS
HEL_CA4020AA_AS,29.261582,10.789068,162.590882,111.205132,39.795817,209.847554,49.102669,200.663508,724.146001,905.952046,274.811463,310.473323,hspHAEAsiaS
HEL_CA4019AA_AS,35.218676,12.378776,176.074101,90.664472,42.802392,238.402406,43.834146,220.851199,731.356539,918.834745,291.127768,312.782986,hspHAEAsiaS
HEL_CA4018AA_AS,28.008494,15.50386,146.202065,119.239238,35.556758,219.710195,55.168113,224.859161,725.285971,883.538626,301.104468,298.285723,hspHAEAsiaS
HEL_CA4017AA_AS,31.054886,10.559601,155.79182,109.240155,35.879517,222.582776,46.524444,214.207677,815.887724,862.349472,286.643792,301.688096,hspHAEAsiaS
HEL_CA4016AA_AS,24.623494,10.203027,130.150146,78.55687,26.589092,210.924101,40.531674,227.737751,762.060713,864.433489,277.540833,317.940309,hspHAEAsiaS
HEL_CA4015AA_AS,42.756187,15.138033,208.856661,129.586825,61.824954,248.038102,48.972939,246.095605,802.773551,808.766514,324.733009,309.984904,hspHAEAsiaS
HEL_CA4014AA_AS,31.749155,18.953197,178.204429,101.321143,39.112918,252.92641,45.710066,265.24615,849.319038,844.350067,310.731693,317.419067,hspHAEAsiaS
HEL_CA4013AA_AS,28.078168,13.21225,149.348208,112.442441,41.419289,213.915165,43.759753,225.424052,797.642785,862.222056,302.051649,299.305741,hspHAEAsiaS
HEL_CA4023AA_AS,27.109327,12.212842,151.05757,94.9013,37.001247,211.936753,40.050021,204.521992,760.984441,974.295704,278.170877,260.533966,hspHAEAsiaS
HEL_CA4044AA_AS,27.9283,14.891287,150.593405,112.441761,38.838651,243.918285,44.831647,265.268208,788.969296,936.857508,301.880362,293.928353,hspHAEAsiaS
HEL_CA4028AA_AS,37.403265,16.157293,200.506432,129.734208,56.119165,244.449657,51.704695,279.023945,811.542233,815.84136,329.442382,328.24764,hspHAEAsiaS
HEL_CA4069AA_AS,30.067256,17.628256,145.163054,163.12578,41.687759,243.551745,54.213078,249.838692,833.625791,852.195361,304.151206,328.157769,hspHAEAsiaS
HEL_CA4045AA_AS,28.767703,15.888769,150.759443,131.924871,40.674225,235.029291,52.786309,260.286598,788.729092,809.438431,308.635009,332.562872,hspHAEAsiaS
HEL_CA4073AA_AS,34.164837,13.197012,161.499976,101.244607,51.464827,255.102644,45.870471,235.258796,769.752644,840.013733,302.524534,298.541126,hspHAEAsiaS
HEL_CA4075AA_AS,28.577884,16.522092,157.008226,115.279208,45.057686,272.421093,49.989687,288.722272,823.818231,877.575178,292.58427,331.351777,hspHAEAsiaS
HEL_CA4076AA_AS,30.551649,12.045506,155.05099,79.439131,37.729929,231.779195,45.042314,223.712857,796.664904,909.842709,314.938851,309.473345,hspHAEAsiaS
HEL_CA4077AA_AS,26.185371,11.439827,129.993194,73.877724,35.491554,192.849691,40.744129,219.339547,709.465028,946.091365,277.383497,288.913755,hspHAEAsiaS
HEL_CA4068AA_AS,43.024099,18.044879,173.265707,106.004632,38.38905,248.327216,56.637333,268.11998,775.664343,787.075549,295.637979,333.598817,hspHAEAsiaS
HEL_CA4078AA_AS,30.55462,13.376638,157.941988,93.953857,31.533845,236.19045,45.983906,236.619118,767.069379,867.908604,306.661014,322.58654,hspHAEAsiaS
HEL_CA4079AA_AS,33.162027,16.232608,137.524672,146.674168,35.302882,245.016997,46.084632,249.101387,763.148689,844.113661,304.433173,297.021339,hspHAEAsiaS
HEL_CA4064AA_AS,25.691034,14.227005,196.818371,92.042095,38.226229,225.741753,45.059161,231.824694,778.557936,875.395134,303.411977,296.800114,hspHAEAsiaS
HEL_CA4063AA_AS,29.153184,13.058367,116.173034,86.800856,31.487914,227.347199,54.17973,233.361183,811.713788,847.347201,283.973728,296.338354,hspHAEAsiaS
HEL_CA4072AA_AS,35.283593,15.399939,161.467383,106.152502,41.843972,249.415122,42.350236,277.630983,761.454048,922.674213,299.724365,288.874875,hspHAEAsiaS
HEL_CA4062AA_AS,28.741007,11.932362,196.135129,111.892936,39.52468,221.054717,37.506002,201.613989,785.389233,864.767492,287.846032,320.224606,hspHAEAsiaS
HEL_CA4060AA_AS,27.095518,15.092874,146.999055,109.76117,35.957989,239.21097,52.861955,221.973592,747.789064,873.588673,283.37946,313.692023,hspHAEAsiaS
HEL_CA4058AA_AS,28.791459,15.586565,113.702306,141.544344,35.246378,217.577219,57.081618,205.804429,775.605342,859.186536,271.034337,299.761091,hspHAEAsiaS
HEL_CA4056AA_AS,26.515136,15.911627,158.243838,110.04347,38.390709,213.691126,44.915696,214.350067,752.193471,995.648017,262.837056,248.931419,hspHAEAsiaS
HEL_CA4055AA_AS,35.927505,14.173252,168.568674,110.59282,47.281557,216.607886,46.593428,231.404675,780.956086,859.178893,271.730999,305.514809,hspHAEAsiaS
HEL_CA4053AA_AS,33.710571,14.780618,165.504385,98.666942,49.751015,257.192834,53.563506,272.617675,804.488916,890.720046,286.083811,340.812774,hspHAEAsiaS
HEL_CA4052AA_AS,30.205037,13.738634,144.998039,97.33017,39.799529,229.12335,53.762302,234.18942,723.231883,927.911879,272.484107,322.325322,hspHAEAsiaS
HEL_CA4051AA_AS,24.051678,14.616496,169.769947,98.941466,38.18193,192.533,42.45398,192.802636,680.62924,981.137048,254.236336,262.836323,hspHAEAsiaS
HEL_CA4050AA_AS,22.938333,12.447073,152.554641,107.805905,32.240657,244.581452,44.562127,255.979634,768.598057,839.096894,327.017347,303.059654,hspHAEAsiaS
HEL_CA4048AA_AS,36.983451,16.260252,226.501557,120.321952,47.765978,236.160233,66.175597,254.992502,752.855001,866.954203,311.762637,314.071945,hspHAEAsiaS
HEL_CA4047AA_AS,25.848495,11.569929,154.463145,111.266197,42.402641,237.919005,43.705175,242.919698,798.953698,907.438852,282.532496,291.219127,hspHAEAsiaS
HEL_CA4061AA_AS,26.743869,12.25108,163.089137,96.846607,38.060599,229.972407,41.010166,205.589487,700.993231,926.241111,287.382496,275.06374,hspHAEAsiaS
HEL_CA4071AA_AS,31.711257,13.720105,137.481708,90.788414,37.449724,221.65719,40.504115,226.145031,760.319341,895.93436,298.048945,288.228324,hspHAEAsiaS
HEL_CA3609AA_AS,286.917882,31.821836,140.105439,194.903401,96.682121,676.53994,87.022916,714.512572,335.781917,301.521704,305.272828,351.397629,hspIndigenousNAmerica
HEL_BA9778AA_AS,38.664529,20.590752,97.539987,108.18937,46.400112,815.280296,85.771162,900.593896,323.163681,274.243412,258.882535,323.651994,hspIndigenousNAmerica
HEL_BA9669AA_AS,33.632154,17.816798,89.277166,91.818014,44.660312,943.37887,46.60707,856.981124,276.925023,230.974207,216.966797,317.929593,hspIndigenousNAmerica
HEL_AA7337AA_AS,63.234188,31.724828,125.907054,174.92057,69.643649,716.085143,379.92086,982.900348,353.243052,267.216295,268.221049,312.269339,hspIndigenousNAmerica
GCA_014498605.1,286.917882,31.821836,140.105439,194.903401,96.682121,676.53994,87.022916,714.512572,335.781917,301.521704,305.272828,351.397629,hspIndigenousNAmerica
HEL_CA0596AA_AS,29.100919,11.355402,101.686586,92.065859,47.129514,337.726371,53.426788,241.101807,474.881043,437.228826,514.39961,808.656231,hspLAEAChinaN
GCA_018328205.1,27.305539,11.401181,119.158216,96.650175,39.145695,379.880864,49.796943,253.907981,490.794238,423.597287,495.166923,715.988546,hspLAEAChinaN
HEL_AA0174AA_AS,28.109103,14.694316,117.799463,97.506222,40.069332,340.677884,58.686377,265.218618,450.373146,432.420228,487.5705,764.634469,hspLAEAChinaN
HEL_CA5165AA_AS,33.632489,16.826435,134.005997,112.896344,62.51015,342.103383,59.905211,273.090165,482.052146,457.133071,479.12103,727.154292,hspLAEAChinaN
HEL_AA0176AA_AS,28.437641,13.9187,106.135046,87.216055,38.96298,345.138272,47.089242,258.846658,483.569814,427.226153,464.261767,740.996027,hspLAEAChinaN
HEL_CA4630AA_AS,25.369082,16.727856,121.72623,91.176189,42.446164,369.670131,54.070327,283.954157,537.429132,424.117145,532.763536,757.631376,hspLAEAChinaN
HEL_AA0247AA_AS,21.490498,13.514534,90.795728,57.086617,31.732435,283.4983,54.200906,181.948131,498.51768,457.601614,512.680051,825.26694,hspLAEAChinaN
HEL_CA4622AA_AS,25.728209,15.728666,114.29329,105.189211,47.545129,398.773447,51.711064,252.46322,514.576349,434.109728,462.081611,739.347743,hspLAEAChinaN
HEL_CA4115AA_AS,48.337475,17.451133,148.686532,161.339603,81.323718,326.959453,61.684135,246.805399,443.931987,444.874665,522.808726,758.167295,hspLAEAChinaN
HEL_CA0385AA_AS,21.492782,10.615819,83.691735,61.812708,31.24059,291.729436,59.299236,208.568373,461.486992,460.232232,514.936131,864.304868,hspLAEAChinaN
HEL_CA4007AA_AS,27.111072,16.254503,98.22118,80.737202,33.12118,381.50495,50.067882,237.885506,459.728833,417.748026,487.893757,820.500759,hspLAEAChinaN
HEL_AA4438AA_AS,22.759289,11.668373,87.745008,80.975166,29.305899,290.42889,49.884213,219.73614,473.60469,424.389486,489.836722,817.57238,hspLAEAChinaN
HEL_AA4446AA_AS,24.244413,17.355591,79.433737,60.148196,26.417585,287.925779,57.002332,178.067268,485.433307,462.066817,521.005037,870.909644,hspLAEAChinaN
HEL_AA4458AA_AS,21.471878,16.356129,78.780062,64.06385,32.31238,283.660916,50.063234,194.047808,453.199156,440.941337,491.272973,823.968831,hspLAEAChinaN
HEL_BA5573AA_AS,71.630751,17.55338,135.471781,104.7101,59.521351,375.487287,58.285743,257.335398,470.429,403.171079,469.381451,752.431685,hspLAEAChinaN
HEL_CA0303AA_AS,24.986991,20.147203,95.180932,86.497726,38.665016,335.846289,53.354068,241.212297,517.619755,430.195385,488.486149,726.415184,hspLAEAChinaN
HEL_CA3948AA_AS,24.495966,13.498538,83.344413,71.424146,34.26801,329.114428,54.03711,242.907514,460.94858,439.10839,487.693238,843.405746,hspLAEAChinaN
HEL_CA0632AA_AS,40.814255,17.19397,176.972653,140.474179,61.521047,419.570525,58.946824,343.273186,490.63009,493.022918,430.436989,676.664276,hspLAEAChinaN
HEL_CA0626AA_AS,31.894087,18.529592,96.524797,85.947004,37.260277,332.466277,56.722021,263.743929,524.923914,438.332276,537.564128,733.35351,hspLAEAChinaN
HEL_CA0599AA_AS,27.212795,14.477725,110.288371,91.724051,42.067468,377.204923,54.363903,246.239013,517.740039,449.702818,498.754241,743.623114,hspLAEAChinaN
HEL_AA0359AA_AS,24.058407,14.812782,124.940389,89.246818,42.028548,344.289531,56.925769,253.157588,494.889844,450.67076,479.989161,777.040567,hspLAEAChinaN
HEL_CA6827AA_AS,33.352889,16.675998,124.114353,100.857457,46.910471,280.088542,61.697347,221.644382,579.200286,576.186475,611.799259,540.341914,hspLAEAChinaN
HEL_CA0071AA_AS,26.289829,14.998724,96.60707,101.0174,37.673646,319.26619,52.830984,261.410717,586.424431,487.993821,573.32621,575.806465,hspLAEAChinaN
HEL_CA5752AA_AS,28.586275,14.329333,101.80908,89.853203,30.264297,338.672774,52.355009,243.386659,527.22339,439.05131,506.074419,734.21571,hspLAEAChinaN
HEL_CA6803AA_AS,36.43569,16.672021,112.14069,102.041989,53.219728,269.967328,52.187145,228.62578,615.710049,504.635931,637.709177,570.278642,hspLAEAChinaN
HEL_AA4464AA_AS,35.853039,15.861454,125.989075,98.47869,48.260558,301.466503,54.468399,250.245739,599.40907,537.097967,587.71762,563.651913,hspLAEAChinaN
HEL_CA2297AA_AS,49.297905,19.769447,207.872553,200.386115,75.443336,344.458524,60.910423,367.053965,628.888154,571.096064,469.266649,486.555146,hspLAEAChinaN
HEL_CA4243AA_AS,28.952716,13.515035,117.092565,84.665863,35.67405,304.294292,57.116459,223.976298,618.077904,533.923456,574.509699,575.309644,hspLAEAChinaN
HEL_CA0070AA_AS,33.724697,16.894701,126.661725,101.273416,44.571716,308.925691,56.498655,295.349901,596.092965,517.666994,573.295053,532.991647,hspLAEAChinaN
GCA_013430965.1,28.66325,15.035266,116.047201,92.74338,37.572499,304.324206,55.364599,252.064215,560.917566,521.112691,604.049954,583.675363,hspLAEAChinaN
HEL_BA9325AA_AS,30.707016,19.830314,89.74226,84.925397,37.863232,306.100816,60.128974,227.849317,600.781597,561.88867,578.218781,640.940722,hspLAEAChinaN
HEL_CA0238AA_AS,21.750546,15.720099,91.44748,79.820476,35.642568,293.142974,51.910832,212.36186,561.974003,488.464769,568.968393,641.083114,hspLAEAChinaN
GCA_013431565.1,27.207963,15.397429,94.47979,66.758205,31.421028,301.72942,50.933741,250.958444,601.456624,483.593068,628.09512,570.833708,hspLAEAChinaN
HEL_CA4192AA_AS,25.056538,14.055523,121.236705,82.843947,35.754122,264.8396,49.633776,235.05402,585.446344,512.654606,559.320354,565.070705,hspLAEAChinaN
HEL_CA0230AA_AS,27.756654,17.040577,93.298086,74.120538,44.864668,302.565687,57.216182,235.614377,570.734352,499.482207,560.523592,603.144099,hspLAEAChinaN
HEL_CA0087AA_AS,46.100201,13.383296,134.072593,148.29887,66.04633,305.951156,65.271425,233.722085,536.399015,519.365171,610.877792,542.844056,hspLAEAChinaN
GCA_013427575.1,26.279327,13.104411,93.623269,72.637698,34.917958,291.09893,49.476779,238.076059,555.709141,516.941273,613.180545,614.960146,hspLAEAChinaN
GCA_013427795.1,33.218981,13.645142,111.740936,94.645899,41.806918,364.531614,64.773026,251.584776,527.110584,497.510825,578.233305,550.163204,hspLAEAChinaN
HEL_CA0126AA_AS,35.576438,16.216107,120.525502,76.777149,39.167911,301.978981,54.755268,268.605689,579.975786,500.673958,605.720621,574.388862,hspLAEAChinaN
HEL_CA4245AA_AS,53.191364,21.136095,163.412454,233.960448,98.732787,314.203734,55.340859,278.779441,540.056577,471.520487,547.461215,523.05049,hspLAEAChinaN
HEL_CA0328AA_AS,33.188363,18.543624,123.414192,107.940579,67.203455,273.373286,59.617409,238.921171,557.02945,520.066863,592.62107,606.887512,hspLAEAChinaN
GCA_013429925.1,36.885144,17.991866,97.567729,79.248497,36.559985,287.775567,49.793307,224.724804,569.134386,500.515593,608.871647,573.712681,hspLAEAChinaN
HEL_CA0265AA_AS,39.868457,16.410096,150.558058,113.506338,60.778767,323.451291,64.23804,260.995996,578.384467,536.939075,547.223295,602.985176,hspLAEAChinaN
HEL_BA9023AA_AS,29.67395,16.023515,104.136247,97.081787,51.798194,293.200872,62.950164,257.902965,559.924169,564.85351,572.729401,537.993755,hspLAEAChinaN
HEL_CA0241AA_AS,45.902467,21.025329,156.724152,132.74744,56.06661,296.398722,58.736589,261.246367,596.276302,503.796229,586.676775,554.393706,hspLAEAChinaN
HEL_CA6332AA_AS,24.998909,19.662507,113.428619,101.38992,41.735746,370.123337,43.553621,266.134129,447.530641,423.312819,480.844341,748.684064,hspLAEAChinaN
HEL_CA6225AA_AS,30.347381,15.794024,95.407352,101.454346,51.871671,302.888184,59.27239,216.768876,458.854356,437.12111,508.276735,793.405,hspLAEAChinaN
HEL_CA5313AA_AS,33.871484,12.856625,100.239047,89.437329,42.675676,349.187009,58.780518,251.595511,445.887307,435.755544,537.317609,767.356053,hspLAEAChinaN
HEL_CA6773AA_AS,51.301161,16.746178,226.082952,187.294208,89.612799,263.848443,59.35093,277.5362,605.073095,587.670365,547.354612,494.353725,hspLAEAChinaN
HEL_CA0631AA_AS,25.799822,19.672022,123.038487,103.185153,55.503428,393.769463,54.849049,311.453983,550.923911,477.180222,521.352593,598.150162,hspLAEAChinaN
HEL_CA6743AA_AS,38.975326,23.117725,176.441734,69.092459,38.313563,234.391819,81.064444,187.599612,623.713538,611.58511,632.743451,540.683287,hspLAEAChinaN
GCA_013429475.1,25.682859,12.914569,110.743313,87.553285,34.544178,261.311863,52.676494,244.038175,609.953466,536.014673,589.8006,586.445603,hspLAEAChinaN
HEL_CA4679AA_AS,36.052609,23.524986,166.84114,159.239423,80.013478,448.119918,55.620565,356.789336,495.849812,449.642762,474.736538,570.905849,hspLAEAChinaN
HEL_CA4676AA_AS,28.653819,16.635434,141.541915,87.248183,48.347466,363.870145,51.340111,286.122539,545.156506,489.870846,529.701275,598.442043,hspLAEAChinaN
HEL_CA4673AA_AS,34.052789,14.434797,117.316276,110.724182,51.835555,433.376101,53.607667,303.345048,535.614238,463.868035,516.996484,593.98639,hspLAEAChinaN
HEL_CA4672AA_AS,26.89769,16.168297,120.972819,93.11088,46.122858,373.699765,47.759822,245.401553,520.906007,476.174102,544.526997,594.832941,hspLAEAChinaN
HEL_CA4671AA_AS,32.438497,17.232768,150.603191,129.890774,57.276908,480.85747,49.970648,296.443112,518.124078,492.046133,501.180752,574.827573,hspLAEAChinaN
HEL_CA4670AA_AS,35.399005,16.82425,146.546834,114.0539,58.355127,438.458192,52.985951,308.717815,523.654626,483.949691,474.921779,629.147377,hspLAEAChinaN
HEL_CA4669AA_AS,37.282226,15.421786,157.102174,105.417001,42.234599,374.411096,57.130737,322.512007,525.006373,480.624589,527.961956,566.1708,hspLAEAChinaN
HEL_CA4668AA_AS,32.29372,17.13215,156.502945,127.762729,54.462682,476.754972,57.31482,348.825776,516.154878,478.528266,487.221662,570.346923,hspLAEAChinaN
HEL_CA4660AA_AS,29.801504,15.721353,140.750537,121.823677,43.488882,451.729207,52.314929,288.662227,563.747024,472.035992,516.441659,578.167926,hspLAEAChinaN
HEL_CA4685AA_AS,28.90166,14.295497,121.066202,102.011126,47.4787,445.44813,55.550935,304.649408,515.882407,485.556561,470.039542,600.456163,hspLAEAChinaN
HEL_CA4657AA_AS,29.492612,13.245151,119.0605,92.014575,51.708744,392.716839,51.463066,274.327699,569.623265,446.54402,577.099818,611.286594,hspLAEAChinaN
HEL_CA4640AA_AS,31.638728,17.998177,168.626998,135.555683,56.273518,400.458502,60.775861,331.042401,538.180257,462.365133,490.858097,598.504665,hspLAEAChinaN
HEL_CA2289AA_AS,61.662176,18.498882,249.900727,256.5173,106.698896,344.489414,80.338872,413.720584,633.710058,586.513313,422.441237,393.906089,hspLAEAChinaN
GCA_013428875.1,29.355338,14.825774,128.244446,100.113699,38.526633,296.523235,55.70474,227.07967,574.869603,546.790279,613.852001,551.925594,hspLAEAChinaN
HEL_CA0614AA_AS,28.517785,17.029427,130.42604,68.139149,33.355216,376.63231,59.435547,279.676378,551.415143,462.285087,514.36038,687.612346,hspLAEAChinaN
HEL_CA0587AA_AS,30.207265,13.570833,131.474009,111.735687,52.923193,418.43837,66.341382,304.259506,527.580554,482.079522,498.036617,572.629743,hspLAEAChinaN
HEL_CA0585AA_AS,24.217985,16.578414,90.022394,73.969704,36.533318,368.439199,49.555365,255.645454,522.24807,484.022259,522.48654,697.814773,hspLAEAChinaN
HEL_CA0584AA_AS,64.299916,17.524552,123.43392,120.491047,63.954951,420.377359,57.842876,282.326327,480.481824,432.58174,500.515757,672.958091,hspLAEAChinaN
HEL_CA0354AA_AS,37.553366,14.482135,173.320654,142.118099,57.134823,287.349893,55.040348,267.26265,673.93027,623.593575,513.927702,476.416571,hspLAEAChinaN
HEL_CA0351AA_AS,44.400058,19.070614,155.700349,115.738446,71.473726,293.103609,56.25697,253.533969,686.233755,567.797256,532.580634,513.32655,hspLAEAChinaN
HEL_CA0345AA_AS,37.002393,21.441828,160.585018,132.913944,62.883138,305.278818,61.094269,259.011831,677.074409,608.099091,505.014161,486.149944,hspLAEAChinaN
HEL_CA4650AA_AS,33.213976,17.359621,142.307634,89.339187,53.442384,458.759316,58.255138,290.608142,509.411237,473.186058,508.110199,610.354487,hspLAEAChinaN
HEL_CA6765AA_AS,48.915982,17.050915,175.920942,164.50779,80.220605,306.196455,61.967185,278.847134,639.127493,554.36476,569.757593,470.778089,hspLAEAChinaN
HEL_CA4687AA_AS,43.858858,15.627867,169.942043,163.387799,55.511828,423.627012,56.545492,356.397641,512.367393,504.682249,492.166753,532.701095,hspLAEAChinaN
HEL_CA4693AA_AS,36.628178,17.166119,106.291261,109.54575,43.728154,394.191436,54.59912,308.866294,530.612509,505.319219,498.278503,597.133166,hspLAEAChinaN
HEL_CA6739AA_AS,37.380085,15.914385,148.090313,113.132556,55.505899,268.023699,45.381642,241.370594,627.805035,550.778224,561.635734,499.536954,hspLAEAChinaN
HEL_CA6738AA_AS,47.610495,17.425861,164.983213,159.406967,83.655994,295.194146,56.605032,248.956247,625.514964,568.6163,580.818756,517.490223,hspLAEAChinaN
HEL_CA6736AA_AS,28.78274,15.021432,132.734385,126.06556,50.574171,287.044055,49.192741,232.415014,584.21773,516.762393,603.994022,539.163218,hspLAEAChinaN
HEL_CA6723AA_AS,36.61621,15.808617,183.038487,150.264696,68.297243,323.485535,54.322354,306.085374,611.226593,543.847718,536.690091,489.815426,hspLAEAChinaN
HEL_CA6449AA_AS,40.859508,13.729458,146.807173,121.511495,60.068401,300.877197,59.433619,248.310193,588.739878,546.857272,633.115918,531.662888,hspLAEAChinaN
HEL_CA5896AA_AS,30.998417,13.872597,111.423878,97.982755,40.847295,403.846932,50.440268,284.352326,523.674379,471.624576,518.759462,681.033081,hspLAEAChinaN
HEL_CA5894AA_AS,23.036624,14.854742,104.586218,88.53161,36.629269,443.145127,58.524652,284.424814,522.221439,481.171121,503.160085,604.436996,hspLAEAChinaN
HEL_CA5750AA_AS,39.709976,20.142296,185.784479,137.033824,82.397682,421.341905,57.345265,334.557902,503.204152,465.213758,488.818605,545.442102,hspLAEAChinaN
HEL_CA5301AA_AS,29.298625,18.331394,119.029357,98.473385,43.541135,334.290627,68.05292,206.875513,549.363267,467.544584,543.733757,689.324701,hspLAEAChinaN
HEL_CA5292AA_AS,30.586595,16.607172,111.998348,78.689747,46.779083,374.000716,53.460917,241.193044,535.767283,458.336147,519.264536,710.884027,hspLAEAChinaN
HEL_CA4691AA_AS,24.696497,12.619725,106.693866,93.019759,36.392739,372.959301,58.789341,284.356067,528.490377,491.818812,540.27385,618.243634,hspLAEAChinaN
HEL_CA5145AA_AS,36.213579,15.857534,138.360786,110.548213,57.090467,387.001369,58.622664,278.669408,516.862306,436.514421,502.825909,681.393114,hspLAEAChinaN
HEL_CA4717AA_AS,34.408296,20.439061,151.035518,138.499912,66.47575,456.983866,51.905606,336.343792,521.737914,485.74148,542.410561,558.411234,hspLAEAChinaN
HEL_CA4713AA_AS,33.283673,19.561526,131.075661,114.601324,44.40397,468.301675,49.923812,321.153495,538.682714,459.903823,514.121099,594.977909,hspLAEAChinaN
HEL_CA4708AA_AS,32.455761,15.014461,111.976554,84.867322,48.4346,412.564199,54.687758,299.667462,554.448576,465.696354,508.938088,569.568751,hspLAEAChinaN
HEL_CA4707AA_AS,26.163872,12.848343,114.3449,98.924223,40.215107,424.985481,54.767556,302.870456,552.707372,471.665894,516.937859,645.538223,hspLAEAChinaN
HEL_CA4705AA_AS,32.508483,15.828559,116.736336,96.439909,40.229339,421.067085,50.986823,310.74547,525.892572,490.231342,501.252715,561.503623,hspLAEAChinaN
HEL_CA4704AA_AS,52.185489,16.361258,204.605705,191.064886,95.680979,453.058356,58.88402,342.692175,533.334202,465.327338,486.14525,519.615296,hspLAEAChinaN
HEL_CA4703AA_AS,29.774794,13.809275,126.837103,103.513728,45.419063,470.066294,49.567191,346.02998,540.216423,475.621905,505.255051,566.526961,hspLAEAChinaN
HEL_CA4699AA_AS,28.527832,17.425019,111.384339,99.804944,45.471986,415.079189,54.15661,309.781692,559.189813,497.912142,526.297685,575.156375,hspLAEAChinaN
HEL_CA4698AA_AS,91.718464,30.777149,420.770239,432.574407,257.868923,411.325347,82.277263,507.098732,408.459788,410.34751,333.359154,385.319145,hspLAEAChinaN
HEL_CA4695AA_AS,32.954639,18.015105,161.906845,143.993117,83.255615,424.290395,49.835935,316.175522,561.008269,516.944615,530.764571,567.985279,hspLAEAChinaN
HEL_CA4718AA_AS,29.071725,15.237645,107.620667,99.959133,43.710669,423.522228,55.81905,270.854115,505.223661,490.394311,495.744726,601.489069,hspLAEAChinaN
HEL_CA0117AA_AS,31.27897,16.520714,137.365413,128.727859,49.475391,318.772566,52.908282,298.210414,595.696615,522.518828,521.870859,500.65096,hspLAEAChinaN
HEL_CA0088AA_AS,52.146498,23.601397,176.387333,213.455693,96.508305,273.242932,62.184322,299.705514,518.857046,509.057116,538.213196,530.515965,hspLAEAChinaN
HEL_CA0111AA_AS,24.801476,13.952988,81.531708,69.259535,28.70579,291.734222,50.771815,228.70518,550.003614,478.529178,598.361858,597.614176,hspLAEAChinaN
GCA_013431375.1,27.455482,14.108626,109.008252,81.37326,33.549768,282.47859,51.108767,227.493215,577.140536,507.743327,628.257489,612.321106,hspLAEAChinaN
HEL_CA2293AA_AS,39.091651,20.60668,155.659134,135.764329,62.603664,341.110161,53.027804,297.340735,654.655151,504.54682,532.048972,535.509151,hspLAEAChinaN
GCA_013429415.1,22.107226,15.060193,103.175797,83.332417,38.647369,283.743459,53.90679,223.293941,559.858067,483.69527,549.836674,588.878209,hspLAEAChinaN
HEL_CA0116AA_AS,44.064717,25.462786,195.834477,167.318343,63.220108,306.8546,63.391325,318.563365,615.879864,567.174043,537.219407,519.250361,hspLAEAChinaN
HEL_CA0232AA_AS,32.512374,14.512776,92.917171,61.786964,32.702125,284.417683,49.911424,231.798928,572.427364,541.363219,596.848611,593.418763,hspLAEAChinaN
HEL_CA4171AA_AS,36.158104,17.31665,147.045637,131.633356,54.102626,285.95643,51.837963,243.306816,591.995236,499.523387,534.863923,560.208088,hspLAEAChinaN
GCA_013430865.1,31.589423,12.239067,89.150686,100.446857,36.968054,286.007637,55.386053,218.998629,550.741378,516.762371,594.496957,552.44425,hspLAEAChinaN
GCA_013429385.1,37.612113,15.0739,150.526837,142.831605,54.487111,312.322921,61.653215,274.876598,550.111467,525.27719,595.809187,543.191887,hspLAEAChinaN
HEL_CA0147AA_AS,48.601905,19.109038,152.700123,183.480265,95.43583,303.914085,50.776008,300.304156,560.089905,514.129791,551.549325,536.274303,hspLAEAChinaN
HEL_CA0277AA_AS,28.233635,12.784472,104.463302,87.324329,35.123189,310.194181,45.816131,266.409901,573.993618,558.2075,541.364571,604.009912,hspLAEAChinaN
GCA_013429895.1,31.26569,15.346606,117.070747,89.887603,39.780979,299.522179,59.841547,224.881477,560.591466,490.304229,613.882287,589.021023,hspLAEAChinaN
GCA_013430355.1,29.954635,14.940982,92.595765,80.358351,39.339413,293.995891,57.442918,209.934059,566.834469,557.884152,599.714032,580.836767,hspLAEAChinaN
GCA_013431615.1,23.714611,15.184865,85.408572,65.710689,37.935142,288.216328,44.193955,230.122822,550.337392,526.455047,569.478119,594.60763,hspLAEAChinaN
HEL_CA0235AA_AS,29.172552,14.091468,118.714949,99.165033,56.458876,295.695679,48.409403,277.704316,565.461466,530.626219,552.404196,593.617248,hspLAEAChinaN
GCA_013430795.1,26.564801,18.039935,116.857219,85.436313,45.787449,314.230795,47.258077,271.232353,565.270553,522.797802,571.957811,571.205916,hspLAEAChinaN
HEL_CA2291AA_AS,65.425972,23.084435,293.819822,276.415221,102.832509,379.182763,82.629604,487.372594,606.336927,502.393531,429.685183,395.527543,hspLAEAChinaN
HEL_CA0327AA_AS,45.83384,15.788804,118.573871,154.007884,73.569963,315.996798,56.638823,248.738111,503.245428,484.389129,544.690111,557.361919,hspLAEAChinaN
HEL_BA9998AA_AS,27.687059,13.21361,101.585631,73.459869,29.846394,271.756658,55.338461,200.58052,590.098929,500.3715,585.658053,656.078642,hspLAEAChinaN
HEL_CA0335AA_AS,33.742429,11.842662,114.100975,97.082967,47.876705,283.769294,55.01519,230.368828,605.134329,535.667459,587.887991,573.690297,hspLAEAChinaN
HEL_CA4226AA_AS,35.738441,16.534231,134.081501,113.513386,45.018255,313.928962,60.870361,229.630381,635.712274,510.365321,525.423338,561.859161,hspLAEAChinaN
HEL_CA0338AA_AS,26.512332,15.017783,119.683753,97.09445,47.543692,286.104794,49.666328,201.14656,568.568249,496.04092,550.999143,560.570574,hspLAEAChinaN
HEL_CA0090AA_AS,24.570444,16.861347,128.563474,96.512697,35.273577,273.198158,52.534475,240.403739,592.983944,519.544168,564.033756,561.889388,hspLAEAChinaN
GCA_013429795.1,26.996433,13.312762,72.757053,70.217564,33.942157,290.450872,48.741372,232.756965,590.074067,526.404383,606.533677,574.296709,hspLAEAChinaN
HEL_CA2292AA_AS,44.812853,18.143378,205.506057,198.255036,86.551239,329.281837,60.31702,375.893006,603.404459,548.212748,451.228343,489.539782,hspLAEAChinaN
HEL_CA0089AA_AS,43.463289,18.371259,164.370708,167.030372,72.6949,297.591383,61.046129,343.876984,606.66496,505.517123,513.512049,522.150684,hspLAEAChinaN
HEL_CA0073AA_AS,40.499484,19.288224,109.107007,129.049859,71.939714,322.436767,54.12283,269.381784,559.177276,531.762615,547.295833,561.279705,hspLAEAChinaN
HEL_BA9928AA_AS,27.473072,17.676383,111.585813,79.459288,38.803498,319.84611,70.099363,239.26192,597.933952,521.796447,646.085186,580.730406,hspLAEAChinaN
GCA_013428745.1,27.204951,14.068926,87.74246,75.995397,39.483727,274.304911,51.132941,197.636663,591.382773,512.125869,641.63476,569.619987,hspLAEAChinaN
GCA_013431995.1,27.241281,14.302522,89.778304,73.198932,30.133583,270.08157,65.09523,227.821816,545.279687,502.054418,681.919225,587.784279,hspLAEAChinaN
HEL_BA9935AA_AS,25.386633,19.726341,96.188279,82.415419,40.089858,309.952559,52.070157,233.429459,526.075994,445.327775,716.264199,593.325046,hspLAEAChinaN
HEL_BA9952AA_AS,27.321394,12.932164,78.956179,74.336648,39.299096,295.189471,60.742986,194.749306,544.333216,507.922607,701.068368,554.250818,hspLAEAChinaN
GCA_013428895.1,25.120368,18.309251,110.030254,85.421144,36.620585,271.456756,62.910295,226.638227,568.818075,494.751484,617.359965,535.433305,hspLAEAChinaN
HEL_BA9945AA_AS,30.217658,15.660781,101.593036,78.55696,44.13969,287.884046,53.903157,239.07734,582.668888,463.195266,670.050866,602.298564,hspLAEAChinaN
GCA_013429525.1,24.397588,12.575465,117.275692,92.618755,41.030224,277.794401,57.843331,208.011651,619.834647,517.7131,631.722385,529.716708,hspLAEAChinaN
GCA_013431265.1,28.52088,13.681929,119.268704,89.924052,31.824645,284.310924,57.559803,204.131363,558.400065,471.865435,623.562783,583.868934,hspLAEAChinaN
HEL_BA9996AA_AS,27.904736,16.279963,115.665201,82.388357,34.142231,297.848724,50.968743,256.317581,594.318017,506.408001,634.050021,575.136163,hspLAEAChinaN
HEL_CA2290AA_AS,52.00636,21.196136,180.077906,180.19793,69.869394,340.832276,62.773503,312.365408,641.101219,513.84311,574.655533,493.054846,hspLAEAChinaN
GCA_013431285.1,30.301388,15.48154,111.273834,103.214597,44.736556,320.546147,62.265615,257.33069,566.008147,470.362355,636.40934,602.385376,hspLAEAChinaN
GCA_013427775.1,27.109923,14.401634,117.571736,88.658747,39.820726,254.669328,61.334056,274.889231,613.827826,557.560173,597.260639,568.20027,hspLAEAChinaN
GCA_013431575.1,32.878103,16.844365,122.176295,126.512561,58.90458,285.79122,69.459114,256.222464,558.934748,511.571542,631.484832,534.011588,hspLAEAChinaN
HEL_BA9953AA_AS,23.250901,13.919377,97.410991,74.954619,28.981293,284.073624,55.049477,232.379872,583.073488,501.466,616.546872,582.699877,hspLAEAChinaN
HEL_CA0145AA_AS,103.555458,28.681059,215.741251,349.564677,195.810537,302.80964,68.753355,345.490771,516.207878,461.943057,522.797296,491.704657,hspLAEAChinaN
HEL_CA4684AA_AS,44.401149,15.182356,166.308269,139.784762,59.163531,425.043706,56.708619,304.104552,540.995319,479.669913,525.980574,537.656616,hspLAEAChinaN
GCA_000023805.1,52.241886,20.171267,224.791167,187.548302,79.581642,441.660416,61.763007,376.455125,478.196051,470.459473,487.418914,531.239759,hspLAEAChinaN
HEL_CA3125AA_AS,52.241886,20.171267,224.791167,187.548302,79.581642,441.660416,61.763007,376.455125,478.196051,470.459473,487.418914,531.239759,hspLAEAChinaN
HEL_CA4686AA_AS,27.28897,13.523418,109.023068,82.506378,35.638801,431.255204,50.878033,278.172205,533.883608,504.166385,493.728577,621.071278,hspLAEAChinaN
HEL_CA0078AA_AS,57.462273,21.860556,237.96566,227.499621,109.549408,314.506714,67.397749,348.676036,517.816893,453.765819,509.091772,483.084674,hspLAEAChinaN
HEL_CA0282AA_AS,26.283645,14.12989,128.357928,111.288177,41.704541,303.926603,66.934922,272.097327,583.057727,540.737098,550.491121,583.555863,hspLAEAChinaN
GCA_013431135.1,29.598801,14.290258,114.815636,91.678952,33.189336,328.851007,52.687955,234.159758,587.746566,558.298742,599.19768,567.682474,hspLAEAChinaN
HEL_CA2288AA_AS,51.011159,24.226306,182.044416,261.954509,67.234851,321.714931,64.295573,336.45322,580.805505,483.005553,520.08547,467.946038,hspLAEAChinaN
HEL_CA0113AA_AS,44.888917,19.11339,182.247924,187.532771,78.5894,352.173177,66.671289,332.074944,524.385015,488.510855,584.06873,535.482685,hspLAEAChinaN
GCA_013431065.1,22.050966,13.819434,87.359427,74.892651,25.816208,288.782319,56.011506,229.580991,569.811927,540.993808,548.165401,582.644938,hspLAEAChinaN
HEL_CA4229AA_AS,25.761482,14.046998,114.139074,96.391333,44.556067,306.836242,49.256771,238.618066,564.811974,518.475401,552.482404,576.952468,hspLAEAChinaN
HEL_CA0286AA_AS,55.513585,19.227445,194.882036,216.857693,85.917906,387.453259,61.522816,363.679405,530.368789,495.924502,474.614785,505.113753,hspLAEAChinaN
GCA_013429635.1,26.584929,16.178345,100.284511,76.609285,30.361823,263.410706,70.291725,244.670398,532.946237,496.876833,651.671204,581.614922,hspLAEAChinaN
HEL_CA4244AA_AS,27.29994,15.046158,99.448974,76.973033,39.775424,289.14488,46.793896,263.815902,590.716685,542.937468,556.02041,583.497167,hspLAEAChinaN
GCA_013430765.1,29.692674,14.3527,128.498631,101.840001,44.479579,299.604424,66.042177,243.939401,591.695412,508.501689,627.910802,574.246695,hspLAEAChinaN
HEL_CA0144AA_AS,29.621774,19.41755,130.683449,94.399546,42.871595,306.298125,51.10894,285.514109,606.132291,542.070225,570.07614,564.192566,hspLAEAChinaN
HEL_CA4439AA_AS,31.512393,12.763478,109.741766,84.457105,33.721981,264.2636,45.148751,244.672744,572.916974,541.461539,556.198163,603.283745,hspLAEAChinaN
GCA_013432095.1,31.061786,16.552331,163.32872,112.911296,55.041448,347.016747,58.25452,321.649586,567.76813,491.383736,546.724076,574.879604,hspLAEAChinaN
GCA_013429695.1,25.382612,14.829142,104.991557,72.245269,41.374606,290.4868,47.247532,238.075801,596.247999,525.346276,616.159799,583.119724,hspLAEAChinaN
HEL_CA0228AA_AS,29.257578,14.474809,116.794555,79.429029,37.059379,323.596383,59.465497,217.482574,582.922133,536.677184,588.224121,599.924188,hspLAEAChinaN
HEL_CA2296AA_AS,44.647826,23.142016,192.440939,216.793905,98.261362,329.20053,59.683377,306.301404,520.44126,510.39335,535.74295,563.069169,hspLAEAChinaN
GCA_013427395.1,44.417651,17.406526,122.854288,130.472077,62.741241,299.915238,61.864882,237.144009,553.815689,520.38188,585.412036,562.236074,hspLAEAChinaN
HEL_CA0274AA_AS,29.535038,16.083041,115.109452,85.753647,36.490688,303.86331,51.15738,250.404638,553.146672,487.156021,548.538029,559.019957,hspLAEAChinaN
GCA_013430115.1,42.855811,14.129187,157.794049,170.913582,75.769176,311.160753,58.670786,300.785873,539.255849,525.090931,587.471197,532.304011,hspLAEAChinaN
HEL_CA4224AA_AS,31.484897,14.132318,123.141718,114.049233,47.410568,286.07137,61.040419,279.984314,593.667843,501.128136,568.433076,550.024105,hspLAEAChinaN
GCA_013431145.1,45.576646,17.047307,191.893958,192.863138,88.016921,359.861946,55.800098,427.789703,557.362738,468.667019,468.484282,488.174789,hspLAEAChinaN
HEL_CA6428AA_AS,22.464365,14.257769,102.030988,67.273505,31.281049,302.359104,55.052293,200.783212,539.563805,527.587444,658.975232,634.108713,hspLAEAChinaN
HEL_CA0075AA_AS,40.281645,21.359096,113.993755,96.839323,50.511057,286.249057,67.64969,218.632883,523.752336,508.903934,594.345663,584.685385,hspLAEAChinaN
HEL_CA6763AA_AS,35.390592,15.888324,124.199558,102.911333,48.516872,278.832206,56.30773,221.456767,571.256884,502.004925,622.293667,584.025538,hspLAEAChinaN
GCA_013428535.1,22.306694,13.55714,106.616432,73.515158,31.442861,273.140621,57.454993,210.548294,576.829011,483.871041,612.931205,608.599657,hspLAEAChinaN
GCA_013428505.1,29.382549,14.736481,130.464365,114.278677,53.81904,305.461821,59.950869,285.038437,585.040959,547.003487,516.328784,571.945359,hspLAEAChinaN
HEL_CA0239AA_AS,43.213683,14.116104,122.061446,117.869069,69.164462,283.935759,60.126808,237.79168,568.272966,493.926629,575.256731,557.745291,hspLAEAChinaN
GCA_013431475.1,22.895936,14.245581,92.45455,78.930434,32.635928,293.685971,56.624257,212.215419,561.397395,498.80406,586.487103,575.766683,hspLAEAChinaN
HEL_BA9999AA_AS,31.553366,19.894114,148.995798,105.539415,62.768602,303.160888,57.070673,276.856356,592.447805,509.728268,576.396627,585.615688,hspLAEAChinaN
GCA_013429585.1,28.099221,15.658404,113.867042,71.164,36.087639,292.351979,53.841088,235.1688,565.504089,556.401893,559.979812,592.232844,hspLAEAChinaN
HEL_CA4681AA_AS,30.255136,18.579049,130.479779,112.081474,51.773547,433.314603,58.614984,322.285843,532.761,463.807714,519.89614,604.643751,hspLAEAChinaN
GCA_013428135.1,45.166802,19.793612,122.156009,157.19016,83.394057,341.630385,56.281158,265.192425,551.514908,517.655767,544.800789,585.122391,hspLAEAChinaN
HEL_CA0229AA_AS,27.327028,15.112308,97.956819,90.142693,37.491163,282.960186,47.705856,220.699599,530.997587,491.401301,567.767884,628.058433,hspLAEAChinaN
HEL_AA0254AA_AS,32.513445,19.017346,119.981347,101.445808,50.967196,315.968698,50.920108,277.371941,608.023993,501.739103,542.969024,602.20735,hspLAEAChinaN
GCA_013430245.1,24.861713,16.229658,116.403314,82.299941,44.181413,278.349102,55.230013,234.624978,586.315509,549.382662,600.04842,552.937292,hspLAEAChinaN
HEL_CA0231AA_AS,50.970576,20.761112,198.79032,172.950307,88.416931,346.483891,54.158818,356.322852,555.803084,489.391629,535.873221,541.701474,hspLAEAChinaN
HEL_CA2294AA_AS,50.097893,25.511028,220.889577,192.125134,89.086771,345.35928,72.514181,401.891913,628.317397,549.205495,450.230053,447.062802,hspLAEAChinaN
GCA_013430145.1,28.780312,15.692477,112.760335,98.598386,39.270515,279.789439,56.453113,237.465699,568.886811,513.240008,554.522269,618.640386,hspLAEAChinaN
HEL_BA9992AA_AS,46.158862,20.406802,192.447907,224.086776,113.516391,301.539919,57.438982,301.922283,530.925651,498.382692,569.899333,497.386622,hspLAEAChinaN
HEL_CA0294AA_AS,35.708494,12.68911,114.713081,103.822833,45.366352,329.006854,53.522257,267.431477,604.373745,492.736828,520.012335,601.445666,hspLAEAChinaN
HEL_CA0296AA_AS,37.846781,18.028284,162.584133,149.871259,60.92267,324.360735,58.982895,325.481617,572.39623,538.130315,568.381895,550.924718,hspLAEAChinaN
HEL_CA0074AA_AS,37.96376,16.096851,126.449309,132.171757,46.543499,274.27182,53.336569,267.687738,541.476317,489.603906,611.856121,563.689454,hspLAEAChinaN
HEL_CA0297AA_AS,40.171523,15.984252,200.758048,147.552869,63.139644,320.960157,58.618368,310.195201,588.285401,487.753394,492.572518,516.019932,hspLAEAChinaN
HEL_CA0281AA_AS,39.492567,22.024093,239.337677,198.813841,93.013639,307.696131,78.098485,326.628991,548.878459,509.298689,536.804568,500.429511,hspLAEAChinaN
GCA_013429175.1,36.478753,18.844898,121.586677,96.064308,48.148059,297.442046,50.3199,259.165808,570.7713,504.637631,579.524948,611.25176,hspLAEAChinaN
HEL_CA0339AA_AS,22.491709,16.000066,97.397639,86.396819,39.023939,281.67474,55.633923,221.006519,578.291794,533.474869,540.132909,608.330147,hspLAEAChinaN
HEL_CA0091AA_AS,43.780925,19.416196,148.237111,156.11005,80.229897,277.096678,69.567554,239.961758,533.735917,505.916602,576.030083,517.909624,hspLAEAChinaN
GCA_013429485.1,44.259031,16.647978,210.500015,187.958796,88.33096,312.33606,63.766292,359.936957,590.918406,562.566717,485.873788,500.423541,hspLAEAChinaN
GCA_013429855.1,44.037008,15.31699,138.905879,112.867435,70.24099,305.294769,57.019811,284.660222,563.445745,538.409879,581.587503,588.854601,hspLAEAChinaN
GCA_013428785.1,33.492448,15.638939,129.88356,109.224769,53.845328,291.55829,52.563941,260.344748,575.452786,506.406744,573.168673,550.285561,hspLAEAChinaN
HEL_BA9250AA_AS,34.483493,15.612009,120.689986,87.047784,58.591486,298.364589,55.753752,257.765677,540.165294,535.369647,617.686386,565.978556,hspLAEAChinaN
HEL_CA0121AA_AS,42.28649,16.342685,140.054394,150.340734,53.463373,317.110066,50.733918,225.163282,525.310525,486.930475,528.74034,535.426791,hspLAEAChinaN
GCA_013427255.1,36.806118,18.951108,165.513906,135.34391,62.495761,313.507334,57.059669,285.786306,596.478319,516.772318,508.815306,566.215302,hspLAEAChinaN
HEL_CA2295AA_AS,56.639584,25.395906,208.443333,221.735979,90.961797,311.486158,62.367666,366.721033,575.938678,508.785478,481.791317,461.37214,hspLAEAChinaN
HEL_CA0255AA_AS,58.468688,17.597519,194.090168,206.511152,96.734319,293.749399,68.90494,296.426989,661.550199,530.747299,551.511976,467.116313,hspLAEAChinaN
GCA_000287755.1,38.432717,15.457592,118.910756,95.268422,41.059954,316.323019,53.711735,248.084633,572.897995,546.271228,541.645617,581.724492,hspLAEAChinaN
HEL_CA0146AA_AS,35.159416,14.919182,120.118592,112.711648,40.561269,316.828854,61.138545,270.601834,540.572407,499.087394,624.190971,578.015258,hspLAEAChinaN
HEL_CA4678AA_AS,29.709161,15.983189,139.554397,125.029668,63.985463,366.179272,50.650102,371.018859,534.977352,505.773247,473.402062,583.582748,hspLAEAChinaN
HEL_CA4661AA_AS,31.679747,14.100361,99.324216,74.656175,35.77751,398.586972,50.505388,287.482881,551.527771,480.854594,507.321227,622.548678,hspLAEAChinaN
HEL_CA4654AA_AS,28.447925,14.807808,136.971787,94.436105,48.35552,401.002646,57.046182,294.670014,519.819134,520.794653,530.112062,575.083102,hspLAEAChinaN
GCA_013429155.1,34.137894,16.105635,202.791029,142.485989,64.933603,306.621939,59.140195,312.108317,569.735725,541.208809,522.243179,505.911257,hspLAEAChinaN
GCA_013429225.1,30.735345,14.030857,123.663767,110.548413,66.770379,320.438834,54.647761,232.788222,579.726078,507.857516,564.138661,595.640702,hspLAEAChinaN
GCA_013429725.1,39.879355,23.490146,178.263995,159.340903,59.760601,372.932506,57.076195,396.352876,571.934601,468.230021,501.673809,550.682582,hspLAEAChinaN
GCA_013429915.1,34.640722,18.726244,148.512498,106.562785,55.944204,290.087873,61.072628,254.88844,576.518372,537.477424,608.030132,588.112961,hspLAEAChinaN
GCA_013430015.1,55.597448,21.362902,228.93766,227.572291,130.730696,317.374511,75.958972,323.288386,544.702936,498.078624,515.069242,492.001467,hspLAEAChinaN
GCA_000011725.1,27.402759,11.634611,127.440445,100.442212,53.540518,472.091809,51.408598,333.999243,495.777595,464.823343,492.284658,575.912078,hspLAEAChinaN
GCA_000287775.1,31.958264,13.254622,111.921128,100.140695,47.725084,322.661015,51.331501,223.318581,533.569158,484.371064,668.966527,583.685645,hspLAEAChinaN
GCA_009689615.1,25.610008,15.868674,106.733323,74.167914,37.762006,283.196607,65.594873,236.294358,553.757041,514.784334,623.702386,563.765164,hspLAEAChinaN
GCA_009689685.1,30.574291,13.694802,118.781537,96.036902,42.118315,275.622498,54.575352,251.161555,598.135184,538.822961,629.75667,534.55944,hspLAEAChinaN
GCA_009689745.1,31.641953,18.104372,120.565724,103.679876,40.120435,259.499689,60.993233,242.954444,589.328297,543.281306,594.910922,571.338695,hspLAEAChinaN
GCA_009689815.1,24.522616,13.267511,122.730076,88.41236,51.800201,304.953931,56.006736,238.370557,576.87499,507.915407,642.509392,592.028576,hspLAEAChinaN
GCA_009689835.1,30.313735,14.416291,112.289116,98.076278,42.933649,304.336071,47.317077,293.941127,595.326095,510.29092,550.690766,583.450867,hspLAEAChinaN
GCA_009689865.1,24.710567,15.569958,104.108288,88.765861,39.429233,302.902072,46.559102,227.297485,601.603493,511.991694,632.06953,560.481496,hspLAEAChinaN
GCA_009689875.1,24.671128,15.659264,128.942735,99.348119,53.71025,301.756855,61.285011,226.664724,608.864467,507.839516,617.447511,529.775263,hspLAEAChinaN
GCA_009689885.1,25.391488,15.081906,111.79251,86.147978,31.669279,258.925111,61.268902,227.384558,561.454353,483.119616,609.882699,602.971278,hspLAEAChinaN
GCA_009689995.1,25.412142,15.66882,110.107925,86.250357,30.982071,258.246908,60.023441,228.535526,560.628261,479.655303,607.47137,601.181152,hspLAEAChinaN
GCA_009690065.1,28.487119,13.265473,101.618238,58.735805,28.20935,270.261409,58.332427,179.917323,573.995823,452.137007,613.604577,600.990517,hspLAEAChinaN
GCA_009690075.1,28.32515,15.16634,102.131255,86.322195,33.478917,278.629542,55.801307,240.168801,605.059941,533.512771,634.826535,583.559767,hspLAEAChinaN
GCA_013429085.1,24.675496,16.538553,98.776208,76.1334,31.703983,315.935858,53.997142,228.153933,541.077843,532.340861,627.950347,633.49905,hspLAEAChinaN
GCA_013428085.1,60.266975,22.971207,264.848618,243.784742,133.612712,321.236562,69.885327,333.516236,581.155086,494.92337,494.033471,497.835608,hspLAEAChinaN
GCA_013427565.1,57.908375,25.106542,187.408886,246.932028,147.161969,284.803824,55.519902,279.691437,510.645505,462.70295,569.659336,546.090624,hspLAEAChinaN
GCA_013427475.1,32.143414,14.173636,97.70183,88.320768,39.258748,301.827037,63.943472,206.178639,571.381865,505.5907,612.97876,620.346453,hspLAEAChinaN
HEL_CA6002AA_AS,42.822488,17.712625,151.879382,136.021301,53.397497,328.509373,60.195425,291.301583,584.353671,545.936817,608.068741,521.578127,hspLAEAChinaN
HEL_CA5999AA_AS,33.363606,20.084327,117.265701,102.772542,46.918864,285.756028,56.854666,235.045942,564.7543,513.124307,626.862994,527.173314,hspLAEAChinaN
HEL_CA5994AA_AS,28.678091,15.362126,96.078701,93.586591,38.224734,327.256909,53.70725,234.687652,557.053536,508.361674,647.315283,592.709564,hspLAEAChinaN
HEL_CA5900AA_AS,34.903213,13.71308,115.452388,102.529122,45.760871,274.964947,49.363101,233.96549,561.286992,509.227396,649.5302,567.285021,hspLAEAChinaN
HEL_CA5315AA_AS,43.337422,21.889926,195.70802,189.732683,83.359074,406.93401,61.978839,307.917536,535.539504,483.072436,499.25901,532.763114,hspLAEAChinaN
HEL_CA5298AA_AS,33.713478,21.714418,120.247202,125.116639,57.555998,537.857057,56.969048,297.286703,486.892658,413.634129,489.840451,591.022418,hspLAEAChinaN
HEL_CA4720AA_AS,29.36914,15.067065,128.12516,99.024373,45.572745,347.448288,58.162238,282.198924,530.69372,502.139542,540.092947,645.785786,hspLAEAChinaN
HEL_CA4716AA_AS,29.874223,18.938779,122.450105,101.997358,51.428089,381.126551,68.234942,295.56673,527.992662,486.138828,525.946998,613.403596,hspLAEAChinaN
HEL_CA4715AA_AS,30.961223,13.728509,103.200906,105.24982,49.376345,435.898429,47.979978,294.295039,539.029721,508.341191,520.594467,541.840227,hspLAEAChinaN
HEL_CA4712AA_AS,25.119936,12.41878,107.325053,94.593124,35.824409,371.129485,62.226781,278.263074,552.872689,501.51832,543.759831,622.040946,hspLAEAChinaN
GCA_009690105.1,35.869998,18.045664,144.076976,120.530559,56.948985,281.016957,67.327267,243.206689,613.005234,464.801109,607.097309,523.364438,hspLAEAChinaN
HEL_CA4711AA_AS,32.228092,19.792132,157.553995,123.903068,57.780769,428.550648,50.169397,305.825537,540.598833,457.950308,533.896108,595.704098,hspLAEAChinaN
HEL_CA4709AA_AS,35.734789,16.533398,172.133064,117.890903,57.602719,473.624092,54.573044,330.533707,545.276412,436.495564,505.553032,563.456165,hspLAEAChinaN
HEL_CA4706AA_AS,35.554481,16.498732,187.640645,163.712863,79.039005,437.067586,53.894965,330.076617,502.084869,503.797887,512.734543,560.648891,hspLAEAChinaN
HEL_CA4702AA_AS,31.374459,16.99104,117.577438,119.536083,55.594768,457.793302,55.961004,297.197416,531.885869,498.467581,538.752202,559.520378,hspLAEAChinaN
HEL_CA4700AA_AS,35.78901,20.70449,192.515293,146.833622,65.294435,419.770915,60.281401,363.232661,552.183244,449.344132,521.784671,577.456331,hspLAEAChinaN
HEL_CA4697AA_AS,31.538393,16.127515,119.835466,81.381991,37.312654,409.636588,57.868754,313.13699,603.483234,463.921969,478.771713,642.534821,hspLAEAChinaN
HEL_CA4696AA_AS,35.651743,14.75555,127.556093,118.196003,38.898031,459.05317,51.300864,314.414534,537.193721,468.24318,492.291207,587.537648,hspLAEAChinaN
HEL_CA4694AA_AS,52.389225,17.780974,194.419666,155.36086,80.355692,444.379126,62.652205,368.109511,464.395487,472.030723,511.370758,636.324642,hspLAEAChinaN
HEL_CA4688AA_AS,30.328783,11.560011,112.016452,98.156291,46.178556,383.394028,62.525877,286.812213,498.983458,479.790159,517.732688,641.799206,hspLAEAChinaN
HEL_CA4683AA_AS,30.113451,14.240411,121.55559,101.091574,53.409004,431.363195,58.863051,331.641572,545.089084,457.423068,509.670607,592.532161,hspLAEAChinaN
HEL_BA9951AA_AS,26.523741,18.163611,99.785313,87.038555,34.13808,285.032775,63.585433,243.863681,565.861004,492.132927,634.46534,602.236299,hspLAEAChinaN
HEL_CA4710AA_AS,30.529874,14.733624,115.312441,98.171661,39.500885,476.956269,58.875824,307.243565,544.514519,490.124443,516.724867,581.864093,hspLAEAChinaN
GCA_009690125.1,29.388727,18.83065,131.460112,152.944267,58.848416,280.926493,61.667776,277.354948,600.640113,519.596553,632.157721,497.241406,hspLAEAChinaN
GCA_009690135.1,30.728132,12.857196,97.261111,87.794694,42.839598,322.320712,46.549844,250.800983,567.155968,490.927432,653.440081,610.932367,hspLAEAChinaN
GCA_009690235.1,29.831509,18.3449,121.828777,72.76453,35.337731,277.57115,63.254493,234.082159,546.334215,545.760406,634.823943,576.092196,hspLAEAChinaN
HEL_BA9703AA_AS,28.278587,16.384683,126.142331,80.378931,35.863559,378.414202,52.751077,276.378397,561.741722,498.663631,492.458595,618.981744,hspLAEAChinaN
HEL_BA9916AA_AS,25.490251,13.971891,96.402271,73.922771,31.388168,278.975848,49.846091,214.038123,576.805969,548.548214,642.760613,595.341279,hspLAEAChinaN
HEL_BA9938AA_AS,32.02803,16.688489,108.454611,72.156455,47.193611,281.355245,55.1553,210.776889,562.716271,541.83624,654.77815,602.301959,hspLAEAChinaN
HEL_CA0005AA_AS,25.903969,14.626835,97.451167,70.901998,34.146792,300.146056,53.868101,216.071395,585.28669,537.106297,603.771161,580.993789,hspLAEAChinaN
HEL_CA0356AA_AS,51.265959,19.192,200.883415,231.943739,82.054447,278.83165,54.584807,259.027914,552.221017,503.867016,543.513171,411.168794,hspLAEAChinaN
HEL_CA0382AA_AS,46.071013,14.727987,171.68783,140.885137,64.060471,312.363005,63.926527,249.721975,565.969025,568.451518,579.261615,543.832224,hspLAEAChinaN
HEL_CA0516AA_AS,34.993508,17.632208,111.741552,95.017105,52.137082,306.128642,68.751892,262.197191,574.662632,521.103024,676.33972,579.84328,hspLAEAChinaN
HEL_CA0517AA_AS,29.42991,15.282701,106.196278,89.967888,44.724778,277.816032,49.150806,205.539198,590.772756,502.539363,619.330718,548.966606,hspLAEAChinaN
HEL_CA0589AA_AS,30.125845,14.493986,99.516551,98.187151,45.179307,494.920244,53.451983,290.637453,509.325937,464.094196,481.876545,658.887286,hspLAEAChinaN
HEL_CA0609AA_AS,24.540208,18.819219,141.688357,100.46831,43.157843,389.807591,56.696382,294.377946,572.1758,496.245644,509.633411,590.688894,hspLAEAChinaN
HEL_BA9680AA_AS,35.89006,14.295109,124.930369,112.982557,72.705724,424.225058,56.646263,316.31156,547.671752,484.050543,482.371408,563.98455,hspLAEAChinaN
HEL_CA0630AA_AS,25.808109,18.328816,117.595275,68.204831,36.993889,344.186914,51.607371,239.489258,531.266017,459.796073,530.308429,700.302899,hspLAEAChinaN
HEL_CA3190AA_AS,30.691034,18.931848,91.203623,75.400471,39.059543,409.930327,53.877926,263.339291,512.609148,463.430544,511.544153,733.214831,hspLAEAChinaN
HEL_CA3696AA_AS,37.82095,21.323981,139.053695,115.846341,48.379053,256.741256,56.548875,238.824919,565.438867,503.912517,639.057795,562.580491,hspLAEAChinaN
HEL_CA4104AA_AS,32.035924,12.967865,113.991058,115.755315,59.188541,436.545035,53.07755,290.717343,526.926823,490.992554,487.494681,582.390858,hspLAEAChinaN
HEL_CA4107AA_AS,32.216077,16.529126,121.579424,97.114936,39.529503,422.09632,60.678812,328.38957,558.87653,469.976793,515.522001,611.143985,hspLAEAChinaN
HEL_CA4108AA_AS,34.011701,18.583345,124.281717,94.077198,49.016895,424.350497,55.433463,310.50023,522.81874,482.399481,536.391496,542.326591,hspLAEAChinaN
HEL_CA4200AA_AS,24.718424,17.01823,110.223964,105.73309,42.053469,277.362011,53.742578,236.481164,568.690211,492.0878,585.991038,618.926781,hspLAEAChinaN
HEL_CA4618AA_AS,33.161932,17.739019,115.602949,90.048448,40.518761,400.186783,47.730087,267.259958,567.481578,460.740644,528.901623,584.629672,hspLAEAChinaN
HEL_CA4652AA_AS,32.092531,18.144193,149.065497,97.723516,51.042468,400.672088,55.711069,344.413859,524.851335,503.192408,519.423399,632.640688,hspLAEAChinaN
HEL_CA4653AA_AS,34.727925,17.181013,117.772449,69.736999,37.524541,372.282352,58.542985,281.898852,549.7314,476.681164,548.432738,588.718127,hspLAEAChinaN
HEL_CA0106AA_AS,25.3193,14.562468,97.134394,77.347437,38.997669,237.649713,52.409413,220.07812,551.334359,541.630689,609.972742,592.342848,hspLAEAChinaN
HEL_CA3131AA_AS,27.402759,11.634611,127.440445,100.442212,53.540518,472.091809,51.408598,333.999243,495.777595,464.823343,492.284658,575.912078,hspLAEAChinaN
HEL_CA6008AA_AS,25.659617,16.842052,111.082308,96.116081,39.727467,276.021266,60.553623,215.79914,553.756057,505.117785,609.224353,578.780732,hspLAEAChinaN
HEL_BA9664AA_AS,31.401119,13.196315,125.3547,104.875497,40.113371,389.490794,46.557871,324.51984,509.607783,505.603573,524.002248,593.892696,hspLAEAChinaN
HEL_BA4915AA_AS,29.969565,14.293354,136.700169,108.169489,46.043286,320.115073,64.734448,285.945131,572.314091,482.76408,607.559053,599.018491,hspLAEAChinaN
GCA_009690255.1,27.799607,16.618271,106.617665,85.0225,34.048874,311.005783,52.37554,254.849344,574.063154,533.503984,620.710532,575.56454,hspLAEAChinaN
GCA_009690355.1,26.077368,15.996202,100.479958,73.455031,40.355083,253.878397,52.778187,233.299306,607.725737,546.519082,604.892917,593.500002,hspLAEAChinaN
GCA_013427625.1,26.737993,15.212515,96.674336,82.639051,35.767761,262.430312,48.002598,229.567134,600.462398,514.278103,655.527774,565.4012,hspLAEAChinaN
GCA_013428595.1,41.562918,16.642819,185.126982,139.135967,80.720071,309.546514,63.646562,248.482116,556.580918,514.957395,690.503194,516.734981,hspLAEAChinaN
GCA_018119855.1,27.209861,11.45988,97.344677,70.781574,41.492793,289.944943,57.856335,246.097284,593.013742,516.296835,579.997586,558.03104,hspLAEAChinaN
GCA_018119895.1,38.417029,14.532124,118.828957,143.602757,61.354885,292.083772,51.155588,241.004663,561.788429,530.028235,569.934127,529.466089,hspLAEAChinaN
GCA_018120015.1,32.749959,20.319347,143.035081,114.672491,53.86416,299.429557,66.318612,281.042857,538.049454,487.847012,624.334644,495.069062,hspLAEAChinaN
GCA_018120115.1,26.165361,15.7718,109.511432,75.580272,27.376916,308.454343,52.844033,221.589672,540.927911,495.23192,631.034926,549.716428,hspLAEAChinaN
GCA_018120215.1,28.236356,14.964408,127.590544,110.561181,53.618082,299.150009,54.716509,244.194807,559.2438,491.012443,616.109031,573.121774,hspLAEAChinaN
GCA_018120675.1,32.054793,15.825886,88.010589,101.831115,53.407596,297.29092,63.508064,226.30987,514.531221,451.238219,578.629511,593.664572,hspLAEAChinaN
HEL_BA4957AA_AS,38.502852,19.438814,132.849787,134.421397,68.79293,335.811466,51.445444,305.072904,540.233707,485.507169,523.162275,551.748896,hspLAEAChinaN
GCA_018120975.1,23.528517,14.548182,97.829687,71.727364,38.210849,293.086951,57.82456,231.055395,574.28049,491.214948,661.277312,570.782866,hspLAEAChinaN
GCA_018121025.1,41.01355,13.52161,167.463761,136.650396,75.233212,308.870071,58.412538,269.538421,532.140468,468.991667,580.87219,590.225673,hspLAEAChinaN
GCA_018121275.1,25.42928,20.046578,104.63198,58.887722,38.900332,283.546846,55.901843,243.091423,556.340491,484.092985,582.221467,569.942205,hspLAEAChinaN
GCA_018121355.1,31.238655,19.014298,135.66203,104.931736,55.459288,307.90765,60.90861,273.998615,509.476636,505.254269,631.054539,518.564768,hspLAEAChinaN
GCA_018121655.1,32.648375,14.983342,98.687061,70.759375,45.407104,283.278919,51.516767,207.796936,533.45994,512.443251,626.703409,644.621951,hspLAEAChinaN
GCA_018121715.1,24.288988,12.058501,99.364731,72.522745,37.907079,268.817638,53.64628,222.493121,554.621171,491.116036,626.0117,584.180736,hspLAEAChinaN
GCA_018121875.1,36.807404,15.691324,111.879123,102.756088,55.774001,274.875405,49.777152,244.031993,549.95972,495.846498,662.005412,613.601041,hspLAEAChinaN
GCA_018122095.1,26.578887,15.636376,109.493033,96.632336,45.011791,315.632572,60.002476,261.691007,598.037736,509.116474,642.062152,546.073081,hspLAEAChinaN
GCA_018122275.1,26.934198,12.450966,92.976974,70.990927,33.694126,287.810717,67.071782,231.400654,543.10406,531.0751,637.694881,599.659285,hspLAEAChinaN
HEL_AA0319AA_AS,35.898365,17.715646,107.894415,101.107356,42.692784,383.326325,44.080731,291.79089,521.743785,505.350112,521.651834,633.454515,hspLAEAChinaN
HEL_AA5443AA_AS,31.958264,13.254622,111.921128,100.140695,47.725084,322.661015,51.331501,223.318581,533.569158,484.371064,668.966527,583.685645,hspLAEAChinaN
GCA_018121015.1,28.189452,11.46551,109.221843,83.849039,37.710249,271.384705,57.21413,209.645331,516.63276,517.819432,662.914488,557.203932,hspLAEAChinaN
HEL_CA6009AA_AS,29.03519,14.244867,129.453201,100.169262,49.828483,269.160957,69.813533,217.805662,600.213661,510.524819,611.734733,539.229691,hspLAEAChinaN
HEL_CA6010AA_AS,26.196226,13.627166,99.183349,71.540505,33.430519,265.440799,57.104261,194.035663,576.181291,536.708884,632.360048,564.88932,hspLAEAChinaN
HEL_CA6019AA_AS,37.59525,15.090576,143.779305,108.18047,47.912296,325.233827,60.139949,306.395708,560.354109,536.31277,642.416724,529.699903,hspLAEAChinaN
GCA_018328085.1,32.528923,15.615044,110.613065,101.616647,35.995311,333.233759,52.150389,265.997865,490.801879,463.921429,534.923755,597.89293,hspLAEAChinaN
GCA_018327945.1,59.892285,23.515083,180.290965,201.786163,84.190678,428.523123,63.481054,338.580415,509.561565,487.241599,500.529408,536.527496,hspLAEAChinaN
GCA_018121495.1,43.99134,13.891996,129.701153,147.235918,60.097535,311.545522,63.257431,262.128144,539.634237,505.319485,581.757598,564.307668,hspLAEAChinaN
GCA_018121385.1,30.111926,15.414682,92.48297,92.199722,42.674182,309.122175,59.881063,236.983003,533.978531,482.345024,551.548216,573.977214,hspLAEAChinaN
GCA_018120745.1,50.442339,19.685006,144.083835,198.139989,105.415118,306.336023,53.533273,228.481134,522.285856,494.923559,628.998768,555.189781,hspLAEAChinaN
GCA_018120695.1,23.925158,12.599001,98.461076,73.571395,40.460064,303.798268,38.98519,217.482052,558.094084,484.209514,591.917719,593.705274,hspLAEAChinaN
GCA_018120295.1,34.158763,14.038516,127.412648,100.635349,40.360306,323.017561,57.972178,258.489201,552.311119,469.481429,539.664232,562.788459,hspLAEAChinaN
GCA_018120095.1,24.378082,15.498655,98.070711,79.792338,35.080582,288.43355,48.6112,224.524576,558.783973,496.510414,615.994861,561.129222,hspLAEAChinaN
GCA_018119615.1,36.7393,19.415339,130.225029,131.756763,47.447067,286.082804,55.98374,210.57266,595.627022,537.146124,557.445976,616.106245,hspLAEAChinaN
GCA_013431425.1,50.235136,20.938978,198.239467,205.413105,87.811438,297.200455,58.097137,271.344401,538.730558,503.728853,527.00571,518.846524,hspLAEAChinaN
HEL_AA4459AA_AS,57.970252,18.830682,284.161354,256.345464,129.491522,256.426752,66.011049,274.502854,525.36145,476.954969,554.680618,459.732056,hspLAEAChinaN
GCA_013428315.1,25.607504,14.639426,117.621413,88.178396,37.709477,270.456159,46.160582,243.129493,571.41601,521.956814,590.890799,546.344478,hspLAEAChinaN
GCA_013427655.1,25.595985,18.754168,105.981428,88.034452,52.015202,342.730143,52.932427,250.724712,560.512433,504.340774,536.842655,563.024639,hspLAEAChinaN
GCA_009690425.1,27.477339,18.203314,154.560737,116.362953,46.502139,322.88842,56.012943,294.564165,624.430254,519.034385,496.758971,577.342304,hspLAEAChinaN
GCA_009690405.1,21.79927,13.048354,119.77517,73.638908,32.445835,308.406267,44.954911,229.94961,582.957401,544.914395,603.298827,510.559966,hspLAEAChinaN
GCA_009690305.1,87.799358,23.450158,207.945589,325.53135,197.500766,303.063951,78.625108,284.800707,497.198818,455.609643,479.680776,493.098822,hspLAEAChinaN
GCA_009690205.1,25.019677,13.608967,86.229114,65.642498,37.396106,308.186734,46.74104,232.223148,545.153093,491.227678,616.345492,602.168488,hspLAEAChinaN
GCA_009690145.1,21.579499,16.421087,111.068418,73.784925,33.427935,292.391327,53.828056,221.495445,592.240463,521.100914,617.145805,517.189828,hspLAEAChinaN
GCA_009689965.1,25.093838,14.546775,120.591027,81.340616,47.682289,321.286792,58.952827,220.876612,579.390871,530.97368,594.64216,580.565569,hspLAEAChinaN
GCA_009689945.1,38.66156,16.382985,110.996442,105.174927,54.408282,272.405563,56.018704,262.599787,540.510175,502.662253,553.406368,551.691938,hspLAEAChinaN
GCA_009689765.1,28.544721,15.114479,114.419775,93.452848,40.452409,285.638134,54.946677,219.602189,578.72803,531.40368,642.671471,557.557207,hspLAEAChinaN
GCA_009689755.1,34.093047,14.346363,119.453101,113.936717,56.349329,334.974086,49.380734,240.773514,608.895171,534.614197,556.388379,585.232876,hspLAEAChinaN
GCA_013427675.1,27.682452,19.607487,114.733493,89.821737,55.275833,342.974346,55.320706,261.120772,552.269469,506.057843,539.839399,564.048028,hspLAEAChinaN
GCA_009689705.1,43.013382,18.330528,182.811088,152.52119,78.888275,333.288362,59.924497,303.090258,615.000859,524.216562,535.415947,539.192096,hspLAEAChinaN
HEL_AA4486AA_AS,34.22923,15.108606,136.052612,113.615831,55.318088,473.705041,49.234873,333.908349,505.455295,459.048263,478.887119,580.581287,hspLAEAChinaN
HEL_AA5445AA_AS,26.961596,14.537136,90.567617,87.837433,35.0957,288.666825,58.257197,229.350504,587.45392,490.860617,603.362103,599.138401,hspLAEAChinaN
HEL_CA0044AA_AS,40.139399,19.900982,188.168698,164.152914,76.713511,404.118152,68.018204,333.88905,528.209377,491.270108,495.538719,526.771886,hspLAEAChinaN
HEL_CA0043AA_AS,39.896695,18.275094,151.20627,156.435199,76.439039,451.643545,52.389357,308.107517,524.147207,508.594822,497.214122,560.017623,hspLAEAChinaN
HEL_CA0042AA_AS,40.066545,19.729705,187.364553,161.978039,76.76424,402.388091,66.677573,334.639127,526.803088,492.346456,495.498442,527.262133,hspLAEAChinaN
HEL_BA9702AA_AS,38.58372,16.68365,164.150013,126.341857,64.812217,424.807009,57.632387,305.726943,523.671885,482.032893,511.08309,587.64186,hspLAEAChinaN
HEL_BA9528AA_AS,28.820649,13.921368,135.601402,102.423986,47.15225,337.700768,54.561759,279.939534,562.640245,470.031906,529.166061,589.70564,hspLAEAChinaN
HEL_BA9473AA_AS,34.691884,17.359148,138.378972,110.184445,57.552836,393.436652,54.011014,306.582299,544.889702,499.515621,514.209506,578.182487,hspLAEAChinaN
HEL_BA9453AA_AS,25.681655,17.827645,106.774157,110.08009,43.114541,455.451545,58.984134,293.832285,520.801087,482.889673,488.723954,576.516984,hspLAEAChinaN
HEL_BA9189AA_AS,35.405007,15.956018,161.213756,137.415384,61.276895,436.915775,60.118349,336.367704,509.206558,477.368447,514.645347,577.972218,hspLAEAChinaN
HEL_BA9025AA_AS,28.845955,13.011122,112.089975,91.010302,43.633776,434.346811,63.142268,269.7656,507.173674,470.617947,549.491988,587.165047,hspLAEAChinaN
HEL_BA8953AA_AS,33.876338,15.592791,126.344877,98.039846,49.175022,408.877085,64.301607,303.134692,533.070701,479.925093,503.081333,569.981996,hspLAEAChinaN
HEL_AA5444AA_AS,38.432717,15.457592,118.910756,95.268422,41.059954,316.323019,53.711735,248.084633,572.897995,546.271228,541.645617,581.724492,hspLAEAChinaN
HEL_BA8927AA_AS,35.813902,19.310022,177.373413,179.113872,69.601078,488.123532,64.359425,391.08789,492.892883,478.290414,440.651837,544.709959,hspLAEAChinaN
HEL_BA5574AA_AS,30.79411,15.046664,130.628429,101.15002,59.589289,370.100525,54.984685,275.56131,487.391786,443.099783,482.40014,713.01254,hspLAEAChinaN
HEL_BA4970AA_AS,22.553053,12.324613,79.448813,65.285908,30.111288,297.535761,39.21462,188.676877,545.169605,515.79663,596.408268,604.603038,hspLAEAChinaN
HEL_BA4895AA_AS,25.351512,17.955461,93.219284,79.967155,38.277452,290.154146,66.993708,225.046607,593.127132,499.954289,622.072043,582.458062,hspLAEAChinaN
HEL_BA4235AA_AS,36.236344,17.028357,113.11438,96.28418,48.579034,293.813867,50.27708,231.330021,564.234953,506.501958,593.771218,599.326749,hspLAEAChinaN
HEL_BA4219AA_AS,40.917712,13.916961,154.485238,147.715951,57.81692,325.036845,54.79585,295.158455,569.331758,542.460478,543.1128,561.892156,hspLAEAChinaN
HEL_BA4189AA_AS,30.910529,16.473817,156.329262,135.629903,55.01393,528.293616,53.845284,371.125845,524.830794,460.805995,480.320948,498.595895,hspLAEAChinaN
HEL_BA4152AA_AS,28.664945,15.924053,112.915478,97.346418,42.248776,341.299259,50.268139,233.114294,566.686104,510.958336,584.926561,563.365318,hspLAEAChinaN
HEL_BA3959AA_AS,32.308692,20.25164,111.44386,126.660996,49.662409,296.507652,49.542933,230.161052,534.461998,527.474091,559.168482,618.917217,hspLAEAChinaN
HEL_AA5726AA_AS,36.934012,20.085741,198.362334,154.082679,82.54509,296.926461,54.866289,294.300328,721.81083,625.58103,489.83462,442.952772,hspLAEAChinaN
HEL_AA5446AA_AS,34.120335,14.897395,122.248743,118.750575,46.97092,382.34579,56.563344,322.533212,535.971247,505.34509,529.371895,537.908668,hspLAEAChinaN
HEL_BA8239AA_AS,28.658061,18.178024,131.243576,96.978908,51.212974,284.413331,54.646984,246.229911,548.978428,518.480735,585.342354,575.40785,hspLAEAChinaN
HEL_CA0254AA_AS,34.03761,19.633936,168.485228,125.911661,59.148454,305.533278,55.198348,255.785018,676.438056,617.006947,517.742454,472.231651,hspLAEAChinaN
GCA_009689635.1,24.94458,13.359692,104.525925,82.014143,35.452454,300.440303,54.602757,226.318968,535.128639,506.038998,630.64419,563.522804,hspLAEAChinaN
GCA_000521245.1,22.089005,15.320672,90.14547,82.578107,30.340726,292.451897,63.030592,217.511691,552.468581,548.205923,624.482111,596.953291,hspLAEAChinaN
HEL_CA6437AA_AS,32.666767,16.817423,107.709066,89.977166,38.707265,281.159345,61.22381,217.517491,577.280413,484.021613,589.847356,561.131173,hspLAEAChinaN
HEL_CA6435AA_AS,32.523376,17.108008,144.460103,128.353446,44.525209,299.403564,54.864748,230.25037,554.163583,503.713329,600.377167,565.466429,hspLAEAChinaN
HEL_CA6430AA_AS,36.564696,16.131293,133.351465,115.927713,57.789121,299.890776,68.328958,211.296063,547.868172,484.534816,659.267863,551.225726,hspLAEAChinaN
HEL_CA6427AA_AS,23.020193,13.820211,93.700625,84.052873,42.428352,289.347571,61.905076,213.372038,520.448142,493.965056,645.340055,565.346349,hspLAEAChinaN
HEL_CA6426AA_AS,28.483471,16.042274,96.972775,88.918425,40.666081,328.825084,53.555079,236.396854,566.234008,527.463972,650.053273,586.630373,hspLAEAChinaN
HEL_CA6307AA_AS,33.10492,14.546868,128.327074,97.719644,43.708203,267.673828,55.693632,227.607235,579.785219,492.011485,673.971536,561.244385,hspLAEAChinaN
HEL_CA6287AA_AS,32.389015,16.530221,110.952557,101.140937,48.810292,266.385899,49.921001,209.769778,587.308401,501.42418,623.924803,556.819033,hspLAEAChinaN
HEL_CA6282AA_AS,39.216336,20.612556,134.561525,111.6132,58.44856,260.399332,69.417696,250.501008,552.925235,507.658256,654.711559,565.485695,hspLAEAChinaN
HEL_CA6068AA_AS,33.521442,22.960186,120.846607,160.509657,60.450468,262.506037,65.9099,249.167298,562.388911,488.67633,662.056315,539.432228,hspLAEAChinaN
HEL_CA6052AA_AS,38.49228,15.311626,140.31139,125.499375,57.780876,282.923903,56.715612,280.667588,577.199052,554.36027,585.718673,525.113043,hspLAEAChinaN
HEL_CA6448AA_AS,57.680788,32.122996,417.783028,219.064301,86.988576,236.817756,105.303461,195.621411,533.658892,511.560618,588.67758,420.877638,hspLAEAChinaN
HEL_CA6051AA_AS,33.825056,16.503322,107.34511,98.580008,42.75789,279.564107,50.165552,244.308626,592.059838,523.733344,629.097764,551.605308,hspLAEAChinaN
HEL_CA6048AA_AS,34.683774,13.743432,123.508609,107.899324,50.925922,264.443682,68.260289,226.19402,581.624264,515.114715,687.407405,518.307427,hspLAEAChinaN
HEL_CA6046AA_AS,29.919276,15.107979,118.44292,108.33337,41.891931,308.961435,63.446615,248.930126,576.980644,494.045406,612.060505,557.27116,hspLAEAChinaN
HEL_CA6042AA_AS,32.243714,15.854093,120.869903,110.18292,48.334527,288.039437,50.065087,220.272978,587.388769,526.161541,661.712038,559.730226,hspLAEAChinaN
HEL_CA6037AA_AS,32.87487,18.683676,127.290332,129.404272,59.208854,287.623568,62.537457,250.703193,574.649489,492.631221,636.765533,569.364788,hspLAEAChinaN
HEL_CA6035AA_AS,29.363549,13.047283,109.632188,89.107804,38.24368,266.1823,64.412632,201.291822,578.00155,510.097307,642.269293,567.668968,hspLAEAChinaN
HEL_CA6028AA_AS,39.502715,17.399939,156.502667,151.662267,73.226788,304.085641,70.843349,288.287596,580.49253,544.414542,575.222505,493.979627,hspLAEAChinaN
HEL_CA6027AA_AS,27.72654,13.587918,98.370251,93.618568,47.8704,258.021988,62.97923,193.531425,564.831872,544.287596,637.18495,539.452248,hspLAEAChinaN
HEL_CA6022AA_AS,33.06634,13.804388,128.561146,104.556462,42.773695,268.175737,53.236406,217.304687,568.907169,497.009346,618.219901,546.27909,hspLAEAChinaN
HEL_CA6021AA_AS,28.672171,15.3289,110.848869,85.330553,37.743031,285.387957,50.871086,219.89597,587.235359,499.815981,607.499364,556.594537,hspLAEAChinaN
HEL_CA6020AA_AS,25.910342,16.147184,102.134438,90.15494,41.717867,286.495875,65.814187,219.341968,538.300458,524.218456,664.417924,569.37086,hspLAEAChinaN
HEL_CA6050AA_AS,35.542295,20.612339,159.125114,142.781408,57.182114,298.311302,71.523403,263.360458,551.759478,504.423847,656.758706,508.341458,hspLAEAChinaN
GCA_009689605.1,46.545791,18.091538,227.189808,173.756735,69.233953,336.925119,61.964211,362.995755,644.716236,539.849778,454.342115,498.33238,hspLAEAChinaN
HEL_CA6450AA_AS,38.311861,23.593792,168.142978,129.690936,68.507172,295.376117,57.795347,273.95254,616.519018,608.348245,592.871032,495.819615,hspLAEAChinaN
HEL_CA6722AA_AS,42.058656,15.60172,166.999074,176.752396,81.321697,267.849445,55.596921,229.66673,569.694303,501.888663,612.145944,495.094639,hspLAEAChinaN
GCA_000287835.1,34.120335,14.897395,122.248743,118.750575,46.97092,382.34579,56.563344,322.533212,535.971247,505.34509,529.371895,537.908668,hspLAEAChinaN
GCA_000287735.1,26.961596,14.537136,90.567617,87.837433,35.0957,288.666825,58.257197,229.350504,587.45392,490.860617,603.362103,599.138401,hspLAEAChinaN
CB56,38.225663,18.699467,172.487058,139.221656,55.017015,323.287321,70.065502,291.876961,578.777871,539.656957,542.632721,542.330254,hspLAEAChinaN
Yangon222,40.17567,23.170557,160.753509,110.695499,49.889976,258.464432,100.738109,214.109959,584.493437,565.115027,565.596133,482.761624,hspLAEAChinaN
HEL_CA6830AA_AS,35.255914,16.849434,123.989993,102.900428,43.209646,297.346124,61.121648,266.398695,584.684202,508.717292,634.308451,527.249006,hspLAEAChinaN
HEL_CA6829AA_AS,26.375061,14.9509,118.666249,105.253902,44.634589,273.183074,65.522679,210.526039,583.535428,527.208401,690.470204,532.345184,hspLAEAChinaN
HEL_CA6811AA_AS,42.309177,17.097602,200.578398,187.244058,84.36029,314.977164,72.696034,250.108303,572.009746,498.845715,704.345448,542.89128,hspLAEAChinaN
HEL_CA6810AA_AS,26.495715,15.226272,108.927896,99.013232,39.160253,283.054728,57.258894,218.879127,551.550615,490.047309,633.050382,559.282329,hspLAEAChinaN
HEL_CA6806AA_AS,67.172051,21.569871,195.690419,189.389744,96.810672,253.709051,60.536029,233.234735,561.502513,511.566966,639.393769,527.003296,hspLAEAChinaN
HEL_CA6797AA_AS,30.04354,18.227088,138.450628,88.207571,42.005199,309.582469,56.635172,258.976511,584.4673,518.753393,662.785916,583.822574,hspLAEAChinaN
HEL_CA6716AA_AS,40.235718,16.184011,177.466922,152.30634,71.10058,303.538462,65.41783,265.64889,684.290314,632.226577,494.029339,444.955041,hspLAEAChinaN
HEL_CA6786AA_AS,31.176467,17.848902,123.001422,106.553681,50.314618,303.644838,63.675892,214.532726,564.065858,523.452923,682.760502,585.258905,hspLAEAChinaN
HEL_CA6784AA_AS,31.959696,14.636911,130.491968,83.500241,50.461759,287.431436,56.769767,194.983833,559.822547,497.884198,648.689113,573.390996,hspLAEAChinaN
HEL_CA6780AA_AS,36.371251,16.549822,168.284469,145.044314,63.731575,282.348801,58.322369,280.841114,636.791022,607.170347,548.251156,442.917554,hspLAEAChinaN
HEL_CA6779AA_AS,36.017589,16.036557,158.216315,63.491245,42.629742,246.767345,88.471127,201.062742,609.916388,602.853076,618.634676,514.662811,hspLAEAChinaN
HEL_CA6774AA_AS,34.987004,15.8715,137.127921,149.050395,51.86065,301.148544,56.900045,264.616551,593.492721,504.773759,599.39638,484.831794,hspLAEAChinaN
HEL_CA6767AA_AS,34.411495,16.235962,189.486583,78.299186,46.402787,225.432277,90.168794,178.09765,611.350022,617.042987,661.749415,515.974868,hspLAEAChinaN
HEL_CA6749AA_AS,36.702129,14.78503,166.945127,132.349512,56.355082,282.830343,65.845089,219.639645,617.587722,587.86348,642.169503,463.882533,hspLAEAChinaN
HEL_CA6748AA_AS,40.810689,18.446208,160.887858,138.108387,64.737628,261.911827,55.300711,247.059895,595.756721,528.174471,575.249283,510.951778,hspLAEAChinaN
HEL_CA6746AA_AS,37.212686,14.499721,117.098069,113.499816,50.465506,239.659947,57.486711,225.541835,569.305332,517.271662,651.012458,568.635523,hspLAEAChinaN
HEL_CA6734AA_AS,33.465245,19.520776,117.5302,115.939649,44.347042,312.78553,68.134858,228.19816,570.663862,476.064728,674.635196,556.498982,hspLAEAChinaN
HEL_CA6729AA_AS,45.092728,13.517171,148.894438,125.462982,68.533057,275.805346,61.316845,217.956156,560.698171,496.948176,708.510348,514.964261,hspLAEAChinaN
HEL_CA6785AA_AS,25.357827,14.46177,85.813472,81.141557,32.380394,258.180075,56.531262,233.68449,550.806896,505.13748,635.839073,538.082637,hspLAEAChinaN
GCA_013430025.1,25.954909,13.522068,126.152577,81.926276,34.340543,277.071756,50.330398,217.84543,584.700882,529.166742,620.353016,580.674571,hspLAEAChinaN
GCA_013427985.1,41.492583,14.999964,124.012547,122.851977,56.038914,267.795015,57.840752,225.808239,523.122208,538.196997,590.635469,544.605218,hspLAEAChinaN
HEL_CA0364AA_AS,28.970971,20.377628,169.808808,120.29578,45.75308,323.94116,62.063403,301.607555,740.765502,637.475613,415.000333,417.498905,hspLAEAChinaN
HEL_CA0358AA_AS,31.00859,18.064708,143.813531,104.428681,48.465118,320.061846,65.185801,291.837838,765.755992,645.19237,435.115053,435.825532,hspLAEAChinaN
HEL_CA0362AA_AS,33.341718,16.835183,157.838123,166.833276,36.45262,287.533,62.247705,310.130863,727.191376,620.821713,412.19495,382.967584,hspLAEAChinaN
HEL_CA0344AA_AS,41.125803,21.374933,194.305184,146.668088,66.11219,267.825693,51.023687,309.746269,700.103559,639.60967,467.853733,438.976128,hspLAEAChinaN
HEL_CA0341AA_AS,38.338152,15.928362,177.92232,171.942127,86.8419,310.500519,57.256061,298.845423,735.876415,629.302228,392.82483,403.703448,hspLAEAChinaN
HEL_CA0367AA_AS,38.782361,17.532807,179.835453,116.834978,57.706288,311.921212,53.288167,255.757322,741.850114,670.340193,446.601401,428.10138,hspLAEAChinaN
HEL_CA0324AA_AS,37.997987,15.998058,164.697086,116.476162,40.462101,290.764269,59.521981,311.986804,779.210673,670.672174,414.095482,396.818142,hspLAEAChinaN
HEL_CA0252AA_AS,40.973631,13.496672,167.839858,140.928906,65.386073,287.925942,56.119271,323.438664,745.364272,610.26468,465.440924,458.149392,hspLAEAChinaN
HEL_CA0248AA_AS,33.100094,19.620881,159.128165,129.508213,56.470749,294.658418,73.155999,295.494062,712.627007,658.686141,477.825875,444.169144,hspLAEAChinaN
HEL_CA6744AA_AS,39.935449,15.631906,143.03158,130.197216,40.224337,279.153351,52.898647,309.930053,734.872674,626.925457,435.448892,415.236707,hspLAEAChinaN
HEL_CA0245AA_AS,28.899066,15.994567,160.997518,151.728793,49.165454,279.087113,57.00773,277.961662,675.700144,576.552385,444.927362,424.831685,hspLAEAChinaN
CB65,38.871439,17.053023,175.050807,109.718324,43.385682,315.02851,52.196867,358.228958,801.039578,665.243837,361.294789,395.897556,hspLAEAChinaN
CB35,34.475662,16.314412,201.135201,120.351527,56.579153,344.699278,58.265992,333.407822,781.230342,677.871649,369.671114,373.462154,hspLAEAChinaN
HEL_CA0348AA_AS,42.281619,18.307007,182.231535,156.72643,72.908013,292.474029,62.961018,308.756028,731.826329,623.336803,455.481854,447.490481,hspLAEAChinaN
T133,29.474036,15.774614,159.039624,118.281584,44.399788,312.216438,58.614495,336.740671,714.724619,670.266251,440.064382,403.628471,hspLAEAChinaN
CB31,34.190651,16.337502,200.475863,120.40925,56.285607,344.691363,58.377348,333.429188,781.677663,680.118156,369.391327,373.488855,hspLAEAChinaN
CB26,30.717241,16.507405,190.484365,124.05271,41.309356,356.507715,65.726604,400.344568,738.733201,635.145617,394.147085,416.516284,hspLAEAChinaN
HEL_BA8826AA_AS,116.250836,30.164117,484.627424,505.76571,262.229237,451.596919,79.73033,452.306193,391.712411,358.656837,345.748021,358.877673,hspLAEAChinaN
GCA_000262655.1,31.523273,17.149748,169.946288,126.188173,46.642085,297.49513,55.462652,320.778267,736.523948,692.151551,381.18579,411.873948,hspLAEAChinaN
HEL_AA0351AA_AS,31.523273,17.149748,169.946288,126.188173,46.642085,297.49513,55.462652,320.778267,736.523948,692.151551,381.18579,411.873948,hspLAEAChinaN
T209,30.958936,17.848615,167.858979,135.150189,45.458262,339.95996,60.08874,345.719702,747.815112,670.514156,381.827808,386.527326,hspLAEAChinaN
T167,30.654502,13.666528,175.303911,108.122959,44.608742,313.449328,51.40231,340.455812,795.035192,661.550393,366.940699,398.484097,hspLAEAChinaN
HEL_CA0355AA_AS,38.302792,19.080138,187.723338,151.487888,69.648843,291.291567,55.818241,310.456062,716.731631,678.087564,412.24002,461.561715,hspLAEAChinaN
T137,36.325576,15.930663,172.000803,112.20908,41.139096,317.127454,49.924118,322.162238,735.230333,713.294351,402.615726,411.60234,hspLAEAChinaN
CB17,35.653458,16.084967,230.73995,147.237787,50.552144,356.4026,60.989675,404.305885,744.420237,657.429904,358.32548,386.213634,hspLAEAChinaN
HEL_AA6023AA_AS,27.463388,14.578226,170.133609,115.901782,36.887929,318.090091,52.809142,303.498815,747.876247,716.597081,359.109389,411.921858,hspLAEAChinaN
HEL_CA5483AA_AS,84.372586,28.13605,288.002389,191.212043,217.506925,274.683113,194.908497,250.993175,493.739947,475.309056,848.86578,450.762976,hspLAEAChinaNS
HEL_CA5469AA_AS,91.400157,33.072404,257.312951,197.285332,261.461916,276.31327,197.400268,222.208456,505.655416,426.333036,851.156303,412.669616,hspLAEAChinaNS
HEL_CA5656AA_AS,93.359096,27.530193,256.282869,188.575841,304.796162,291.027005,196.04733,220.043518,474.287541,435.548765,775.055538,435.447789,hspLAEAChinaNS
HEL_CA0103AA_AS,34.413579,15.574693,105.714002,101.838192,56.603331,301.344635,57.90151,234.235864,537.740676,490.81425,714.305206,550.691427,hspLAEAChinaNS
HEL_CA4511AA_AS,108.569052,29.379083,330.155673,228.889085,351.247777,256.361957,168.195642,209.189309,495.406867,409.987116,744.539743,427.275941,hspLAEAChinaNS
HEL_CA5487AA_AS,106.817764,26.146288,342.85723,244.509244,328.809197,283.539031,181.529097,205.108421,467.970343,446.154677,746.091841,397.939601,hspLAEAChinaNS
HEL_CA5658AA_AS,89.741983,32.275697,257.258386,190.055023,271.216622,292.173083,191.608818,218.13926,505.314324,440.425438,853.997334,446.420839,hspLAEAChinaNS
HEL_CA5664AA_AS,110.558938,34.892093,273.621754,238.124343,353.275832,277.335971,182.469591,235.19731,491.617939,430.463804,797.637664,416.664526,hspLAEAChinaNS
HEL_CA5318AA_AS,35.155941,18.41978,150.869736,132.599303,59.249272,399.855718,63.531771,275.670211,485.165021,473.566536,516.540771,657.744531,hspLAEAChinaNS
HEL_CA5671AA_AS,113.165975,33.914635,255.618834,199.201383,328.837216,289.473085,183.018318,212.446884,479.536869,427.809022,802.339429,427.937347,hspLAEAChinaNS
HEL_CA5675AA_AS,118.813303,31.136973,253.174499,236.613606,398.039074,258.556689,177.967121,202.697431,479.390738,414.023291,771.418544,412.155391,hspLAEAChinaNS
HEL_CA5681AA_AS,28.520315,17.151322,104.364722,66.769435,43.769804,291.013288,61.662602,212.545221,551.773367,480.966334,746.942937,588.381283,hspLAEAChinaNS
HEL_CA0326AA_AS,33.220637,20.293037,110.13468,86.945495,46.205351,307.792012,59.793345,201.25108,519.27352,464.481239,759.250013,606.503497,hspLAEAChinaNS
HEL_CA5296AA_AS,34.311917,15.547723,128.765131,114.202034,43.492591,445.528252,56.443235,297.909364,497.03979,461.45137,589.681587,622.911161,hspLAEAChinaNS
GCA_013429995.1,27.127343,14.062291,102.317424,84.54571,35.034873,285.824227,59.658625,207.353918,529.07062,463.98255,741.026713,608.310873,hspLAEAChinaNS
HEL_CA0007AA_AS,25.215696,13.426891,109.084244,90.695228,45.102931,282.003839,67.335791,204.602275,520.116098,461.895785,790.930407,566.952983,hspLAEAChinaNS
HEL_BA9982AA_AS,25.740902,12.262918,96.049867,69.210822,39.806141,301.76632,63.811799,257.060989,557.50702,479.833371,760.849085,563.45845,hspLAEAChinaNS
GCA_013430775.1,31.579749,14.97658,109.142299,92.566323,41.538682,266.669601,59.437093,203.11474,466.437885,501.288038,715.562858,625.583503,hspLAEAChinaNS
HEL_CA0004AA_AS,27.943301,13.494978,84.097903,89.28579,39.910527,254.430033,52.553756,232.212796,585.466421,524.36843,603.759144,595.841262,hspLAEAChinaNS
HEL_CA0112AA_AS,25.849564,17.667803,107.845022,80.829347,38.150489,294.756426,65.546159,215.114997,562.488799,497.023255,730.407711,539.874012,hspLAEAChinaNS
HEL_BA9979AA_AS,31.371656,16.798968,96.22142,78.88596,31.547852,287.690229,61.162894,213.811918,513.198363,473.246909,745.525365,563.733802,hspLAEAChinaNS
GCA_013427355.1,27.335928,15.560239,97.703199,79.17209,36.078822,289.151758,65.058207,207.010516,513.67775,489.376291,837.270661,564.902131,hspLAEAChinaNS
GCA_013428945.1,24.221167,16.477326,104.458123,69.804526,34.866376,292.433038,55.157974,218.823754,577.36935,457.817548,676.147255,573.499324,hspLAEAChinaNS
HEL_BA9946AA_AS,33.560203,17.510651,120.368545,83.468085,40.429106,246.286944,75.540236,226.690195,578.780371,438.610452,708.954786,576.23099,hspLAEAChinaNS
GCA_013431185.1,26.301302,12.240843,111.463565,95.791979,38.060609,283.848331,67.630394,241.406309,595.020359,505.433846,693.703016,578.880417,hspLAEAChinaNS
GCA_013430345.1,26.840823,16.059477,103.222925,68.737774,30.539017,302.189049,62.079464,212.039155,532.481002,505.149526,754.673978,582.942719,hspLAEAChinaNS
HEL_CA5307AA_AS,30.929033,14.714298,117.879681,81.141026,34.05104,274.511618,63.23593,221.845746,563.171523,480.070362,687.357991,583.89046,hspLAEAChinaNS
HEL_BA9964AA_AS,35.151772,17.50193,100.276645,93.473126,40.03147,275.813491,58.557078,214.60469,571.331378,483.248354,694.959733,572.586172,hspLAEAChinaNS
GCA_013428975.1,30.029895,16.009618,90.915282,72.383401,29.619972,273.968834,59.778502,218.89037,528.903937,472.944935,701.512721,581.793988,hspLAEAChinaNS
HEL_BA9908AA_AS,23.330623,14.355277,92.970812,86.6295,34.669185,271.796335,67.171441,193.44285,457.575397,404.459962,763.755421,525.387094,hspLAEAChinaNS
HEL_CA0378AA_AS,22.147992,11.578501,90.300669,67.485127,30.26105,270.025193,59.556883,210.247642,515.040617,496.786211,714.625522,620.781426,hspLAEAChinaNS
HEL_BA9950AA_AS,23.357505,16.797042,81.492742,77.005102,34.227952,276.731221,54.226487,185.24327,549.146043,479.275321,664.131877,545.300055,hspLAEAChinaNS
HEL_BA9968AA_AS,26.810021,15.573178,92.895571,70.354262,33.428576,286.172425,66.769115,205.982636,509.265996,452.309258,811.546644,576.363932,hspLAEAChinaNS
HEL_BA9919AA_AS,26.582468,20.107446,112.310932,85.05973,46.552083,318.187335,60.925268,235.353143,587.182235,518.952765,709.255678,577.139637,hspLAEAChinaNS
GCA_013428885.1,31.131161,17.8528,96.844164,91.343254,44.617274,294.285743,55.440148,262.74929,567.856356,450.684691,671.639259,558.923186,hspLAEAChinaNS
HEL_CA5095AA_AS,29.14791,13.824152,87.988632,74.639397,36.052544,322.07391,60.252041,249.171186,514.447838,453.477787,643.970832,710.75138,hspLAEAChinaNS
HEL_CA5107AA_AS,68.443488,14.540428,113.273003,127.584527,58.525738,346.314147,67.573692,247.857341,508.256102,462.41852,698.420892,556.769783,hspLAEAChinaNS
HEL_CA5109AA_AS,28.916092,19.524694,104.741148,102.826166,34.971408,321.413118,71.043914,241.391943,466.412247,445.156056,648.508738,731.854418,hspLAEAChinaNS
HEL_CA5273AA_AS,46.138934,17.02134,98.817842,101.402081,56.417869,302.210519,66.397663,227.570212,481.535741,436.842561,636.840779,620.938352,hspLAEAChinaNS
HEL_CA5997AA_AS,27.124015,14.210085,124.800394,104.949009,60.324653,292.086044,51.678973,222.530454,538.046536,524.912048,714.384287,575.753805,hspLAEAChinaNS
GCA_013429245.1,25.185084,16.401797,105.669173,75.358655,33.735661,287.892436,63.809407,213.020704,569.386123,498.906202,714.633497,568.749841,hspLAEAChinaNS
HEL_CA6003AA_AS,40.175859,14.866847,149.890407,135.514325,64.592929,261.845577,70.389454,204.728479,555.446985,506.634644,686.4174,517.709816,hspLAEAChinaNS
HEL_CA4643AA_AS,33.044384,13.048424,117.001609,69.616336,38.162118,299.809334,70.848463,198.835972,503.456782,451.786059,713.301121,606.447034,hspLAEAChinaNS
HEL_CA6026AA_AS,26.867378,13.553619,103.738628,77.160475,36.228369,282.61548,72.77304,207.179283,531.475744,491.86883,692.570437,567.198738,hspLAEAChinaNS
HEL_CA0085AA_AS,36.895104,14.096033,100.306097,100.587387,46.465878,261.304071,56.751533,213.738349,565.751819,530.509881,689.327009,574.34395,hspLAEAChinaNS
HEL_BA9994AA_AS,27.934718,12.997972,98.589448,79.787381,43.193194,270.47109,53.296119,249.083617,555.562088,494.982596,653.967457,545.870801,hspLAEAChinaNS
HEL_BA9991AA_AS,30.010478,18.075193,108.537698,80.3719,49.511978,279.820589,56.230344,213.702985,530.187989,513.007832,653.813335,586.374085,hspLAEAChinaNS
HEL_BA9961AA_AS,25.709642,15.463843,100.441084,70.77617,41.898365,290.763036,56.412871,224.584522,538.346245,485.208619,688.105265,574.599467,hspLAEAChinaNS
HEL_BA9959AA_AS,30.1605,14.304415,109.289155,90.902671,49.293707,293.88426,61.528848,221.852061,550.160361,506.763305,667.064703,581.716823,hspLAEAChinaNS
HEL_BA9947AA_AS,20.135564,15.559332,103.296517,70.299085,32.500139,282.040396,67.124862,224.147253,550.593433,497.863135,704.96649,596.315345,hspLAEAChinaNS
HEL_BA9939AA_AS,41.74724,15.336454,150.84288,132.957614,63.979568,279.328012,62.760547,233.612456,548.010225,482.551617,625.837051,561.710956,hspLAEAChinaNS
HEL_BA9926AA_AS,27.182243,13.456963,87.948349,87.60959,37.040557,264.086767,52.454201,242.883912,552.709392,498.126512,694.301462,524.754975,hspLAEAChinaNS
HEL_CA0110AA_AS,27.828484,16.827524,93.938932,84.863424,44.304168,276.535289,59.285144,205.63308,571.897194,461.198214,667.438025,551.424724,hspLAEAChinaNS
HEL_BA9925AA_AS,22.791806,12.64046,88.211592,68.429575,33.946397,289.763744,72.072582,228.568998,574.139854,521.912954,687.885529,554.554209,hspLAEAChinaNS
HEL_CA6219AA_AS,82.972008,14.74148,141.433579,174.743718,71.547232,288.911545,65.578119,225.302268,484.939105,422.291192,668.755416,671.32739,hspLAEAChinaNS
HEL_CA6279AA_AS,23.049925,12.239799,87.891049,79.315181,40.622841,257.022209,58.455633,188.255263,529.879628,504.860562,685.881431,570.284906,hspLAEAChinaNS
HEL_BA9247AA_AS,34.585361,13.84542,95.943998,96.620993,45.804903,303.004496,57.959741,225.265316,486.440904,466.851395,655.401893,684.89726,hspLAEAChinaNS
HEL_BA8906AA_AS,51.361677,20.12952,123.925302,123.871051,81.210627,334.454519,61.842997,226.509054,479.278472,413.208567,662.387893,683.611568,hspLAEAChinaNS
HEL_CA6436AA_AS,28.157532,14.82677,117.420349,105.47699,46.967599,277.872736,54.739283,227.393695,572.414901,533.154352,659.659143,556.014558,hspLAEAChinaNS
HEL_CA6235AA_AS,36.043534,17.495641,103.047788,126.176985,62.194064,299.17161,57.052614,209.253965,497.211308,421.989232,577.33538,748.785105,hspLAEAChinaNS
HEL_CA6725AA_AS,37.706012,14.96412,143.063101,101.339391,46.039389,285.28226,67.785427,211.106569,584.743494,524.132857,692.845981,482.908428,hspLAEAChinaNS
HEL_CA6726AA_AS,29.506329,13.916729,139.722488,95.603047,37.08928,264.941141,65.93773,214.585591,591.410399,533.269349,715.99402,509.639309,hspLAEAChinaNS
HEL_BA9920AA_AS,25.842429,15.120668,93.661779,71.820117,34.98327,287.910408,61.586032,218.795624,546.199043,515.289163,700.754168,612.955341,hspLAEAChinaNS
HEL_CA6018AA_AS,25.267621,11.677248,117.988941,93.12346,53.74704,257.004794,54.729994,175.149772,568.815569,481.925859,681.8213,567.626242,hspLAEAChinaNS
HEL_CA0118AA_AS,26.869628,16.531499,84.121749,211.060275,29.235691,231.407554,50.829268,165.428349,438.943938,367.83678,521.030489,418.034981,hspLAEAChinaNS
HEL_CA0163AA_AS,26.322066,17.928923,90.811256,76.57555,31.745487,281.286714,66.150424,194.890588,481.792831,448.226863,783.795569,559.058762,hspLAEAChinaNS
HEL_CA6034AA_AS,31.76381,17.352175,115.498581,89.099521,41.305488,266.245669,55.774862,212.790822,596.971981,491.815689,652.042695,556.58965,hspLAEAChinaNS
HEL_CA6038AA_AS,36.514807,17.032566,122.544224,109.689068,43.900674,279.510746,81.10915,220.178832,514.223481,499.951861,756.432423,495.460923,hspLAEAChinaNS
HEL_CA6053AA_AS,29.164673,13.729368,116.517318,112.239553,43.192949,288.779113,77.041223,221.475543,570.292757,523.164537,685.588099,584.354267,hspLAEAChinaNS
HEL_CA6056AA_AS,31.052006,11.684836,120.498225,86.943136,46.12356,259.863802,59.716285,188.427378,517.124385,513.196996,704.575501,535.42338,hspLAEAChinaNS
HEL_CA0079AA_AS,35.32002,15.219265,126.476233,128.818628,77.187948,302.935094,52.955686,261.208314,514.077478,507.443569,629.233018,568.552479,hspLAEAChinaNS
GCA_006440105.1,146.760484,36.50234,446.824346,424.584209,331.426936,222.364969,114.999863,251.649105,397.908417,378.047379,770.576577,382.319115,hspLAEAChinaNS
HEL_CA0122AA_AS,32.169472,14.133718,85.754243,80.54096,37.411624,289.762029,61.820777,224.120837,542.472179,490.809404,700.046216,550.192483,hspLAEAChinaNS
HEL_CA6161AA_AS,42.929567,22.066413,145.014613,156.398585,68.305058,320.908104,61.143493,238.703346,463.852555,407.364953,643.642058,716.279906,hspLAEAChinaNS
HEL_CA0160AA_AS,31.965521,12.117594,98.369075,71.944941,34.14058,268.480876,75.004302,204.867559,517.128914,450.814541,805.027562,589.820814,hspLAEAChinaNS
HEL_CA4259AA_AS,31.066489,13.957188,177.986093,128.361898,55.072212,358.116262,54.899072,287.026677,481.114869,450.498028,583.280798,590.995656,hspLAEAChinaNS
HEL_CA3785AA_AS,40.887903,16.98972,143.198558,124.01696,57.530533,287.995823,79.138806,208.522868,599.046892,530.237496,657.981514,478.449797,hspLAEAChinaNS
HEL_CA3668AA_AS,25.227094,13.467616,121.011168,85.96342,41.680928,288.215062,69.258817,212.267635,526.212125,495.650357,651.445168,554.655306,hspLAEAChinaNS
HEL_CA0613AA_AS,38.048412,19.449287,119.505044,108.105772,55.952015,405.828718,62.252941,271.920576,482.597576,426.032109,695.925152,595.525786,hspLAEAChinaNS
HEL_CA6180AA_AS,42.387588,20.287429,123.232313,111.605684,58.151087,281.575662,82.551777,201.594873,453.348966,428.969797,997.38966,518.336218,hspLAEAChinaNS
HEL_BA9984AA_AS,24.526553,12.948649,96.860539,86.389259,37.451177,303.341012,58.200296,211.071816,516.652735,488.339526,700.40139,598.269596,hspLAEAChinaNS
HEL_CA0380AA_AS,26.964094,16.758755,94.217466,87.597981,42.150139,281.965097,61.244421,230.236577,487.560331,486.188797,715.345986,599.091736,hspLAEAChinaNS
HEL_CA0374AA_AS,27.745449,13.949163,105.812545,77.737228,36.76231,284.478364,59.154133,190.768926,525.372487,523.410896,743.74748,535.795636,hspLAEAChinaNS
HEL_CA0349AA_AS,52.708111,21.480206,216.897235,224.743989,96.362274,332.654183,67.277603,296.342684,632.992354,549.359685,609.224696,444.238021,hspLAEAChinaNS
HEL_CA4004AA_AS,34.147361,16.242641,100.286009,100.151076,38.604576,268.52666,60.260217,228.423566,514.411653,432.926172,613.493533,709.496634,hspLAEAChinaNS
HEL_CA0098AA_AS,43.908625,15.472407,147.479026,145.808452,76.22698,278.566669,73.299945,208.450457,508.861201,492.00766,769.328793,584.463667,hspLAEAChinaNS
HEL_CA0120AA_AS,33.34164,14.997532,112.150888,124.244475,51.873284,281.907151,59.981757,244.767125,524.965916,503.880397,700.25772,558.807578,hspLAEAChinaNS
GCA_013431035.1,26.923586,14.609316,90.414896,80.809617,42.760527,252.777083,56.053915,217.438739,546.698722,473.326168,716.749773,586.153344,hspLAEAChinaNS
HEL_BA9909AA_AS,23.831395,13.553413,94.398705,70.30563,34.224458,284.860849,68.506373,213.040095,529.304629,426.860915,756.722797,577.59231,hspLAEAChinaNS
HEL_CA4935AA_AS,37.17125,17.168232,102.828716,89.217735,56.414341,273.922016,59.962725,196.423127,491.143956,424.910517,798.488619,594.033151,hspLAEAChinaNS
HEL_AA5898AA_AS,28.030687,15.25527,96.117136,78.80709,35.350272,291.986228,61.601737,222.555603,510.51344,482.506467,719.877237,551.114459,hspLAEAChinaNS
HEL_BA9955AA_AS,26.278108,17.831205,91.12271,79.053181,40.140401,273.513562,65.235171,216.578921,473.428743,497.623694,826.675985,551.766899,hspLAEAChinaNS
GCA_013429675.1,25.805029,14.38567,90.957573,75.135532,36.70901,283.055365,68.586861,212.177581,544.918244,501.844115,743.873677,592.842545,hspLAEAChinaNS
HEL_CA0115AA_AS,28.554582,13.498464,83.086261,88.723484,49.515032,270.990319,54.44742,201.203869,536.434866,492.958002,760.307182,527.934749,hspLAEAChinaNS
GCA_013428455.1,31.280967,14.754245,107.42454,72.596045,38.901218,270.571602,70.182669,206.836618,534.542083,474.72258,783.983187,569.471144,hspLAEAChinaNS
GCA_013427455.1,24.641588,13.750717,107.178184,79.384247,34.826961,285.03324,66.211429,242.777128,548.06752,488.031421,717.228173,549.092304,hspLAEAChinaNS
HEL_CA3902AA_AS,214.94178,40.474577,374.867956,451.297642,401.068151,240.192659,110.541319,269.649989,399.153859,336.361167,740.282855,362.026329,hspLAEAChinaNS
HEL_BA9966AA_AS,29.817196,15.484366,92.614577,84.782449,34.781227,286.688735,60.805805,190.514979,532.383459,476.419418,733.264597,573.407247,hspLAEAChinaNS
HEL_BA9997AA_AS,22.601281,16.873339,95.365989,67.511348,35.54477,294.752471,73.67466,210.411328,537.689087,511.822881,741.508338,586.569768,hspLAEAChinaNS
HEL_BA9931AA_AS,25.15253,13.818004,87.629013,76.55628,35.626916,286.012746,63.83847,219.362956,588.449096,485.647732,712.83421,572.977969,hspLAEAChinaNS
GCA_013428105.1,26.727627,15.257022,84.823961,65.093523,30.539254,266.311987,58.639814,181.280271,480.276112,469.893591,787.857535,628.817861,hspLAEAChinaNS
HEL_BA9911AA_AS,26.096558,11.238975,83.928058,60.955572,36.800863,304.670829,64.942684,226.717307,538.658985,508.486713,695.601744,597.648554,hspLAEAChinaNS
HEL_AA0252AA_AS,26.776323,12.497302,90.116291,80.75521,37.174391,286.84603,72.625132,200.870075,517.655532,500.470748,720.528689,577.667366,hspLAEAChinaNS
GCA_013429575.1,27.322406,16.272628,110.436734,89.981394,39.601735,300.947263,66.263731,237.408258,555.805147,491.583572,641.177093,618.67102,hspLAEAChinaNS
GCA_013430035.1,29.894613,13.821813,92.992408,79.719791,39.307572,280.819005,60.740053,198.35409,531.546829,506.64936,692.053687,629.553552,hspLAEAChinaNS
GCA_013430955.1,25.293049,15.885097,90.874878,83.424772,35.09951,288.609087,62.496036,209.454078,550.129806,483.318231,726.22276,584.565062,hspLAEAChinaNS
HEL_BA9954AA_AS,27.915728,14.299433,101.559865,60.065861,35.73551,272.103133,68.17637,204.242913,496.906734,460.80158,820.815809,562.317402,hspLAEAChinaNS
HEL_AA0250AA_AS,30.585303,14.47729,106.243283,100.626933,43.794846,265.687043,65.748991,207.103954,508.278852,477.185454,751.779202,616.21048,hspLAEAChinaNS
HEL_CA0377AA_AS,50.330023,23.082192,143.601447,200.957326,108.269777,310.323443,74.654282,261.312507,517.215153,485.660569,717.314307,516.146116,hspLAEAChinaNS
HEL_CA4180AA_AS,52.819755,19.606461,242.100959,194.506609,88.880578,252.254145,104.829827,189.259347,428.56165,430.010204,927.237196,459.205445,hspLAEAChinaNS
GCA_013428325.1,26.267969,13.187964,91.593488,76.75687,31.553024,283.713714,54.037016,210.996435,519.678854,521.3468,692.101558,546.146501,hspLAEAChinaNS
GCA_013428345.1,36.456556,13.266199,114.90517,79.755943,39.76452,301.830045,58.97579,188.455085,518.356207,441.41904,769.144056,558.987872,hspLAEAChinaNS
HEL_BA9988AA_AS,25.148781,17.166143,88.763969,65.177019,36.567275,291.665652,66.398848,195.087811,533.51393,444.278898,694.006636,559.518458,hspLAEAChinaNS
HEL_BA9969AA_AS,28.174301,13.829289,94.679433,77.324568,37.164962,310.150407,73.275911,223.487726,520.808121,507.560724,777.001697,589.595415,hspLAEAChinaNS
HEL_BA9915AA_AS,24.05362,13.174758,97.787253,71.18038,35.855395,267.43821,56.845942,214.121049,541.02883,502.855204,744.252127,580.384408,hspLAEAChinaNS
GCA_013429115.1,27.13866,12.691785,98.012044,65.307118,35.19224,310.048685,48.734247,183.900556,506.965577,434.357457,778.54344,628.53081,hspLAEAChinaNS
HEL_CA0119AA_AS,24.555149,16.441719,93.058381,83.908309,34.213395,273.750936,55.927698,242.087361,555.762677,508.736176,683.461651,582.197542,hspLAEAChinaNS
HEL_BA9934AA_AS,31.162842,12.762042,115.01734,113.986223,57.142587,296.363206,59.2774,226.622305,499.544539,472.799501,758.817982,584.676583,hspLAEAChinaNS
HEL_BA9912AA_AS,26.293623,17.138857,91.513248,66.147672,30.258406,293.597102,66.357577,211.710246,554.224849,484.475675,745.555493,554.716701,hspLAEAChinaNS
HEL_CA0199AA_AS,30.155605,18.455003,72.868323,83.080928,47.706738,271.821429,64.039578,215.572746,521.827617,485.693704,787.291029,594.303432,hspLAEAChinaNS
HEL_BA9921AA_AS,34.783953,14.719417,88.209916,84.239158,36.718363,273.822123,48.350763,204.477119,557.862197,473.957759,671.367975,589.686444,hspLAEAChinaNS
HEL_BA9957AA_AS,29.443965,17.413022,122.64874,91.081948,39.334411,313.326621,71.038468,245.969152,581.97197,517.367289,668.780176,542.215838,hspLAEAChinaNS
GCA_013429715.1,34.616149,18.062067,114.869185,97.282056,35.880797,264.51268,75.929675,214.351303,516.024167,489.419006,802.464542,592.888383,hspLAEAChinaNS
HEL_BA9986AA_AS,29.062443,16.60328,119.032871,96.593334,36.742445,291.32761,64.909242,223.923171,554.773125,528.454141,674.041325,631.900574,hspLAEAChinaNS
GCA_013429025.1,27.094267,14.553469,99.888172,66.704598,43.057673,285.66783,70.218569,214.39513,515.657262,460.322973,764.251077,560.958641,hspLAEAChinaNS
HEL_BA9903AA_AS,27.045123,16.282934,91.423389,77.597523,36.680418,284.82332,66.790661,200.058116,514.590868,503.642357,757.54444,562.118223,hspLAEAChinaNS
HEL_CA0114AA_AS,27.813527,14.077716,88.264493,65.764982,36.008486,274.260656,62.08314,215.569594,542.679014,481.166081,702.740705,590.688262,hspLAEAChinaNS
HEL_BA9917AA_AS,26.48144,14.226099,88.674949,74.175981,33.5004,295.262691,58.576125,239.378204,584.142895,482.26764,722.474714,595.475768,hspLAEAChinaNS
HEL_BA9973AA_AS,26.977417,12.782444,85.989001,80.665735,36.433674,296.950944,61.029611,224.994456,577.510343,466.337366,754.200351,607.660491,hspLAEAChinaNS
HEL_BA9985AA_AS,27.233808,20.656725,104.674127,81.820774,37.142122,278.082071,70.842974,216.260226,567.756248,499.415356,688.145104,562.561495,hspLAEAChinaNS
HEL_BA9942AA_AS,24.873323,16.398187,109.743181,80.892783,37.127839,310.241838,75.062665,185.166758,552.780365,436.546766,745.608132,603.097366,hspLAEAChinaNS
HEL_BA9906AA_AS,23.919159,16.378293,89.732098,77.181892,30.684995,330.371613,64.523097,231.04531,563.071629,482.905916,709.29432,593.870674,hspLAEAChinaNS
HEL_BA9932AA_AS,34.728073,15.835322,92.613932,83.480932,36.419778,293.32244,70.156613,217.913433,566.883603,458.548349,757.885716,557.917874,hspLAEAChinaNS
GCA_013430855.1,28.080189,14.318498,111.4991,71.032532,35.035403,303.502775,52.252908,225.321904,523.457161,452.643344,693.098459,634.958924,hspLAEAChinaNS
HEL_CA0076AA_AS,25.118554,14.72972,89.464658,81.752163,31.033872,282.521458,67.184773,228.717219,558.070007,508.22895,707.078733,610.393622,hspLAEAChinaNS
HEL_CA0001AA_AS,26.682154,19.40602,110.353845,70.373966,40.336634,310.334926,61.239421,196.856539,514.651423,447.245057,804.55921,573.614807,hspLAEAChinaNS
GCA_013430365.1,23.795624,11.691238,108.450324,72.1714,35.856947,285.147994,59.089452,232.899217,509.675731,476.607453,792.89721,531.16565,hspLAEAChinaNS
HEL_BA9958AA_AS,35.919747,16.229693,98.881284,74.633716,37.016831,273.15454,64.948912,191.72182,520.740365,501.32029,822.324174,550.432248,hspLAEAChinaNS
GCA_013429195.1,30.566738,12.727012,96.978729,89.912636,48.728163,271.681866,53.323124,196.80348,510.093774,479.446099,790.979594,575.572786,hspLAEAChinaNS
HEL_CA0002AA_AS,27.292056,15.961976,91.805622,65.825729,35.950526,291.691497,71.011464,190.954928,506.891935,445.174138,791.424329,556.441942,hspLAEAChinaNS
HEL_CA0246AA_AS,29.625135,16.531079,110.1891,80.911531,35.107613,281.399611,68.951042,204.283251,552.073198,486.465887,715.696078,544.483205,hspLAEAChinaNS
GCA_013429075.1,23.956198,18.179133,102.527683,87.963057,44.554381,281.747471,64.73846,222.346931,537.451461,479.36302,765.303978,549.009197,hspLAEAChinaNS
HEL_BA9976AA_AS,25.417152,14.667844,88.051858,86.627457,28.540538,258.492695,51.662642,201.578128,547.540242,473.647378,680.496722,577.022317,hspLAEAChinaNS
HEL_CA0242AA_AS,32.744491,15.059053,97.420006,75.775937,32.909545,304.733608,68.628106,217.76154,518.087492,468.380309,773.856631,563.010439,hspLAEAChinaNS
HEL_BA9993AA_AS,25.203164,15.004405,93.674719,88.837756,34.611688,302.604476,66.762818,226.04216,522.761566,498.502208,734.930933,614.402285,hspLAEAChinaNS
GCA_013428165.1,27.139422,14.511879,88.916424,62.28222,40.811405,270.55589,64.536565,229.506674,538.323725,473.228932,692.915983,545.165744,hspLAEAChinaNS
HEL_BA9983AA_AS,36.369481,16.729637,112.250078,84.181241,37.079342,297.321911,59.689601,243.108054,603.753988,510.866574,643.900462,565.883793,hspLAEAChinaNS
HEL_CA6380AA_AS,30.725876,16.984744,118.241655,83.274709,50.084355,375.581327,58.131539,284.087352,503.771336,454.231584,615.999263,592.197606,hspLAEAChinaNS
GCA_013430265.1,28.231689,12.433153,113.64909,64.536523,35.480894,263.839501,59.263073,211.052252,541.777493,505.529762,711.605072,579.179327,hspLAEAChinaNS
HEL_BA9918AA_AS,25.634991,18.080547,114.334484,94.045928,34.921069,295.698605,70.679667,214.969536,486.021828,407.012155,877.805608,545.845773,hspLAEAChinaNS
GCA_013430705.1,31.590601,14.228076,86.042675,84.338811,31.702967,307.178824,67.818283,210.507553,513.797102,508.651151,731.950059,592.019079,hspLAEAChinaNS
GCA_013428215.1,29.747668,17.747082,110.710841,80.025754,27.745966,270.086027,75.013865,196.710183,525.172703,520.245142,762.870955,539.605958,hspLAEAChinaNS
HEL_BA9963AA_AS,20.451111,15.668155,103.202333,81.408815,33.932186,283.565706,61.341263,237.390321,537.454604,520.678974,681.735678,596.762623,hspLAEAChinaNS
GCA_013428365.1,29.417436,12.595951,108.732975,65.866389,32.878777,279.527755,57.984127,224.270433,580.284455,485.298567,717.506686,563.344565,hspLAEAChinaNS
GCA_013431415.1,22.641541,15.420735,95.508981,60.139975,30.365248,275.745133,71.212903,218.713711,545.722782,498.394014,678.757909,596.568582,hspLAEAChinaNS
GCA_013429615.1,27.461668,14.849211,99.432913,77.409314,38.638204,267.926489,65.579438,221.867548,523.463397,475.180865,773.856217,608.551442,hspLAEAChinaNS
GCA_013429515.1,26.151388,18.614016,105.308236,90.268251,36.266285,299.250134,58.740353,195.604812,525.615294,480.284718,761.16481,563.34666,hspLAEAChinaNS
HEL_BA9910AA_AS,32.573315,16.359457,100.996618,85.889127,41.235116,272.401795,64.623196,226.274403,556.664048,468.562733,711.446691,560.443434,hspLAEAChinaNS
HEL_CA0372AA_AS,28.913582,13.472334,128.035633,99.0466,53.060126,297.608278,61.326168,219.887365,518.701256,490.330279,685.182957,581.756499,hspLAEAChinaNS
HEL_BA9956AA_AS,23.732408,10.720141,89.802461,79.034563,36.013106,278.460397,52.797546,224.090999,571.869116,503.346135,634.602416,558.322985,hspLAEAChinaNS
GCA_013429755.1,24.970418,17.373263,91.699889,73.075285,34.564624,281.64022,65.611386,227.270715,555.795286,459.614367,658.454934,594.62169,hspLAEAChinaNS
HEL_BA9975AA_AS,28.458043,13.502861,86.640741,72.439758,36.035788,283.880565,58.275639,198.741712,516.653969,482.64277,801.939827,599.092124,hspLAEAChinaNS
HEL_BA9937AA_AS,24.56493,12.196689,99.055368,72.739749,30.351689,279.57409,67.702796,196.200107,553.546139,465.589256,686.743251,556.991022,hspLAEAChinaNS
HEL_BA9949AA_AS,26.527837,15.569439,124.552931,72.066561,41.094408,275.276538,72.21325,261.76141,611.436122,443.089926,669.449793,564.864216,hspLAEAChinaNS
HEL_CA0101AA_AS,30.177502,14.309287,103.098529,69.188153,31.813238,313.121831,70.645305,216.970959,531.593822,497.115465,791.360004,586.897212,hspLAEAChinaNS
HEL_BA9941AA_AS,25.597393,17.084942,100.800217,72.409553,35.441928,275.169686,70.911354,206.345171,569.936631,498.843007,737.804417,587.689211,hspLAEAChinaNS
HEL_BA9974AA_AS,38.8296,16.361362,90.629423,126.010115,75.500654,293.581395,62.226615,206.212798,525.244188,469.876167,703.840442,570.154108,hspLAEAChinaNS
HEL_BA9972AA_AS,21.261202,13.494761,107.996525,75.373487,35.098131,272.164712,64.139984,180.956686,525.556468,489.512301,752.975299,589.070742,hspLAEAChinaNS
GCA_013431785.1,35.498659,14.815735,99.811802,82.302375,37.800489,281.182327,69.186118,204.418306,497.438105,471.579559,751.230296,548.637017,hspLAEAChinaNS
HEL_CA0000AA_AS,27.281634,14.980434,85.55356,68.667405,31.9313,288.779629,58.634835,230.253415,548.430871,445.38693,807.767908,602.018146,hspLAEAChinaNS
GCA_013428655.1,24.319942,18.617343,93.085587,62.867085,25.950899,273.577746,49.530802,203.004935,552.812663,468.215876,692.021174,575.470145,hspLAEAChinaNS
GCA_013431045.1,31.702346,16.19131,110.75791,112.099939,60.399768,288.595409,64.675693,231.026798,544.936451,506.876907,729.426145,561.580086,hspLAEAChinaNS
HEL_BA9933AA_AS,29.756718,17.47906,102.28567,66.586517,41.152628,262.899401,58.074183,239.065892,493.288867,481.925834,739.528057,588.903475,hspLAEAChinaNS
HEL_BA9980AA_AS,23.104982,12.704568,100.014542,67.498689,36.673943,284.114805,54.034201,202.998229,504.611563,473.149207,782.739215,581.43665,hspLAEAChinaNS
HEL_BA5295AA_AS,28.015123,15.392861,92.721852,89.488963,34.680251,269.945881,60.413792,194.311076,512.213263,466.313644,693.594977,557.45993,hspLAEAChinaNS
HEL_BA9923AA_AS,26.771989,17.31216,108.48337,71.252616,43.174208,281.643628,68.116733,228.962318,515.595402,488.885015,729.810796,587.724081,hspLAEAChinaNS
HEL_BA9914AA_AS,26.862275,11.381992,81.069549,68.358032,33.376598,265.185104,69.146783,192.172477,559.704045,486.609576,708.433914,608.190797,hspLAEAChinaNS
HEL_AA5899AA_AS,26.164925,12.472652,88.62427,72.691688,24.350062,252.855095,45.746841,202.152701,509.192908,483.873084,616.873283,617.359703,hspLAEAChinaNS
GCA_013432035.1,27.191605,13.913958,88.633935,70.501182,36.573679,268.908105,71.098768,181.724321,521.506276,528.869566,748.871572,553.311633,hspLAEAChinaNS
HEL_BA9929AA_AS,26.404311,15.513545,98.149748,75.053312,41.977252,311.856598,74.864332,235.020436,464.833669,408.100959,886.42157,548.417426,hspLAEAChinaNS
HEL_AA0255AA_AS,26.821226,19.355819,85.638321,70.473148,28.942303,284.821202,61.64197,213.726803,540.453193,497.352884,772.505837,578.958222,hspLAEAChinaNS
GCA_013427755.1,34.325254,15.977033,138.262868,122.257377,59.170825,300.250934,67.880259,249.536207,543.412399,496.614707,690.716106,534.561116,hspLAEAChinaNS
HEL_CA4945AA_AS,35.691296,16.517194,127.684401,85.228982,53.429326,264.451973,63.467022,224.996655,456.766395,450.260886,912.663181,490.523699,hspLAEAChinaNS
HEL_BA9967AA_AS,26.294127,14.224989,118.720788,79.649618,45.253733,290.469958,45.381769,215.654094,599.562488,484.775163,691.130837,581.472213,hspLAEAChinaNS
HEL_BA9971AA_AS,30.21548,10.980993,112.124271,82.129283,42.188338,300.452099,68.821408,218.372219,554.126018,474.931269,704.575989,625.076635,hspLAEAChinaNS
GCA_013428735.1,27.024126,15.563427,119.765254,91.541188,34.457855,281.094077,58.569676,226.598529,531.479325,505.798289,660.415809,598.060611,hspLAEAChinaNS
HEL_AA2001AA_AS,30.479296,16.249564,95.743266,107.288631,41.533524,320.889427,52.396995,212.848698,478.647922,463.857852,787.224558,560.990994,hspLAEAChinaNS
HEL_BA9922AA_AS,22.605445,13.513461,91.938517,77.501811,35.53423,302.158386,58.20911,184.699304,526.668241,483.316986,719.530153,597.247887,hspLAEAChinaNS
HEL_BA9960AA_AS,26.705467,13.675266,98.8929,87.793814,37.874484,292.343582,64.379983,213.934986,547.122701,501.653614,753.804764,587.843839,hspLAEAChinaNS
GCA_013429815.1,26.763601,18.135528,127.522949,74.738516,36.349505,274.200453,57.726934,212.851417,582.458324,523.906439,657.295021,531.633009,hspLAEAChinaNS
HEL_BA9904AA_AS,29.872088,16.066951,108.417483,82.34024,47.513963,279.400031,57.41031,218.161335,567.62512,512.658303,675.734563,601.047863,hspLAEAChinaNS
HEL_CA0093AA_AS,29.340844,15.433882,108.452626,73.377017,43.027741,279.050425,66.410889,200.329452,543.289046,489.485543,755.983877,563.496367,hspLAEAChinaNS
GCA_013429375.1,31.146915,14.636503,96.560013,78.407726,38.119616,290.862708,55.374254,204.147283,569.510344,505.258682,743.205234,569.831903,hspLAEAChinaNS
GCA_013428795.1,31.645291,16.716105,122.979045,85.14724,31.514901,323.461365,66.344154,232.41152,522.614783,444.2229,811.693944,498.584808,hspLAEAChinaNS
HEL_BA9977AA_AS,28.91405,16.677112,101.678941,85.882444,43.295329,297.369349,72.425834,228.567177,554.040816,436.40442,746.984753,562.620556,hspLAEAChinaNS
HEL_BA9981AA_AS,25.797732,15.003542,90.990894,78.021976,37.770632,254.148465,62.703339,198.583203,553.469817,498.284074,729.130395,543.772834,hspLAEAChinaNS
HEL_BA9936AA_AS,43.176631,22.199929,123.043923,114.702745,53.933987,289.674918,85.449425,215.740559,506.848055,443.657884,795.633322,550.4308,hspLAEAChinaNS
HEL_CA6727AA_AS,30.498962,14.180909,134.023483,138.725825,50.243812,277.056746,53.98057,186.611855,543.988172,471.96306,681.440211,549.603508,hspLAEAChinaNS
HEL_BA5776AA_AS,53.122943,19.020626,137.166935,116.580799,71.370896,281.650353,73.407874,204.808244,452.758965,418.080583,872.309402,502.548148,hspLAEAChinaNS
HEL_CA6190AA_AS,37.730312,18.925853,106.587043,106.512718,52.127082,348.38437,67.948698,262.694079,471.417537,474.391146,686.618456,601.13058,hspLAEAChinaNS
HEL_CA6732AA_AS,29.051464,17.103283,117.792085,81.100795,37.681574,259.775266,63.911161,184.530658,595.847741,547.950684,672.26207,552.534445,hspLAEAChinaNS
GCA_018120555.1,27.153127,11.789609,93.620148,68.785428,38.958764,275.133212,58.490327,192.70494,506.475931,475.568437,731.236117,571.05017,hspLAEAChinaNS
GCA_018120465.1,30.751261,15.932699,116.965424,91.261326,39.021282,307.516038,61.392688,234.477479,522.616466,496.174032,654.899164,568.406605,hspLAEAChinaNS
GCA_018120455.1,33.35277,16.696902,120.138921,93.812303,49.17366,282.338965,62.321358,206.162916,565.125069,478.300356,712.97135,540.141844,hspLAEAChinaNS
GCA_018120415.1,26.723625,16.938244,101.660902,70.897663,40.290048,281.065388,74.372843,214.73094,530.923611,482.936582,695.323077,588.299228,hspLAEAChinaNS
GCA_018120395.1,26.723625,16.938244,101.660902,70.897663,40.290048,281.065388,74.372843,214.73094,530.923611,482.936582,695.323077,588.299228,hspLAEAChinaNS
GCA_018120375.1,26.719347,16.936661,102.215049,70.910794,40.691274,281.505856,74.396347,212.996131,531.29539,483.121992,696.311301,586.607319,hspLAEAChinaNS
GCA_018120355.1,32.891592,14.862585,104.195363,80.017358,48.363534,278.318272,72.809192,217.532794,536.367555,476.372361,685.188133,571.431722,hspLAEAChinaNS
GCA_018120335.1,26.698249,16.911913,101.666434,72.778467,40.159111,279.052707,74.367724,214.49157,530.914365,482.964119,695.243733,588.290196,hspLAEAChinaNS
GCA_018120315.1,30.214704,12.643228,91.595181,76.25253,44.514295,308.372142,51.561021,206.322916,516.835251,525.304819,709.457399,568.429692,hspLAEAChinaNS
GCA_018120275.1,28.099258,12.238576,105.574659,78.192647,31.651068,290.55863,60.884121,230.748701,526.289865,519.026008,702.262034,587.870363,hspLAEAChinaNS
GCA_018120245.1,25.845187,21.28992,100.221987,80.437273,41.494724,284.639914,52.078667,228.7192,554.324592,529.833759,660.986932,589.121296,hspLAEAChinaNS
GCA_018120235.1,25.296425,15.658831,99.610703,75.87791,33.708841,287.603671,59.001172,226.701233,533.251481,511.135402,796.58158,537.611278,hspLAEAChinaNS
GCA_018120195.1,30.061196,11.840278,108.974428,74.233111,39.454194,279.221099,69.47095,209.665083,534.659917,528.515674,709.754099,578.787875,hspLAEAChinaNS
GCA_018120165.1,25.626451,14.918366,86.584664,61.125521,35.979798,260.325098,53.103057,216.024663,550.372707,456.774499,704.345439,602.182163,hspLAEAChinaNS
GCA_018120155.1,24.046164,17.831659,96.372086,77.135249,34.694733,311.761063,55.152999,239.464817,524.960324,475.118568,751.801661,554.150141,hspLAEAChinaNS
GCA_018120125.1,25.787475,12.771234,81.508416,64.158825,27.373497,270.17091,61.63836,218.0277,532.332882,467.668461,734.242491,555.545829,hspLAEAChinaNS
GCA_018120065.1,26.87344,16.794467,87.703161,69.502915,38.202417,261.955277,66.109254,207.180669,504.789759,474.477126,751.17944,539.814011,hspLAEAChinaNS
GCA_018120045.1,26.717269,16.926676,101.667997,70.890215,40.285298,281.053832,74.366673,214.724765,530.950419,483.021775,695.383606,587.564542,hspLAEAChinaNS
GCA_018120035.1,28.031376,11.627114,108.295735,80.221709,31.661262,291.594687,63.009984,226.447416,526.01725,522.5037,696.470351,576.490923,hspLAEAChinaNS
GCA_018119995.1,28.976142,15.501882,91.844913,90.165748,35.939597,304.618448,57.231278,199.753708,523.367239,459.975483,757.979783,567.836333,hspLAEAChinaNS
GCA_018119975.1,32.689349,13.566824,83.590122,62.449093,31.562361,313.375383,59.633368,186.418943,518.679646,460.962681,737.262,574.975314,hspLAEAChinaNS
GCA_018119945.1,25.378406,15.082491,98.18268,75.02036,39.838893,301.902055,60.332118,211.695144,515.447906,505.236073,762.835528,579.03221,hspLAEAChinaNS
GCA_018119935.1,23.798157,16.782419,98.79266,80.009636,29.182709,300.182339,68.520308,200.952283,516.305797,510.448607,707.019561,571.723715,hspLAEAChinaNS
GCA_018120575.1,21.959734,16.915971,97.449481,91.097832,34.34957,277.853058,58.738018,204.273713,554.69555,488.016825,657.331409,589.004693,hspLAEAChinaNS
GCA_018119915.1,29.887379,16.610635,101.578249,75.290765,33.688808,306.181673,60.529763,217.566364,528.524266,430.83768,702.117105,590.845102,hspLAEAChinaNS
GCA_018120595.1,32.563734,18.063798,112.884045,96.988489,41.910572,308.558436,62.772262,261.390312,537.020422,462.029689,685.273946,574.499211,hspLAEAChinaNS
GCA_018120615.1,28.15213,15.494978,110.75185,84.327959,34.442873,305.365638,54.487399,211.80239,551.777879,495.437543,738.236545,574.282928,hspLAEAChinaNS
GCA_018121505.1,28.986008,13.525759,99.324467,79.968896,45.516369,267.793442,55.776891,214.192091,555.01596,445.019337,746.134784,568.895651,hspLAEAChinaNS
GCA_018121475.1,28.349043,17.136953,109.736161,82.778964,43.059541,299.228524,65.479617,233.528383,592.39415,467.447054,663.831697,599.611893,hspLAEAChinaNS
GCA_018121435.1,27.849653,14.187964,95.001928,72.910565,35.434518,276.058343,60.40487,208.749831,546.340158,484.910182,757.332623,565.341034,hspLAEAChinaNS
GCA_018121375.1,33.698689,18.843685,105.404939,86.955185,42.560274,300.718422,62.357829,242.250429,566.379426,513.181199,736.71835,539.008289,hspLAEAChinaNS
GCA_018121305.1,30.404052,16.041238,93.07373,75.23738,40.152123,306.40996,58.42198,203.379067,517.14222,465.35797,769.193949,574.663128,hspLAEAChinaNS
GCA_018121295.1,24.23975,10.365906,92.553169,72.690042,28.672362,285.038475,65.583217,206.038196,527.90868,467.046804,757.091991,542.332509,hspLAEAChinaNS
GCA_018121255.1,29.397067,15.189533,104.573441,82.595182,45.33352,276.148335,71.593269,213.195505,549.576356,494.514014,735.257188,603.101175,hspLAEAChinaNS
GCA_018121205.1,31.879175,15.080962,100.171448,78.793332,40.332481,266.485126,58.733003,228.142536,553.771821,460.292013,685.491386,558.160293,hspLAEAChinaNS
GCA_018121195.1,26.450442,18.114382,105.919965,72.207317,34.693129,290.75686,61.519197,202.289537,556.380381,510.332446,690.457154,578.566334,hspLAEAChinaNS
GCA_018121145.1,28.302423,15.396206,96.505879,81.495142,34.435947,301.276644,56.741066,219.324483,533.840406,508.031199,660.325826,587.062225,hspLAEAChinaNS
GCA_018121135.1,28.58345,15.620746,99.261187,81.873257,39.866676,286.506874,52.74506,216.785592,546.21268,482.432905,714.94684,571.146863,hspLAEAChinaNS
GCA_018121075.1,27.808775,14.483918,107.698241,80.928239,29.742906,284.186522,62.041217,216.719348,543.613401,450.040061,714.117333,595.106018,hspLAEAChinaNS
GCA_018120995.1,33.869943,17.00999,96.137566,106.444847,43.177432,287.013713,54.682994,224.613709,520.316589,489.096223,724.92963,550.104723,hspLAEAChinaNS
HEL_CA6730AA_AS,32.690401,13.665781,127.639333,91.182065,37.930703,280.672169,73.814792,211.770744,613.240039,519.628559,710.955422,485.521816,hspLAEAChinaNS
GCA_018120915.1,31.366721,18.404218,125.066841,93.651328,50.072481,310.803703,51.895778,240.475768,535.977313,488.976802,680.276851,593.622331,hspLAEAChinaNS
GCA_018120855.1,30.354013,17.95569,98.191602,92.075101,36.762381,281.585156,64.470438,215.820865,532.453101,469.828295,736.805838,588.483456,hspLAEAChinaNS
GCA_018120805.1,31.010269,16.174885,116.783427,78.149815,36.734495,300.91076,67.151987,227.373043,538.712605,464.35042,693.386644,550.861423,hspLAEAChinaNS
GCA_018120785.1,26.728981,16.949702,101.645288,70.855772,40.250885,281.180206,74.346105,214.364956,532.273719,482.841154,694.456023,588.173739,hspLAEAChinaNS
GCA_018120775.1,28.957232,13.591412,97.575402,83.871118,33.138721,304.383765,56.802174,213.612799,531.151778,486.207702,709.883172,566.317534,hspLAEAChinaNS
GCA_018120735.1,29.946461,15.348629,100.399314,86.362252,40.924998,298.910826,85.51125,214.223718,566.752005,463.091779,781.88991,579.806731,hspLAEAChinaNS
GCA_018120685.1,30.037164,19.184483,93.15589,79.932584,33.76718,303.42723,54.587716,199.842295,545.417713,509.662628,690.289412,593.369327,hspLAEAChinaNS
GCA_018120645.1,26.719347,16.936661,102.215049,70.910794,40.691274,281.505856,74.396347,212.996131,531.29539,483.121992,696.311301,586.607319,hspLAEAChinaNS
GCA_018120635.1,25.489346,13.228058,95.192854,71.428986,29.325908,285.460758,64.560599,222.29099,558.78241,473.005422,736.954923,615.534205,hspLAEAChinaNS
HEL_CA0489AA_AS,63.684264,21.473749,173.033821,148.217455,82.713944,253.453321,85.976017,208.651001,468.425564,409.794961,990.116443,458.44761,hspLAEAChinaNS
GCA_018121615.1,32.095405,17.03754,97.880719,80.511474,40.822567,273.838121,67.799537,226.077699,530.005349,484.319181,726.837779,590.474468,hspLAEAChinaNS
GCA_018119875.1,27.229123,15.359637,98.605161,86.09322,42.905478,307.899267,64.839369,215.503164,535.537928,509.923579,732.632095,533.275463,hspLAEAChinaNS
GCA_018119815.1,31.332616,17.863391,93.309349,76.178426,37.490339,283.298369,65.139986,215.867939,552.830544,498.956096,761.390741,543.574873,hspLAEAChinaNS
HEL_CA6776AA_AS,47.544797,21.405157,155.093298,204.661628,79.762284,305.384932,69.011307,293.631485,458.276185,432.601227,578.531292,694.188999,hspLAEAChinaNS
HEL_CA6789AA_AS,30.060904,16.296952,115.25133,137.34821,39.416103,294.633103,72.680008,205.743167,491.411172,479.815306,711.211074,573.949331,hspLAEAChinaNS
HEL_CA5756AA_AS,25.018093,15.446526,101.783078,72.433631,38.942009,329.230321,59.004675,241.103106,477.256118,427.560265,545.355899,751.495613,hspLAEAChinaNS
HEL_CA6814AA_AS,34.304843,12.200627,125.852511,84.231535,41.821005,272.022584,56.851839,258.287368,563.030768,534.754071,590.107971,560.151405,hspLAEAChinaNS
GCA_018327845.1,29.728307,12.011476,114.31618,91.749978,46.54943,435.312124,54.684491,279.301979,467.879342,434.03433,470.982202,706.4183,hspLAEAChinaNS
HEL_CA5287AA_AS,24.080775,12.581961,79.937319,59.374214,30.447931,314.376441,65.86097,208.269048,483.207691,456.48155,582.15766,801.249393,hspLAEAChinaNS
HEL_CA5163AA_AS,23.443758,12.819391,96.705482,67.251135,30.976711,523.267964,50.685365,286.251148,470.545287,410.424166,455.656718,635.169174,hspLAEAChinaNS
HEL_CA5144AA_AS,25.910694,17.30592,97.911306,88.608991,35.226769,453.847274,59.373365,296.623946,485.121038,413.247101,478.443411,724.117264,hspLAEAChinaNS
HEL_AA0335AA_AS,65.351489,24.342607,224.211855,252.00749,133.093893,321.592903,80.001919,274.302949,454.34952,411.04651,470.846365,692.183777,hspLAEAChinaNS
HEL_CA4636AA_AS,37.552101,13.971492,107.752397,93.64833,57.520234,360.168414,51.203919,234.827241,495.086376,426.838357,561.284169,749.012208,hspLAEAChinaNS
HEL_CA4628AA_AS,44.442473,18.240796,127.778789,136.801583,72.86862,305.995203,54.16098,253.78564,466.586661,413.978737,602.265243,713.326004,hspLAEAChinaNS
GCA_013430445.1,32.569113,13.985394,142.181446,137.639121,55.526307,303.804638,55.480327,285.504795,642.687166,534.406469,617.253855,517.620802,hspLAEAChinaNS
HEL_CA0333AA_AS,30.484636,14.43392,93.104619,81.641755,30.931153,273.857189,55.431154,217.788093,531.188511,466.31888,705.04161,579.647887,hspLAEAChinaNS
HEL_CA6267AA_AS,103.804104,30.147468,336.624017,290.738507,194.329933,236.842461,95.742722,222.018593,415.542714,395.578345,863.672597,412.285884,hspLAEAChinaNS
HEL_CA4619AA_AS,36.443436,17.07197,97.318655,93.835569,38.552179,295.759109,56.626243,200.445822,460.684308,434.127387,577.631226,767.511071,hspLAEAChinaNS
HEL_CA3705AA_AS,37.492759,19.299593,163.416346,132.504827,70.519653,245.597673,94.315992,179.756275,524.36538,477.138809,843.89197,503.379073,hspLAEAChinaNS
HEL_CA0109AA_AS,33.730644,17.202358,139.403099,119.981625,57.73536,274.925082,67.389044,217.921539,478.69543,470.694742,711.583757,522.531589,hspLAEAChinaNS
HEL_BA5577AA_AS,37.731014,13.518859,99.844913,104.888816,45.05915,309.431709,58.181815,222.446455,459.556091,422.008909,676.362629,715.950577,hspLAEAChinaNS
HEL_CA0096AA_AS,22.99402,13.398674,92.966351,86.887911,31.644916,263.490874,51.011888,217.334539,504.248891,452.781893,655.098839,561.155912,hspLAEAChinaNS
HEL_BA9927AA_AS,37.389681,16.445503,116.475386,112.674021,50.103883,301.850955,65.998353,221.698808,571.064998,470.105998,670.907267,638.374304,hspLAEAChinaNS
HEL_AA0256AA_AS,21.707574,17.321387,87.855454,66.357883,38.969781,246.250241,54.056163,204.428316,527.192826,488.484874,751.430071,601.038738,hspLAEAChinaNS
GCA_013429805.1,26.500114,14.73756,80.796062,80.670155,30.373516,271.445021,57.39268,213.184342,557.943447,509.268565,675.430361,601.23177,hspLAEAChinaNS
HEL_CA0610AA_AS,31.094081,12.092349,111.389927,92.072931,38.947674,306.815436,53.729236,218.178038,512.428847,399.650426,607.736967,716.139932,hspLAEAChinaNS
HEL_CA3263AA_AS,205.158315,27.404816,356.026879,397.657287,341.743135,247.097421,108.788989,274.370108,434.733406,402.12771,779.609846,398.669985,hspLAEAChinaNS
GCA_018119825.1,26.724703,16.948119,102.199435,70.868903,40.652111,281.620675,74.369608,212.630146,532.645497,483.026564,695.444247,586.481831,hspLAEAChinaNS
GCA_001940185.1,24.408,13.504797,88.492831,78.050158,37.93912,314.628013,72.640877,208.875524,526.846714,490.092447,735.789124,568.957219,hspLAEAChinaNS
HEL_CA5863AA_AS,25.328651,20.808282,92.917142,70.846221,30.698602,290.475427,64.777998,190.448393,510.839157,426.870908,646.065428,757.168781,hspLAEAChinaNS
GCA_018119705.1,29.704991,19.91488,101.537855,89.469881,43.768399,312.931126,69.869097,215.844774,536.54439,480.135735,786.43382,602.308324,hspLAEAChinaNS
GCA_018119695.1,28.164978,13.605352,113.455123,76.598224,38.246348,289.323075,56.405042,209.743735,527.064117,500.421421,773.572796,604.409466,hspLAEAChinaNS
GCA_018119675.1,22.784844,14.049584,86.193494,77.978002,29.156081,302.771164,57.863972,209.54131,569.854213,502.693957,662.156468,587.352722,hspLAEAChinaNS
GCA_018119635.1,26.918477,19.057606,106.716865,78.335681,35.1728,318.336547,64.413044,244.140352,589.816799,480.738721,691.144878,565.916391,hspLAEAChinaNS
GCA_013432085.1,35.437665,17.456667,92.119773,82.538577,36.291648,280.117648,56.536308,194.016878,494.071125,466.695667,782.439281,584.312709,hspLAEAChinaNS
GCA_013431975.1,35.703551,17.086411,96.781791,86.879444,45.368734,271.707265,47.587576,203.951869,567.91227,495.787824,648.849254,577.172407,hspLAEAChinaNS
GCA_013430635.1,28.629687,13.435139,119.009838,101.605697,37.179582,300.045764,60.84383,211.82242,536.628444,512.511197,667.712435,587.206174,hspLAEAChinaNS
GCA_013430545.1,42.365326,16.961499,127.659009,101.885435,53.954107,284.997707,72.240595,245.765933,542.347922,509.494826,670.587127,535.250288,hspLAEAChinaNS
GCA_013430435.1,25.809808,13.888182,92.926301,74.922956,36.238789,266.725394,61.182364,190.83812,534.921458,475.61519,780.239439,573.406121,hspLAEAChinaNS
GCA_013429285.1,26.293029,16.649608,89.503362,70.660029,31.000748,263.740494,57.657072,211.606566,530.052859,468.542809,744.555389,589.539372,hspLAEAChinaNS
GCA_013428685.1,25.285667,14.245579,78.748087,74.197648,39.110429,291.371202,52.811972,206.492414,548.919863,485.480622,681.081547,567.374755,hspLAEAChinaNS
GCA_013427295.1,28.298464,17.283899,90.843447,88.409859,41.156842,276.772791,58.99131,198.694249,520.798051,472.431295,756.314886,609.652015,hspLAEAChinaNS
GCA_013183915.1,32.84235,20.485776,152.259091,134.501652,59.879114,401.459278,65.659878,275.330403,483.159403,473.154758,513.593506,660.274006,hspLAEAChinaNS
GCA_009690985.1,25.763917,13.486623,112.377512,86.251126,32.99207,288.147386,68.828432,213.895088,544.239469,501.249462,712.765832,568.823445,hspLAEAChinaNS
GCA_009690375.1,25.526039,16.934438,102.002907,85.911367,46.468995,286.506519,56.451923,207.009085,530.449074,522.379435,657.217944,576.429201,hspLAEAChinaNS
GCA_009690345.1,31.202161,17.099052,95.860826,82.192962,44.535176,296.654116,56.471048,193.330568,545.332283,478.13469,695.410842,577.456591,hspLAEAChinaNS
GCA_009690275.1,37.833293,13.618314,95.874569,103.666286,53.133889,280.360925,62.38316,209.497383,537.082615,489.575478,670.151116,557.637422,hspLAEAChinaNS
GCA_009690225.1,24.969476,15.254252,93.30501,75.85045,36.291547,297.485076,68.893769,244.584004,532.803939,461.202,756.298972,538.48614,hspLAEAChinaNS
GCA_009690185.1,26.991589,12.71633,110.361567,115.711819,51.483791,292.297554,55.509268,203.660141,584.836189,517.260847,620.294414,565.757514,hspLAEAChinaNS
GCA_009690045.1,31.498773,15.216144,87.744211,75.95575,36.484535,312.619615,58.697941,200.069415,538.096785,457.258886,749.003479,543.027212,hspLAEAChinaNS
GCA_009690015.1,24.455429,18.789342,106.483192,73.1625,34.397011,310.52543,60.567077,217.735972,521.117281,492.671613,753.0003,532.304818,hspLAEAChinaNS
GCA_009689925.1,29.63438,13.175029,100.102949,84.184576,31.328818,283.151726,51.431863,214.410235,588.43944,526.879358,629.698156,592.733941,hspLAEAChinaNS
GCA_009689805.1,26.42663,18.012544,93.711567,69.023598,36.263,263.423485,62.703633,209.08329,522.827819,516.297159,691.811309,589.099082,hspLAEAChinaNS
GCA_009689625.1,30.992896,16.24312,122.787033,98.914269,48.775134,302.890544,55.191034,233.193655,555.166093,528.480989,638.475029,588.491861,hspLAEAChinaNS
GCA_018121695.1,28.256552,18.04436,107.436639,100.837748,39.742549,277.350134,73.408434,196.041886,485.372167,467.178229,808.654002,572.086459,hspLAEAChinaNS
HEL_BA9989AA_AS,31.067485,10.922484,109.672218,64.686428,34.504127,280.590743,51.037715,208.471131,546.65933,481.448857,755.643933,562.054191,hspLAEAChinaNS
GCA_018121705.1,37.947546,13.565446,102.307089,104.795829,35.968182,299.196071,62.45392,228.115234,570.818352,482.27391,732.647614,525.636048,hspLAEAChinaNS
GCA_018122255.1,26.719347,16.936661,102.215049,70.910794,40.691274,281.505856,74.396347,212.996131,531.29539,483.121992,696.311301,586.607319,hspLAEAChinaNS
HEL_BA9901AA_AS,40.768225,18.767265,121.979925,94.187791,49.419799,360.716919,60.097292,243.880464,513.320852,473.297013,702.876798,568.105028,hspLAEAChinaNS
GCA_018121955.1,34.302481,20.938867,95.281937,75.497795,42.077489,304.568818,67.966049,207.041976,541.824324,449.517836,790.259959,536.725045,hspLAEAChinaNS
GCA_018121935.1,30.552306,15.023511,96.455244,73.805963,36.582629,282.504685,64.166224,217.829228,524.937235,491.952749,703.288941,553.084856,hspLAEAChinaNS
HEL_AA5727AA_AS,47.323933,22.248689,223.392876,148.470535,82.667935,316.30994,59.496336,298.096236,595.462025,547.923204,521.611372,480.985842,hspLAEAChinaNS
HEL_BA5451AA_AS,28.784303,17.306878,98.811633,78.734418,37.953744,279.521346,67.633853,212.129293,503.160533,449.213378,745.246673,592.403933,hspLAEAChinaNS
GCA_018121915.1,31.919755,16.852274,102.485243,89.231954,40.265806,280.161186,68.649664,228.524535,563.553109,459.849399,781.22318,547.311456,hspLAEAChinaNS
GCA_018120495.1,22.374568,16.737993,103.292122,73.705967,36.62356,289.92789,60.391009,260.633132,524.794295,477.330329,621.22722,614.155828,hspLAEAChinaNS
HEL_CA5285AA_AS,43.09278,15.727241,160.507537,167.251256,62.817247,605.751066,65.571716,331.728393,441.100932,393.759763,403.056295,605.400143,hspLAEAChinaNS
GCA_018328245.1,38.952473,22.684917,155.041402,142.069452,67.452282,340.545501,70.430182,296.587959,492.421459,401.692081,688.614413,553.87873,hspLAEAChinaNS
HEL_CA6792AA_AS,30.811314,15.629607,127.691784,80.911869,43.439828,271.691712,68.544965,224.527015,610.311962,544.600166,740.347389,497.493759,hspLAEAChinaNS
GCA_018328265.1,60.369819,16.280882,122.861179,120.680004,92.895856,348.955473,62.979214,263.200478,507.968903,452.262154,648.315102,612.276586,hspLAEAChinaNS
HEL_CA6791AA_AS,28.276692,12.814809,110.713088,91.445156,41.86479,267.161088,73.350642,202.075195,620.020818,540.059121,668.556634,526.036826,hspLAEAChinaNS
GCA_018121895.1,32.736559,16.387806,115.185607,127.894482,43.565683,273.68282,63.560565,197.845485,530.426896,468.974852,674.871137,534.397934,hspLAEAChinaNS
GCA_018328285.1,52.17086,19.588791,119.303942,110.096923,60.232633,325.174247,60.333214,230.665022,468.221931,437.55376,744.215194,652.030884,hspLAEAChinaNS
GCA_018121965.1,26.279425,18.152431,112.750392,79.805882,33.436585,298.985367,44.725882,209.682399,520.316472,480.772901,711.812271,601.753054,hspLAEAChinaNS
GCA_018122145.1,26.719347,16.936661,102.215049,70.910794,40.691274,281.505856,74.396347,212.996131,531.29539,483.121992,696.311301,586.607319,hspLAEAChinaNS
GCA_018121975.1,29.458876,17.359612,98.243005,67.217595,34.483894,284.585068,61.250402,228.907436,535.723844,483.234539,746.261566,571.573131,hspLAEAChinaNS
GCA_018122225.1,26.791072,17.003218,102.49023,71.176004,40.833993,282.167251,74.646612,213.090435,529.56212,480.481999,696.551761,585.934464,hspLAEAChinaNS
HEL_CA6198AA_AS,33.197142,17.355181,83.967706,86.641473,39.14662,339.084156,66.559233,223.311233,486.948424,399.122803,533.333988,800.08821,hspLAEAChinaNS
GCA_018122125.1,26.723625,16.938244,101.660902,70.897663,40.290048,281.065388,74.372843,214.73094,530.923611,482.936582,695.323077,588.299228,hspLAEAChinaNS
GCA_018122115.1,27.145938,11.694958,95.948036,61.342046,32.437217,299.842007,51.97645,225.560237,515.349043,437.803021,770.855762,580.97886,hspLAEAChinaNS
GCA_018122065.1,33.101814,14.076404,104.384211,84.957959,53.538599,295.858902,66.271865,210.031382,556.673991,473.127541,733.030102,585.301401,hspLAEAChinaNS
HEL_CA0598AA_AS,27.205461,13.331027,107.039009,108.600841,42.135973,355.175458,56.564684,254.482073,522.992463,455.043238,523.759436,652.868108,hspLAEAChinaNS
GCA_018122055.1,29.254546,15.838215,86.913778,72.098254,32.498507,306.255087,63.688096,201.656414,533.409915,444.079628,733.986211,595.296527,hspLAEAChinaNS
HEL_CA6199AA_AS,34.787152,16.512714,116.715002,103.29224,60.275433,332.073506,61.454838,210.283743,485.701836,404.405357,521.483617,794.109361,hspLAEAChinaNS
HEL_BA5447AA_AS,29.893213,14.258758,94.369964,82.621854,30.876827,285.351101,57.786317,215.855072,502.929282,517.752505,709.643185,562.318518,hspLAEAChinaNS
GCA_018122185.1,26.755984,16.949344,102.281592,70.986163,40.719204,281.641159,74.431167,212.7107,531.467338,483.121624,697.895989,586.502639,hspLAEAChinaNS
GCA_018122215.1,26.717269,16.926676,101.667997,70.890215,40.285298,281.053832,74.366673,214.724765,530.950419,483.021775,695.383606,587.564542,hspLAEAChinaNS
GCA_018122025.1,24.029955,12.991431,96.485328,74.645865,30.150329,272.191258,52.809751,231.799473,583.443834,477.290063,725.438075,579.04133,hspLAEAChinaNS
HEL_CA5695AA_AS,137.545603,30.675138,241.381586,242.679486,522.543961,262.914739,181.333584,231.006102,440.208968,399.343051,757.899672,387.348332,hspLAEAChinaNS
HEL_CA6798AA_AS,40.950594,23.827995,167.673702,157.35467,70.082406,293.647712,68.713731,235.612782,546.865554,481.825649,683.17571,565.482214,hspLAEAChinaNS
HEL_CA6801AA_AS,34.023736,16.167713,112.41873,109.012683,45.481063,265.371142,57.25308,214.493194,599.275489,491.637923,640.529451,572.548011,hspLAEAChinaNS
HEL_BA4998AA_AS,34.794867,20.024985,93.515068,75.846205,45.906055,295.361002,71.047745,188.992197,524.264461,476.92099,733.454157,516.303839,hspLAEAChinaNS
GCA_018122015.1,30.593578,15.140399,94.465433,78.265763,42.775121,273.891979,61.8484,229.659697,501.846878,469.270969,785.382882,569.207173,hspLAEAChinaNS
GCA_018121855.1,24.493808,12.612815,93.179435,73.141227,29.790756,300.671762,56.848089,195.07081,498.63648,478.855293,681.394049,589.579959,hspLAEAChinaNS
HEL_AA0167AA_AS,26.061388,13.647954,102.813599,70.215921,33.307487,302.393234,59.527827,197.497278,511.042366,455.633537,658.020952,731.953955,hspLAEAChinaNS
HEL_AA2004AA_AS,36.922668,14.607561,98.286507,71.146434,36.620275,306.320458,64.219134,187.110421,488.496673,458.353648,759.118524,537.554853,hspLAEAChinaNS
HEL_CA6227AA_AS,47.935575,19.173333,142.300203,160.752676,72.33605,352.035683,70.052907,221.370761,469.302205,415.697995,499.738941,779.089462,hspLAEAChinaNS
GCA_018121825.1,29.946461,15.348629,100.399314,86.362252,40.924998,298.910826,85.51125,214.223718,566.752005,463.091779,781.88991,579.806731,hspLAEAChinaNS
HEL_CA6735AA_AS,38.380773,18.661787,112.796407,114.051123,64.084329,293.699504,85.327232,206.558364,522.659322,466.447278,779.96966,521.225126,hspLAEAChinaNS
HEL_CA6822AA_AS,34.767121,15.713661,95.766392,211.822469,43.4538,272.142675,58.939599,221.78074,544.449179,470.405318,631.232781,503.297774,hspLAEAChinaNS
HEL_CA6823AA_AS,31.544454,20.391922,117.844876,101.008673,49.696158,286.030956,64.547016,218.943549,484.13571,527.229977,744.279575,562.582557,hspLAEAChinaNS
HEL_CA6819AA_AS,39.636026,17.431594,133.466439,90.503071,45.349758,283.786219,70.238658,222.560754,583.627351,505.775391,694.424216,479.737816,hspLAEAChinaNS
HEL_CA6816AA_AS,39.959751,14.788792,124.506048,108.971599,52.936711,262.776008,74.851818,222.053222,616.186632,522.189647,744.52797,486.474343,hspLAEAChinaNS
HEL_CA6815AA_AS,30.432457,14.061512,125.928639,99.244388,41.834709,265.499024,69.87795,215.393258,569.165531,554.648617,761.152397,474.472205,hspLAEAChinaNS
HEL_CA6740AA_AS,28.662739,13.545028,121.934289,106.165933,59.409517,275.892613,51.692658,228.74427,538.63696,520.044951,714.168809,570.306931,hspLAEAChinaNS
HEL_CA6824AA_AS,31.521098,17.137624,123.246988,102.5362,57.340196,257.14877,72.499529,214.479431,570.24071,532.514011,772.905378,511.562771,hspLAEAChinaNS
HEL_AA4455AA_AS,26.704413,15.241453,89.928421,74.470822,28.834897,299.188035,56.078789,217.917807,478.717263,403.337007,637.159591,785.530289,hspLAEAChinaNS
HEL_CA6790AA_AS,34.043294,13.285043,146.555408,85.205716,39.812152,278.063926,67.537546,230.430982,604.186999,509.210755,693.357304,484.874139,hspLAEAChinaNS
HEL_CA6750AA_AS,30.562484,13.365367,105.74657,89.437443,43.943645,261.310895,70.210435,214.778754,609.865456,557.542969,668.800043,504.985354,hspLAEAChinaNS
HEL_CA6826AA_AS,47.790409,21.732715,167.411071,169.195498,92.358572,285.575763,79.305688,228.17651,506.272111,495.40922,705.286754,512.156381,hspLAEAChinaNS
HEL_AA0331AA_AS,29.405182,15.74933,101.069781,86.741229,35.38017,321.305889,62.420325,227.114799,477.988422,397.405279,687.652348,685.050159,hspLAEAChinaNS
GCA_018122175.1,26.723625,16.938244,101.660902,70.897663,40.290048,281.065388,74.372843,214.73094,530.923611,482.936582,695.323077,588.299228,hspLAEAChinaNS
HEL_CA6835AA_AS,26.475383,15.76086,109.601355,86.222656,52.487349,285.43517,65.177853,215.187713,538.139563,501.965545,697.712317,544.666072,hspLAEAChinaNS
HEL_AA0241AA_AS,27.160154,13.809546,92.812694,64.130832,33.589683,287.689458,58.397225,197.981156,486.416285,441.316567,741.272937,683.131369,hspLAEAChinaNS
HEL_BA4773AA_AS,24.166374,11.653076,87.592621,70.509493,29.47458,276.651095,61.496078,216.985152,580.008638,506.495127,692.506878,581.547603,hspLAEAChinaNS
HEL_CA6783AA_AS,27.387473,16.372214,134.868477,101.994068,55.469921,262.661004,64.118899,246.384985,585.31236,501.054687,679.170238,549.480336,hspLAEAChinaNS
HEL_AA0253AA_AS,24.9739,13.373758,95.146612,70.034061,39.214479,304.602456,65.206333,208.994937,577.706705,496.876669,750.963104,598.839676,hspLAEAChinaNS
HEL_CA6860AA_AS,24.937084,19.150261,88.578594,76.861942,33.350773,295.391912,60.481063,207.129988,527.915027,457.950948,742.429524,578.987266,hspLAEAChinaNS
HEL_CA6857AA_AS,30.583499,14.90583,95.759134,70.08833,34.497168,275.809641,60.56981,205.176639,544.49557,443.405161,862.313117,601.22062,hspLAEAChinaNS
HEL_BA4184AA_AS,23.765718,14.422554,91.613842,71.612046,32.336509,288.31747,63.224253,211.592765,543.294836,500.949707,677.233228,536.34024,hspLAEAChinaNS
HEL_AA2006AA_AS,37.628612,15.251963,111.562294,127.792055,92.609302,275.832506,63.373436,215.330997,514.879639,445.575866,789.891413,540.062522,hspLAEAChinaS
HEL_AA1999AA_AS,57.654172,21.334874,127.197993,119.128114,167.192087,268.434645,57.937067,200.318842,507.247169,419.927924,806.557505,524.556941,hspLAEAChinaS
HEL_CA5909AA_AS,57.875349,19.886399,186.239565,158.623582,97.399139,251.89268,83.846742,200.842365,511.244408,408.47798,854.504802,468.645193,hspLAEAChinaS
HEL_CA6398AA_AS,39.08249,19.294045,133.158592,98.168817,38.425428,302.100206,143.931948,226.637146,394.645294,365.105986,1020.85695,523.148043,hspLAEAChinaS
HEL_CA5926AA_AS,50.003027,21.338824,171.75852,146.407235,75.294174,310.918014,155.916167,232.79694,386.687735,390.124078,1025.058713,452.572513,hspLAEAChinaS
HEL_CA6409AA_AS,37.230978,19.284929,124.62752,93.810545,47.141309,332.452195,161.208837,231.016306,399.247608,348.288153,1010.422451,502.760294,hspLAEAChinaS
HEL_CA6399AA_AS,41.508906,16.797982,114.004523,93.453891,46.475887,325.754274,148.603496,232.621701,405.658272,363.696554,1027.13618,485.158647,hspLAEAChinaS
HEL_CA6401AA_AS,39.484041,17.793501,139.888712,100.829707,46.168186,335.825662,142.044094,227.045545,384.079396,375.459592,1049.67477,470.137907,hspLAEAChinaS
HEL_CA6408AA_AS,35.676735,17.433862,127.161584,83.593143,49.482647,322.578479,124.751536,225.315131,408.195101,384.257009,1022.135019,486.215376,hspLAEAChinaS
HEL_CA6407AA_AS,40.849834,20.147122,127.213866,103.660207,45.616616,348.995019,162.183397,227.283506,387.868981,371.682603,1019.732937,457.519754,hspLAEAChinaS
HEL_CA6405AA_AS,38.350116,20.935179,124.988333,104.129783,45.09946,341.274954,170.226737,236.376613,370.444536,369.113809,998.318518,499.067012,hspLAEAChinaS
HEL_CA6404AA_AS,35.146037,15.658423,117.328968,98.687948,43.868991,331.640968,162.420408,236.030262,392.315252,352.097515,1030.432125,479.552736,hspLAEAChinaS
HEL_CA5924AA_AS,51.148548,23.081812,176.466919,153.210206,77.252255,312.407105,144.795251,232.91703,407.262144,408.444088,989.649686,482.298,hspLAEAChinaS
HEL_CA6189AA_AS,32.452283,14.108652,105.49963,100.277419,41.313194,311.591837,56.766262,205.376198,481.12024,408.589299,652.902143,699.486045,hspLAEAChinaS
HEL_CA0068AA_AS,30.664552,19.176629,107.986804,82.172892,40.575607,287.776521,80.054775,224.734571,507.797962,473.726492,892.301826,549.807675,hspLAEAChinaS
HEL_CA5923AA_AS,51.426064,24.630498,159.997715,159.710779,63.010419,298.155762,154.009912,223.092138,378.879242,402.332092,958.290332,481.472343,hspLAEAChinaS
HEL_CA5865AA_AS,40.517382,17.549943,141.998234,139.848688,58.473115,307.825113,70.306019,264.398056,496.030349,416.993229,650.803321,646.715239,hspLAEAChinaS
HEL_BA9978AA_AS,37.596824,14.256129,117.639014,93.732062,43.125948,282.366591,79.47116,186.731641,489.806439,431.998129,792.118433,572.059371,hspLAEAChinaS
HEL_BA9970AA_AS,26.939927,15.215128,102.156068,80.592761,37.201657,295.423934,68.184726,223.291012,511.954285,469.505272,810.055537,548.914369,hspLAEAChinaS
GCA_013428185.1,24.897295,14.390866,107.623548,78.584454,40.285354,268.794114,70.684031,217.401454,512.973594,486.274903,830.922376,581.135314,hspLAEAChinaS
HEL_CA5665AA_AS,42.63657,16.869692,191.451074,116.89164,66.389842,271.664737,84.149628,224.971527,497.728634,428.791055,793.459706,515.037601,hspLAEAChinaS
HEL_CA6374AA_AS,35.060395,21.693325,124.719444,90.535687,42.876242,350.942285,161.881332,223.676981,408.594814,362.799824,1018.649715,470.239369,hspLAEAChinaS
HEL_CA6371AA_AS,38.796211,17.342766,118.201167,101.736827,43.777207,348.177984,154.227097,219.382825,401.118555,353.478184,1016.41589,461.793959,hspLAEAChinaS
HEL_CA6240AA_AS,34.339934,16.87596,131.774496,123.18382,63.53446,301.327431,61.523131,204.177301,481.339853,448.833097,706.821101,660.684546,hspLAEAChinaS
HEL_CA6370AA_AS,43.840277,17.222141,126.405666,94.008325,45.317799,349.30701,149.797771,223.091786,400.923342,351.636059,1004.860362,493.153037,hspLAEAChinaS
HEL_CA6276AA_AS,34.805235,18.032003,128.707434,116.082657,57.201836,253.264192,66.850828,215.605714,479.404651,428.464739,864.39283,540.901311,hspLAEAChinaS
HEL_CA6369AA_AS,37.373224,17.792798,115.531124,91.739945,40.13245,334.469518,143.12607,238.373841,384.504242,373.328064,1025.567821,500.921186,hspLAEAChinaS
HEL_CA5936AA_AS,60.421966,21.706969,174.786565,147.519986,104.94491,284.13412,149.522616,233.00125,396.345665,352.778804,1023.419729,481.57892,hspLAEAChinaS
HEL_CA6368AA_AS,32.583874,18.352364,126.915124,95.119532,43.899706,339.752366,160.863999,222.69612,386.904706,369.643597,1041.262314,473.383275,hspLAEAChinaS
HEL_CA4942AA_AS,57.101158,18.641841,130.326071,138.187522,188.511207,273.98547,69.794433,204.78672,492.024341,472.290253,779.851385,507.374806,hspLAEAChinaS
HEL_CA6747AA_AS,32.026529,12.299402,111.560275,104.042373,37.127276,296.858386,61.45238,230.426575,520.08867,469.674762,773.203709,569.573687,hspLAEAChinaS
HEL_CA6280AA_AS,34.531259,18.151873,108.944617,96.083231,40.21566,276.727351,71.929068,183.151809,501.901232,467.261397,887.543451,561.574994,hspLAEAChinaS
HEL_CA6367AA_AS,37.420231,16.168047,142.137674,83.59844,49.132716,339.749985,133.338793,236.056012,417.777308,370.088169,1042.075919,525.021394,hspLAEAChinaS
HEL_CA6289AA_AS,33.297656,17.225357,123.727168,111.113296,50.912509,288.710878,73.115761,194.196365,504.946865,465.58428,854.474109,526.765429,hspLAEAChinaS
HEL_CA6294AA_AS,40.023492,19.136385,121.027263,92.994877,42.792731,273.959816,75.114335,210.746546,464.172712,436.230138,879.848401,566.584819,hspLAEAChinaS
HEL_CA6364AA_AS,36.811931,18.84861,133.518318,92.188628,41.706211,326.160291,140.61011,226.727508,384.16809,355.010844,1007.14481,502.49,hspLAEAChinaS
HEL_CA6360AA_AS,39.917852,19.318467,112.451488,90.927454,41.216801,328.004654,164.401565,218.954246,403.743988,366.158037,1032.200483,451.956551,hspLAEAChinaS
HEL_CA6737AA_AS,47.643119,17.68984,192.44879,118.935783,53.390379,290.075968,74.841412,196.261507,470.778904,430.29268,834.41307,513.061044,hspLAEAChinaS
HEL_CA6491AA_AS,68.923676,21.308253,125.184508,140.55214,234.925888,293.258837,74.611462,232.644049,502.394093,450.677093,771.908126,509.308674,hspLAEAChinaS
HEL_CA6358AA_AS,42.366535,16.215906,113.998437,98.690972,46.547559,336.105832,157.839958,222.935822,388.514991,368.641481,1034.977327,464.268199,hspLAEAChinaS
HEL_CA6357AA_AS,37.925116,15.318856,121.410898,94.9675,37.903669,321.669477,160.688742,225.403776,382.973037,364.203809,1030.44564,485.604348,hspLAEAChinaS
HEL_CA6612AA_AS,34.742969,18.727999,102.418722,97.970386,53.491134,273.018427,79.457862,226.616375,464.193258,500.160572,856.193777,550.405158,hspLAEAChinaS
HEL_CA6613AA_AS,37.629873,16.45522,103.835559,81.882489,44.461576,265.772703,66.230983,204.733882,503.839476,421.804579,857.700668,543.847998,hspLAEAChinaS
HEL_CA5937AA_AS,43.838465,22.241664,162.772911,164.910066,73.99138,297.945388,137.506427,217.008537,382.199268,373.537658,1004.607149,459.252042,hspLAEAChinaS
HEL_CA6769AA_AS,25.298694,16.332122,100.833019,79.885144,38.181834,292.911383,69.078932,200.364559,494.275761,468.083294,837.992454,555.763811,hspLAEAChinaS
HEL_CA5933AA_AS,45.785751,27.810928,179.270558,157.013168,77.436167,293.623828,159.000226,233.028926,406.373591,380.271477,956.634933,463.721664,hspLAEAChinaS
HEL_CA3884AA_AS,51.732629,21.100937,133.127947,125.196839,82.749418,274.7148,77.200539,188.848829,497.186127,407.538068,1036.273212,455.778787,hspLAEAChinaS
HEL_CA6375AA_AS,39.242946,18.651816,129.561188,85.153556,48.202543,318.664329,129.676532,224.623051,433.97069,404.089688,1003.832859,497.788327,hspLAEAChinaS
HEL_CA6396AA_AS,36.80616,17.025513,123.184693,92.326107,42.078866,327.892542,139.284256,245.31554,382.325829,350.805341,1016.442237,484.090931,hspLAEAChinaS
HEL_CA5693AA_AS,26.001491,13.152365,77.726281,67.608027,39.645345,292.414897,69.881207,210.713003,511.833061,465.422239,823.81933,571.757543,hspLAEAChinaS
HEL_CA0243AA_AS,23.781727,16.028771,95.218042,77.8895,34.582712,254.97423,77.238398,192.07231,507.317462,466.731346,791.016292,581.30219,hspLAEAChinaS
HEL_CA4190AA_AS,73.574043,18.719086,152.563327,143.103302,75.772104,335.467299,217.049532,266.438548,376.540006,348.250442,972.490701,485.770308,hspLAEAChinaS
GCA_013430665.1,29.674745,15.952196,92.713735,80.849165,41.908578,274.073906,80.616827,198.517656,496.058114,427.144759,878.126887,577.479435,hspLAEAChinaS
HEL_CA6394AA_AS,36.808734,16.971614,114.977043,102.775326,40.840806,328.395465,154.996298,224.743186,405.5559,357.406912,1014.081661,502.175423,hspLAEAChinaS
GCA_013430515.1,23.738835,12.833737,103.106341,73.152578,40.786656,303.231322,74.527503,217.035644,500.718164,442.855924,886.928583,551.80511,hspLAEAChinaS
HEL_CA6392AA_AS,40.640355,16.082604,127.265632,88.559456,47.504405,348.42523,143.323314,228.528585,386.020696,369.225967,1040.659378,471.275773,hspLAEAChinaS
HEL_CA6390AA_AS,36.421438,18.259803,127.792207,98.468833,47.591868,347.495074,166.39871,240.263145,385.073257,372.171998,1035.39844,469.098757,hspLAEAChinaS
HEL_CA6388AA_AS,44.011344,20.857154,127.49172,91.891175,50.252367,336.209384,153.021832,240.540361,381.818019,363.735827,1057.456561,487.376162,hspLAEAChinaS
HEL_CA6387AA_AS,39.545785,16.438469,116.274357,101.807189,44.22967,348.851641,146.345379,232.77398,391.340664,375.553579,1003.909847,483.431095,hspLAEAChinaS
HEL_CA6386AA_AS,38.836383,16.228378,126.728223,95.615107,47.624362,332.927208,145.129271,240.158737,420.189744,357.591396,1055.863531,454.266034,hspLAEAChinaS
HEL_CA6385AA_AS,35.07981,14.353797,136.656921,85.888685,40.205914,330.436919,143.718201,221.166152,384.765251,360.568534,1028.518837,489.777505,hspLAEAChinaS
HEL_CA6382AA_AS,38.813495,15.742509,110.594849,82.937054,43.5688,322.320343,150.121592,237.741742,391.188974,390.01442,1023.319804,519.660257,hspLAEAChinaS
HEL_CA4944AA_AS,45.130988,21.883381,131.397984,114.313767,62.90782,264.422851,66.662521,214.752559,490.355709,422.393096,849.652295,537.793793,hspLAEAChinaS
HEL_CA6381AA_AS,37.468749,15.759219,111.718381,98.540839,46.945064,339.733676,150.465234,227.696064,393.765013,353.663759,1018.287054,483.780815,hspLAEAChinaS
HEL_CA6379AA_AS,34.970016,15.791752,122.980414,102.655004,41.329531,342.396305,154.394789,237.862709,411.422192,359.735714,1007.246365,493.646497,hspLAEAChinaS
HEL_CA5934AA_AS,50.589611,19.345647,160.914862,131.322115,55.998518,297.604536,145.756773,204.165901,395.51114,388.583849,986.585006,450.711997,hspLAEAChinaS
HEL_CA5935AA_AS,40.938105,19.677082,154.740102,102.379828,43.622441,309.787071,173.365125,237.03684,422.517325,399.74956,1069.309095,460.796729,hspLAEAChinaS
HEL_CA6377AA_AS,34.327333,18.569745,122.204241,97.899056,43.596579,344.417742,155.624404,227.594861,386.715883,372.565037,1046.958781,463.187766,hspLAEAChinaS
HEL_CA6376AA_AS,33.493491,15.938012,134.679414,74.255527,45.376538,332.264732,140.553209,231.770085,410.335062,352.586656,1054.146137,516.66843,hspLAEAChinaS
HEL_CA6158AA_AS,50.702546,19.405385,129.84729,149.447889,72.846102,295.253853,71.570088,229.339303,461.267482,403.251479,819.754594,531.570171,hspLAEAChinaS
HEL_CA6223AA_AS,48.911721,16.803512,149.185596,168.853492,72.259543,268.869788,66.982197,238.633944,482.008016,470.262082,634.460747,638.113494,hspLAEAChinaS
HEL_AA0165AA_AS,47.104168,18.186581,136.664378,119.745693,56.951752,333.42459,69.184688,229.81089,392.726152,395.593422,698.808195,712.539798,hspLAEAChinaS
HEL_CA6411AA_AS,34.652981,19.541417,122.735769,95.545761,40.752916,339.822692,151.195116,240.496537,364.525206,372.895898,1039.651472,443.689776,hspLAEAChinaS
HEL_CA6191AA_AS,29.982171,14.385241,101.589188,88.282711,38.839122,291.918869,74.800666,208.643063,492.21068,420.497028,889.77626,549.574823,hspLAEAChinaS
HEL_CA6414AA_AS,37.06893,18.502276,121.188587,97.389815,42.681846,347.300267,155.718654,230.948798,380.629404,363.63148,1034.49576,462.962779,hspLAEAChinaS
HEL_CA5732AA_AS,50.663438,26.127642,219.602969,161.94063,59.710009,333.700976,205.886456,240.995806,391.835689,396.473155,925.585545,465.928176,hspLAEAChinaS
HEL_CA5481AA_AS,108.154041,24.524336,256.178551,237.212279,156.173827,264.307567,151.909997,222.792179,443.893065,382.629647,884.167209,454.282775,hspLAEAChinaS
HEL_CA5474AA_AS,40.706824,19.702621,135.894036,111.167404,48.122756,304.33308,279.970129,226.839964,391.733972,359.457246,971.176896,467.98615,hspLAEAChinaS
HEL_CA5473AA_AS,43.309621,20.532228,118.986261,87.669134,47.27684,320.38134,196.351929,208.258969,407.732146,361.25633,1012.227189,508.230675,hspLAEAChinaS
HEL_CA5472AA_AS,45.561237,21.61973,237.676004,153.678926,76.353329,308.711594,160.215467,236.505862,479.181698,407.623389,870.185687,435.826327,hspLAEAChinaS
HEL_CA5471AA_AS,76.506036,27.082411,397.116064,182.121759,94.081799,293.548956,137.82432,240.503791,455.189335,396.638328,849.167645,415.070064,hspLAEAChinaS
HEL_CA5470AA_AS,46.207718,17.817174,133.891938,106.868601,51.559296,348.985531,229.191386,273.935093,410.354772,369.026576,979.485531,484.071768,hspLAEAChinaS
HEL_CA5755AA_AS,75.314701,25.426775,304.857266,224.655048,132.912343,249.367138,97.803866,208.36143,380.392583,386.591897,972.244372,456.337104,hspLAEAChinaS
HEL_CA5407AA_AS,39.46703,18.675045,144.769483,100.203067,50.506223,305.664089,184.976468,235.434071,384.9333,369.151436,995.689066,488.454576,hspLAEAChinaS
HEL_CA5828AA_AS,28.389506,16.362339,115.62382,107.692623,46.210412,260.791667,68.390763,200.770665,458.676159,430.505708,903.280452,525.99111,hspLAEAChinaS
HEL_CA5813AA_AS,49.369568,14.104169,115.136029,105.761623,56.90363,294.195562,67.664948,234.261627,516.703429,464.540287,797.470452,521.803371,hspLAEAChinaS
HEL_CA5694AA_AS,29.783809,14.404748,109.053688,90.685467,38.695598,303.770849,82.122677,210.308041,451.18723,430.216149,860.81643,551.342609,hspLAEAChinaS
HEL_CA5152AA_AS,89.811169,23.347215,318.361674,313.867207,185.893923,232.741878,114.788599,251.045494,420.262403,387.991941,910.987578,401.712541,hspLAEAChinaS
HEL_CA4958AA_AS,37.768937,20.554259,122.523076,132.816355,63.354388,293.86346,89.074806,195.946417,479.967895,420.447066,991.298728,526.938523,hspLAEAChinaS
HEL_CA4523AA_AS,39.809588,14.223749,129.461604,89.339481,46.35255,351.371465,299.945772,225.323075,389.614533,402.540435,984.599457,491.454288,hspLAEAChinaS
HEL_CA4506AA_AS,45.060676,20.385728,181.857667,114.317271,55.932477,307.247105,205.374309,230.776126,388.247626,373.973335,976.838629,503.15331,hspLAEAChinaS
HEL_CA4495AA_AS,43.676104,24.00703,163.372006,103.818148,40.768162,302.590461,169.049674,235.670203,422.339678,410.187919,1025.140261,483.945705,hspLAEAChinaS
HEL_CA5643AA_AS,35.799569,19.102332,117.449072,81.615981,52.98999,264.156121,65.583729,213.867073,490.914729,450.528923,832.064844,551.78452,hspLAEAChinaS
HEL_CA5617AA_AS,40.048519,13.041268,106.107716,78.402046,50.212837,282.603394,67.217885,184.981467,500.034225,460.453349,830.364986,547.997569,hspLAEAChinaS
HEL_CA5507AA_AS,40.794686,16.928146,127.049355,103.694417,74.563882,293.414715,76.21022,216.878564,462.576978,471.774591,847.039527,521.226074,hspLAEAChinaS
HEL_CA5224AA_AS,64.11173,25.877071,403.757158,234.152609,127.232712,247.441619,97.480588,199.883697,372.462785,392.421012,923.052358,389.721732,hspLAEAChinaS
HEL_CA5486AA_AS,34.384429,16.579281,93.153532,95.07612,57.066481,278.850601,67.21249,218.38683,500.526352,448.417457,825.506797,566.500908,hspLAEAChinaS
HEL_CA5701AA_AS,42.508163,17.394712,123.386773,88.586216,56.816484,314.517825,115.093852,215.916123,417.267398,408.70568,1027.441941,502.242683,hspLAEAChinaS
HEL_CA5492AA_AS,44.051161,16.810984,137.554699,105.529504,49.305573,307.583621,184.182673,222.436812,420.388566,378.116218,1000.978992,482.392068,hspLAEAChinaS
HEL_CA5663AA_AS,46.235151,19.387873,131.851183,94.302977,38.708041,323.105716,178.289402,229.008595,389.192888,352.253695,1050.502062,473.220629,hspLAEAChinaS
HEL_CA5676AA_AS,50.15427,27.694186,165.676078,123.011114,82.817276,316.79,227.060342,231.807697,376.447207,396.606224,990.485561,448.551622,hspLAEAChinaS
HEL_CA5683AA_AS,40.42621,21.870781,134.164941,115.313612,43.379908,280.593876,217.985811,235.650757,368.385504,361.411805,998.736814,458.563182,hspLAEAChinaS
HEL_CA5642AA_AS,47.883024,23.117552,174.519136,129.089556,71.197742,315.724865,206.975609,230.03928,411.169527,402.435997,950.263572,509.032855,hspLAEAChinaS
HEL_CA5984AA_AS,80.148259,25.344865,314.431949,233.778082,157.676704,251.040762,85.396393,224.772334,496.497923,416.807901,736.849825,457.893222,hspLAEAChinaS
HEL_CA5977AA_AS,49.912535,26.43783,198.785688,134.147746,114.695448,272.530564,77.67521,224.652705,471.124727,399.989297,781.634249,487.945945,hspLAEAChinaS
HEL_CA5970AA_AS,44.068744,17.051929,172.453363,160.311391,90.816698,266.894387,81.689861,218.443572,468.855104,461.307652,800.807472,524.715644,hspLAEAChinaS
HEL_CA5901AA_AS,47.357495,16.173276,114.095616,99.887944,57.618241,333.94018,60.238499,264.741364,486.137438,429.114378,806.07624,567.062679,hspLAEAChinaS
HEL_CA5893AA_AS,42.422084,14.995203,129.642309,106.777957,69.358876,282.825815,66.02314,205.75531,505.412544,473.944013,817.580102,543.258364,hspLAEAChinaS
HEL_CA5488AA_AS,64.300564,26.761511,258.778645,148.630057,83.456543,294.899736,154.44854,245.609515,455.148751,415.397954,905.592333,459.401928,hspLAEAChinaS
HEL_CA5868AA_AS,46.473491,21.443639,150.270795,105.428377,88.560799,274.882926,71.733566,212.075556,468.221385,429.578701,875.994681,518.787167,hspLAEAChinaS
HEL_CA5849AA_AS,28.416163,16.663861,88.224078,83.75512,36.562516,268.286492,61.952037,201.934008,514.580552,423.616969,702.815851,669.655265,hspLAEAChinaS
HEL_CA5844AA_AS,33.648386,16.139018,114.485374,97.478325,43.108138,298.649574,92.126276,191.274803,484.056823,453.442477,894.018869,543.921704,hspLAEAChinaS
HEL_CA5545AA_AS,82.559413,22.846174,321.561786,274.923745,178.537298,287.996133,142.694164,248.842353,382.005443,348.138638,899.335682,409.673277,hspLAEAChinaS
HEL_CA5839AA_AS,46.465338,18.397161,228.688885,145.678264,70.152491,271.697738,66.815946,212.926576,511.787366,456.899594,846.33986,503.968707,hspLAEAChinaS
HEL_CA5518AA_AS,36.208247,17.802774,139.54015,105.738788,56.557532,337.02191,389.093763,231.599977,374.81319,369.122197,982.494235,478.701648,hspLAEAChinaS
HEL_CA5837AA_AS,53.661479,15.974876,162.507669,132.484004,93.626469,273.894866,84.609553,224.46496,514.174987,454.974767,812.641807,520.643916,hspLAEAChinaS
HEL_CA5832AA_AS,38.064459,16.534808,119.631396,77.315952,50.705106,275.146824,84.717893,212.140592,487.158227,428.867057,865.566827,502.567064,hspLAEAChinaS
HEL_CA5830AA_AS,36.143085,13.204159,115.35877,84.003032,43.012264,279.184212,70.137694,228.816718,477.454322,457.659862,866.118887,491.525156,hspLAEAChinaS
HEL_CA5504AA_AS,43.574637,24.228558,127.783778,95.786107,51.10668,325.0538,323.084198,215.94877,383.336292,353.685147,1014.194579,497.804046,hspLAEAChinaS
HEL_CA5856AA_AS,39.050691,14.898854,122.115835,107.088128,64.334149,277.398097,75.043601,199.825017,500.60955,487.55025,821.781985,556.023206,hspLAEAChinaS
HEL_CA6529AA_AS,60.521157,24.193175,244.28897,160.678181,86.836431,291.157314,135.358014,200.787522,422.130978,379.930538,974.948352,456.18342,hspLAEAChinaS
HEL_CA5303AA_AS,37.779116,16.495313,156.036906,135.646689,58.917898,352.747436,73.380634,271.343578,473.767772,410.320024,678.033681,648.840094,hspLAEAChinaS
HEL_CA5297AA_AS,31.378829,18.864289,126.622787,98.340789,40.029686,297.332345,68.558362,207.751189,539.141537,418.750453,805.215306,552.112837,hspLAEAChinaS
HEL_CA6167AA_AS,51.168704,18.02142,147.072288,134.414784,84.908536,309.157541,67.942133,240.142266,490.674236,443.546997,707.431535,676.692052,hspLAEAChinaS
HEL_CA6169AA_AS,35.401104,22.042411,111.529748,94.528068,64.058802,255.993355,80.443435,213.311257,490.129253,403.516488,890.415082,505.903281,hspLAEAChinaS
Yangon173,45.165945,22.382103,188.822153,161.281952,53.851129,273.872432,91.200035,210.432606,454.213152,409.767902,793.894755,481.723757,hspLAEAChinaS
Mandalay38,42.054144,20.987129,130.780218,145.59356,63.022286,273.267591,87.086451,210.6358,484.142736,451.149042,766.845118,506.843744,hspLAEAChinaS
HEL_CA6172AA_AS,36.183559,19.802909,130.813528,141.001616,71.87265,297.748494,65.254593,240.578535,469.222298,418.617167,708.90523,662.744428,hspLAEAChinaS
HEL_CA0006AA_AS,27.931459,16.415896,96.257769,75.290141,35.514141,294.481059,69.869064,213.956422,508.331389,465.005393,867.317131,547.370923,hspLAEAChinaS
HEL_BA9940AA_AS,33.563282,15.163351,108.590225,115.604927,51.342877,285.312397,68.295252,217.078906,461.939488,449.742964,901.721025,509.570074,hspLAEAChinaS
HEL_CA0003AA_AS,23.347946,13.932939,85.565365,57.387277,30.040447,293.65655,68.774862,184.651211,502.663074,447.545088,777.610642,555.031471,hspLAEAChinaS
HEL_CA5843AA_AS,73.025005,21.306634,214.411669,205.23778,124.269629,260.779357,75.840742,221.067099,483.845357,409.921563,863.829944,477.280347,hspLAEAChinaS
HEL_CA6606AA_AS,38.804077,14.238676,103.820806,94.558952,51.291444,264.583479,78.884987,208.040751,462.043684,410.874657,967.390486,492.759459,hspLAEAChinaS
HEL_CA5670AA_AS,62.685344,21.990159,215.671855,137.251797,64.293823,315.471059,204.982999,230.916293,458.640261,431.525413,929.286676,469.385369,hspLAEAChinaS
HEL_CA6495AA_AS,40.704835,19.142622,120.816416,78.839401,49.093689,338.115622,148.855191,213.410218,398.295217,375.17704,1028.400214,440.25795,hspLAEAChinaS
HEL_CA6193AA_AS,28.425957,15.866859,102.782634,86.934396,36.576001,314.779401,67.643121,200.37808,454.108037,406.54307,699.706928,671.846124,hspLAEAChinaS
HEL_CA0081AA_AS,33.097373,14.953249,92.171258,92.676611,42.970202,293.226363,84.004856,190.204405,475.405562,421.531278,930.300529,532.875917,hspLAEAChinaS
HEL_CA6217AA_AS,51.315193,23.58964,148.850349,164.684976,81.517412,305.827652,71.427269,215.991638,491.185961,445.48805,690.465305,610.428971,hspLAEAChinaS
HEL_CA5881AA_AS,51.912214,19.693003,182.176411,154.070869,84.526173,250.238781,75.301189,206.40293,473.76121,414.384683,911.466103,469.807903,hspLAEAChinaS
HEL_CA6424AA_AS,41.447545,17.380289,132.243001,100.003574,47.294045,358.329915,154.572344,225.903484,397.738062,366.459779,1028.40816,472.783124,hspLAEAChinaS
HEL_CA4946AA_AS,36.564876,15.111269,109.896767,97.549822,84.949088,268.702857,68.137954,211.897252,492.293954,428.96227,790.436076,566.640571,hspLAEAChinaS
HEL_BA9948AA_AS,24.42831,16.273467,118.277919,67.193827,37.626224,250.074752,56.909426,201.289917,512.001132,476.406547,770.960903,543.20503,hspLAEAChinaS
HEL_CA6417AA_AS,38.696048,18.609672,123.462604,77.692835,42.795333,335.565533,148.743018,227.721575,388.605883,371.290115,1035.87783,502.185818,hspLAEAChinaS
HEL_CA5860AA_AS,60.943932,23.016529,197.951042,190.244083,100.620233,274.814947,73.51343,220.000048,493.935021,404.223019,853.229991,476.81841,hspLAEAChinaS
GCA_013430935.1,29.256296,17.27839,104.731442,89.780474,39.648037,286.054257,70.109403,225.177778,493.754643,474.687163,839.754498,531.667531,hspLAEAChinaS
HEL_CA6505AA_AS,108.459468,24.461004,241.171741,202.43739,157.729031,249.893983,104.264684,219.5289,455.817954,415.686731,896.969775,443.365814,hspLAEAChinaS
HEL_CA4947AA_AS,48.731295,15.905578,120.534533,108.027479,99.679152,284.284266,74.274022,212.334372,503.199998,460.157899,896.214965,535.192517,hspLAEAChinaS
HEL_CA5139AA_AS,28.726605,16.407974,103.019652,82.089341,45.32416,287.107855,88.466213,179.78543,433.607395,404.935139,924.448601,551.54873,hspLAEAChinaS
HEL_CA5126AA_AS,69.359439,23.163983,184.103238,199.952256,115.929969,321.904086,75.982327,247.718947,463.418988,463.276602,818.89213,500.105003,hspLAEAChinaS
HEL_CA5112AA_AS,38.740247,18.377656,114.973905,97.793726,40.648573,345.994844,58.889637,228.366887,502.440867,421.620564,707.893024,640.008614,hspLAEAChinaS
HEL_CA5778AA_AS,94.627189,30.803356,453.211276,409.197731,253.425312,267.9396,114.781446,233.666458,365.39087,375.325779,874.576186,355.592195,hspLAEAChinaS
HEL_CA5102AA_AS,30.669128,17.323852,119.354982,137.928141,53.654925,349.614686,74.414986,217.130212,451.983081,416.809613,733.119886,619.740534,hspLAEAChinaS
HEL_CA5092AA_AS,49.718757,15.929093,129.136743,119.939247,62.21408,369.226205,60.346028,231.062483,522.27629,454.53251,731.259923,564.100918,hspLAEAChinaS
HEL_CA4972AA_AS,35.717624,17.968851,98.717123,107.521411,74.873421,284.371663,78.54025,198.842747,512.739786,451.632593,869.691365,530.719822,hspLAEAChinaS
HEL_CA4963AA_AS,37.904315,16.55023,117.354087,114.105688,62.044689,270.045063,87.781044,244.901229,519.790604,504.259892,785.988286,517.959307,hspLAEAChinaS
HEL_CA4961AA_AS,36.436744,17.055845,115.425064,90.103867,51.988864,284.189998,77.293822,209.118947,477.024319,432.343367,847.020021,550.73495,hspLAEAChinaS
HEL_CA4959AA_AS,36.550411,13.395346,105.701996,73.27497,51.799905,267.150429,71.742331,218.281507,504.25544,451.118638,887.468708,595.148769,hspLAEAChinaS
HEL_CA4956AA_AS,32.338768,17.911684,117.411861,87.223221,44.028972,262.523899,82.976102,205.357951,554.271211,455.691952,876.146279,559.049359,hspLAEAChinaS
HEL_CA4955AA_AS,53.652407,19.45389,125.566761,127.809158,153.911132,277.149282,79.138822,234.743655,488.048193,469.615771,814.869316,519.940078,hspLAEAChinaS
HEL_CA4954AA_AS,34.154019,19.501501,117.502195,79.533398,46.282215,266.475748,64.298543,218.775853,525.461045,459.247878,819.618173,556.064497,hspLAEAChinaS
HEL_CA4952AA_AS,33.159361,16.068699,107.257229,90.64274,49.022113,285.115811,70.583224,217.853382,484.057076,468.886002,823.650363,569.662569,hspLAEAChinaS
HEL_CA4949AA_AS,31.263757,18.569327,102.309531,107.153861,51.199364,262.377951,66.413628,210.428379,491.699973,466.433343,828.077063,515.90674,hspLAEAChinaS
GCA_013431855.1,28.026862,18.865058,110.969969,82.138721,40.081461,324.896769,79.310705,208.420613,422.867027,403.47353,1010.882541,578.186762,hspLAEAChinaS
GCA_013428075.1,24.899542,15.580934,104.877272,81.764657,43.254533,275.16237,61.949964,220.227966,531.659883,492.255144,744.535523,574.554294,hspLAEAChinaS
HEL_CA6159AA_AS,39.494149,16.564013,102.965568,101.89144,41.421827,292.193524,78.330848,203.349235,508.332702,453.045163,914.930399,531.394196,hspLAEAChinaS
HEL_CA6164AA_AS,32.652889,14.478417,115.117001,81.908563,44.943111,311.066484,73.384651,221.980727,464.326058,457.301771,876.029319,567.531071,hspLAEAChinaS
HEL_CA6165AA_AS,35.694589,16.642284,139.186412,139.856635,69.023421,293.447408,70.397181,232.962899,488.59836,404.647799,717.697894,631.664719,hspLAEAChinaS
HEL_CA5692AA_AS,29.685965,13.785709,86.879299,73.531189,33.419426,299.633748,65.102948,214.080627,525.478213,482.825251,783.682536,550.468554,hspLAEAChinaS
HEL_CA6413AA_AS,39.948366,15.732705,117.56897,84.816389,47.489988,333.324972,148.13387,225.124367,411.91101,358.791105,1029.831634,501.159293,hspLAEAChinaS
HEL_CA5093AA_AS,49.427599,16.794745,144.583126,136.18537,66.794781,270.59686,62.892659,212.288811,520.774373,436.053027,718.017747,527.584534,hspLAEAChinaS
HEL_AA2000AA_AS,29.394076,19.103353,102.823201,81.109758,40.963567,269.419517,73.14479,222.180249,500.519068,441.978249,850.289496,558.402946,hspLAEAChinaS
HEL_CA3950AA_AS,47.523406,16.964589,142.593133,127.939103,61.84532,275.754873,71.00374,223.745184,482.296343,420.767447,886.703071,482.087281,hspLAEAChinaS
HEL_BA9389AA_AS,29.619904,18.132736,110.860441,87.158508,43.100179,263.741654,76.255366,239.149846,503.177534,435.906975,850.793204,565.882055,hspLAEAChinaS
HEL_BA9524AA_AS,31.172984,14.743643,115.481139,92.607383,45.877657,284.671088,80.827475,207.698567,475.973206,457.489255,801.388758,561.52903,hspLAEAChinaS
HEL_BA9551AA_AS,36.718485,17.371737,100.800363,106.416887,94.386144,272.437486,67.945915,195.36065,470.358725,500.989515,845.930567,512.250303,hspLAEAChinaS
HEL_BA9812AA_AS,37.633754,18.484322,117.797563,106.540153,73.209465,279.271924,75.441499,199.36615,495.180458,452.543488,846.823415,518.642702,hspLAEAChinaS
HEL_BA9905AA_AS,32.498434,15.731939,113.967609,76.719057,39.753887,307.206483,80.700323,225.212749,505.469052,417.435852,875.204124,534.087959,hspLAEAChinaS
HEL_BA9907AA_AS,32.532979,15.975263,101.079796,85.444899,35.805433,301.622432,72.274568,201.716811,502.333792,451.7643,827.238524,537.75206,hspLAEAChinaS
HEL_BA9913AA_AS,32.609355,16.622187,90.526215,73.76341,35.971128,270.702099,78.629701,173.784549,475.237959,441.850569,897.446591,546.193432,hspLAEAChinaS
HEL_BA9943AA_AS,27.402375,14.71782,107.77956,80.429633,33.678176,296.442939,72.20813,208.355528,507.704138,449.958969,813.138946,547.084403,hspLAEAChinaS
HEL_BA5618AA_AS,38.503033,18.186897,127.006597,93.734945,44.827891,310.658555,176.868894,237.352985,395.689887,369.878277,983.839054,515.574386,hspLAEAChinaS
HEL_BA9990AA_AS,37.053144,13.019226,97.791924,91.141136,38.481212,283.35658,65.873159,203.331156,441.854903,463.420545,920.82683,529.007739,hspLAEAChinaS
HEL_CA0077AA_AS,34.578763,14.404107,97.752398,74.004648,38.582305,275.466017,70.122776,199.176797,532.149658,441.533749,791.169937,605.27267,hspLAEAChinaS
HEL_BA4179AA_AS,58.760839,16.719459,141.163898,177.155024,94.629828,260.49017,79.824406,183.547833,439.667605,383.393728,1020.109474,446.33752,hspLAEAChinaS
HEL_AA6015AA_AS,39.588951,19.576995,130.183836,99.294344,46.863436,349.901843,132.102288,225.813023,386.405843,382.857189,1029.790748,499.026381,hspLAEAChinaS
HEL_AA5963AA_AS,41.270875,15.772545,153.109422,106.229167,51.096597,314.499531,219.822313,223.069891,393.389603,391.885723,976.174701,462.746808,hspLAEAChinaS
HEL_AA1879AA_AS,48.133623,16.830097,143.597889,127.904261,61.525409,275.492461,71.008259,228.789466,486.277833,420.187449,890.392107,479.254411,hspLAEAChinaS
HEL_AA0384AA_AS,43.362577,17.069947,133.738237,118.663214,63.913966,248.327145,66.352972,227.184208,460.936613,414.155767,879.651306,549.638631,hspLAEAChinaS
GCA_013428605.1,30.574905,16.260396,97.839122,99.867354,40.40296,268.758796,69.819805,205.661154,461.555422,421.807567,916.704558,522.00498,hspLAEAChinaS
HEL_BA9319AA_AS,37.792178,12.782246,110.397962,99.441603,48.477771,266.472852,65.846122,213.435003,520.68566,445.947941,745.138078,587.157213,hspLAEAChinaS
HEL_BA9944AA_AS,28.480719,14.142979,112.002731,80.528349,35.97692,299.791106,61.672216,216.591303,508.743636,480.459339,812.074706,528.404656,hspLAEAChinaS
HEL_BA8999AA_AS,31.66103,17.629883,96.7469,80.573392,39.144739,316.048725,64.847775,217.829068,491.439571,431.568957,726.940006,667.49447,hspLAEAChinaS
HEL_BA8947AA_AS,38.288299,19.978754,93.068398,92.204042,79.784332,287.423213,64.792369,199.174868,494.200651,467.12493,838.056118,507.206676,hspLAEAChinaS
HEL_BA5592AA_AS,33.801459,15.530306,114.315326,103.319643,42.711288,271.413184,80.428381,199.083259,486.567305,451.4407,858.157129,524.871241,hspLAEAChinaS
HEL_BA5593AA_AS,25.916814,12.388098,95.969249,87.012412,38.63021,318.904111,65.870055,219.095865,505.261664,434.524658,730.811032,645.216231,hspLAEAChinaS
HEL_BA5595AA_AS,39.367166,15.107504,115.82644,85.159972,38.558792,282.406277,71.176415,235.039393,433.66594,387.078632,918.675939,549.397125,hspLAEAChinaS
HEL_BA5597AA_AS,32.628425,20.818617,115.314207,102.300909,71.951206,314.006402,64.961753,231.765024,541.584838,514.913072,767.710339,557.224359,hspLAEAChinaS
HEL_BA5600AA_AS,27.683014,11.593733,106.434282,101.424683,38.29264,235.095746,78.119247,153.892158,414.250215,362.736853,653.632172,406.301777,hspLAEAChinaS
HEL_BA5605AA_AS,34.777513,15.041995,125.225879,91.101242,53.14541,278.123238,65.296018,195.386519,506.135458,487.127984,879.921524,551.675353,hspLAEAChinaS
HEL_BA5644AA_AS,29.758541,16.158187,91.527017,72.63476,36.959776,290.088912,69.729667,211.691333,509.233399,486.792809,801.866097,548.123874,hspLAEAChinaS
HEL_BA5651AA_AS,27.118825,16.669754,95.357997,79.892824,37.420185,284.223915,71.678555,213.461547,529.537485,472.255813,780.787058,548.79388,hspLAEAChinaS
GCA_013428045.1,45.189183,21.814778,124.964681,103.259159,58.194433,292.12221,81.937604,223.31254,499.346746,428.619176,895.059337,507.99859,hspLAEAChinaS
HEL_BA5653AA_AS,27.602576,16.206169,93.613666,100.359215,38.02313,285.562763,74.086881,205.616356,515.577333,479.561718,758.154297,537.078503,hspLAEAChinaS
HEL_BA5777AA_AS,30.492624,13.709278,105.02677,95.902293,54.732102,268.060432,71.85003,201.467515,488.04012,442.40834,824.321777,521.877942,hspLAEAChinaS
HEL_BA7968AA_AS,37.36922,17.144155,194.662348,113.097046,53.020627,291.9938,75.233518,218.82354,480.41254,463.479392,799.73624,560.803251,hspLAEAChinaS
HEL_BA7969AA_AS,33.53863,14.253456,89.769878,95.81433,47.00158,306.303764,65.090058,195.802453,476.015519,463.404342,801.22238,586.462352,hspLAEAChinaS
HEL_BA7971AA_AS,34.307321,19.076101,118.113161,94.661039,42.473854,273.765103,74.652122,226.978549,528.669346,450.161497,861.96624,494.04557,hspLAEAChinaS
HEL_BA7980AA_AS,26.440488,17.366941,105.976319,97.578787,44.945346,302.862935,62.249967,246.049855,518.472701,486.017949,794.824441,532.01266,hspLAEAChinaS
HEL_BA8225AA_AS,38.355016,18.171294,110.01316,124.537722,43.231896,254.728147,77.634824,205.328745,507.518374,463.582629,829.246287,521.235928,hspLAEAChinaS
HEL_BA8375AA_AS,50.064961,21.208517,160.384433,111.046498,85.765223,270.266089,69.146007,214.440542,510.542715,443.958153,810.649329,529.237503,hspLAEAChinaS
HEL_BA8390AA_AS,37.80828,18.722851,114.032637,126.761277,51.80818,307.120501,72.430846,190.131623,490.063399,439.975422,834.680607,522.234693,hspLAEAChinaS
HEL_BA5774AA_AS,37.323213,18.378992,110.852422,109.7953,57.537933,269.514853,69.632691,197.979612,472.661731,425.014278,859.635002,558.641793,hspLAEAChinaS
HEL_BA5590AA_AS,26.488428,12.890544,110.359767,75.769897,36.475645,287.225407,59.600849,220.808287,523.592247,442.356726,795.010759,561.695445,hspLAEAChinaS
GCA_013427615.1,45.507844,13.652413,128.422671,112.261115,67.93521,261.222784,93.025511,217.97018,429.030348,397.652924,971.869914,495.407484,hspLAEAChinaS
HEL_CA0594AA_AS,45.714004,21.90171,121.758928,95.621147,50.092197,328.696969,59.785318,229.523191,477.971548,427.73692,701.576342,639.116976,hspLAEAChinaS
GCA_013428545.1,37.57488,14.359276,107.527156,82.975641,37.405922,259.202006,65.409107,195.022181,475.915452,427.338658,866.419007,493.306957,hspLAEAChinaS
GCA_013429535.1,35.496632,19.718109,114.595542,109.070579,55.495655,273.657237,70.437606,211.794621,477.635569,419.188083,925.238575,501.547276,hspLAEAChinaS
GCA_013431655.1,27.91848,13.593306,105.616303,91.896002,41.383226,286.66385,60.038254,205.954044,474.371889,433.386543,890.085847,566.255585,hspLAEAChinaS
GCA_013430735.1,31.706441,18.653983,120.05422,90.18278,51.174331,304.113435,63.173405,220.516746,481.91953,433.68553,886.828938,500.697944,hspLAEAChinaS
HEL_CA5674AA_AS,52.157342,19.340922,142.583503,120.199479,127.773082,259.829268,70.049706,213.498056,465.592078,437.625421,858.089538,481.8613,hspLAEAChinaS
HEL_BA9248AA_AS,33.659945,16.772239,112.83851,90.792067,57.447518,248.002764,68.916033,200.772152,474.573185,454.842625,865.521093,545.512471,hspLAEAChinaS
GCA_013432055.1,33.282625,15.208267,125.885182,99.183735,50.988314,281.335178,87.808349,213.065258,486.704661,465.84026,859.951478,554.756665,hspLAEAChinaS
GCA_013431605.1,32.920119,18.837274,137.717963,116.455598,50.824575,284.22198,84.348757,204.426655,427.824142,420.998084,898.08903,526.532607,hspLAEAChinaS
GCA_013431485.1,34.015702,20.383392,125.060274,80.376697,51.087157,293.933071,79.794574,209.95047,490.909287,465.467619,842.495775,506.119345,hspLAEAChinaS
GCA_013430615.1,50.756692,15.205197,128.033051,125.038901,62.878343,285.197602,78.999759,202.802914,479.574556,439.803165,929.866074,527.01363,hspLAEAChinaS
GCA_013430335.1,35.766454,19.691401,129.376043,114.54954,44.81399,290.452304,72.847201,198.995799,541.938353,445.13946,893.240129,516.367472,hspLAEAChinaS
GCA_013428465.1,40.655693,18.786283,115.362008,91.667937,48.775232,267.056805,74.95242,221.71552,477.9134,439.277473,848.514509,571.015944,hspLAEAChinaS
GCA_013428245.1,37.581202,17.990932,115.444531,116.253884,55.777007,267.118693,94.301961,223.856974,477.308709,412.470612,921.560669,530.145916,hspLAEAChinaS
GCA_013431155.1,27.699927,20.739322,102.229707,76.367479,39.785374,283.320415,73.116274,193.904688,516.381949,448.516593,810.312428,497.65022,hspLAEAChinaS
GCA_013431755.1,38.292239,14.236534,104.065956,98.924711,55.336984,271.372566,76.291006,209.818797,501.204983,476.829666,842.604143,561.386618,hspLAEAChinaS
HEL_CA0176AA_AS,40.619394,15.803174,110.503235,84.834227,49.872977,273.367821,61.582031,238.604159,492.488391,446.423524,861.716661,577.793515,hspLAEAChinaS
HEL_CA0217AA_AS,34.069066,18.854125,109.908308,95.798555,50.592182,269.36265,65.132904,212.75317,468.895687,458.577314,853.0214,592.806231,hspLAEAChinaS
HEL_CA6391AA_AS,38.521327,15.582922,129.477781,88.364401,46.705927,340.190048,130.671945,229.414647,391.514606,392.765297,1000.087103,504.366881,hspLAEAChinaS
HEL_CA6423AA_AS,47.088956,20.369148,126.149625,101.149124,139.824112,302.463625,99.440299,216.120562,437.624275,412.911643,909.295288,517.248853,hspLAEAChinaS
GCA_013431955.1,44.473743,20.434609,139.796429,120.031664,74.629136,282.604894,87.170687,206.493446,485.217503,438.561635,913.432018,522.032733,hspLAEAChinaS
HEL_CA6419AA_AS,27.778443,16.622233,116.480519,91.002196,46.005059,281.733551,92.59065,207.985364,518.668961,440.410825,898.908184,527.199456,hspLAEAChinaS
HEL_CA3153AA_AS,32.198499,13.548597,105.106822,109.657258,43.775423,277.316022,67.184513,201.52484,523.211459,447.54268,681.11141,650.330486,hspLAEAChinaS
HEL_CA3918AA_AS,38.500416,14.739733,140.428227,116.263919,58.133861,267.794412,88.761118,225.644522,472.621067,453.107669,898.73106,528.837075,hspLAEAChinaS
HEL_CA4290AA_AS,32.566967,17.680593,108.372098,71.952188,43.034685,299.940246,59.89896,194.266561,522.129168,473.907779,809.74367,571.899116,hspLAEAChinaS
HEL_CA4613AA_AS,27.396001,18.689396,107.344129,87.993782,36.991893,317.415322,57.372097,224.151846,484.588489,430.709162,645.65522,746.851821,hspLAEAChinaS
HEL_CA4631AA_AS,29.50886,11.733439,108.563532,98.970267,49.134575,280.955023,64.997835,212.136806,456.380588,417.590264,690.167907,681.384434,hspLAEAChinaS
HEL_CA4632AA_AS,61.291691,18.305783,168.380443,187.805421,92.985699,312.397717,67.996739,242.997341,493.628757,429.903891,730.429988,544.435428,hspLAEAChinaS
HEL_CA6793AA_AS,52.795787,14.891256,145.279033,150.445195,68.114058,245.512984,73.042794,208.92636,455.706076,433.683351,957.370544,450.723359,hspLAEAChinaS
HEL_CA4776AA_AS,47.565281,22.273549,127.714702,111.452204,92.08869,302.624775,60.48666,221.421883,485.055623,462.874271,868.578001,547.717826,hspLAEAChinaS
GCA_013427505.1,40.148111,15.460875,117.14214,109.609614,58.917331,268.416441,79.077881,194.284897,463.631268,381.251983,931.055307,529.972587,hspLAEAChinaS
HEL_CA4777AA_AS,34.056758,12.744997,113.224507,110.566408,60.475675,280.733952,63.468691,234.922659,518.429034,497.185208,786.493522,570.389296,hspLAEAChinaS
HEL_CA4779AA_AS,33.22614,14.837132,95.910328,83.601213,37.300736,287.681349,65.657647,214.571742,495.806972,431.872795,833.889151,526.984349,hspLAEAChinaS
HEL_CA4782AA_AS,30.935647,14.549974,117.076305,90.861002,47.198482,266.777033,66.11478,220.166625,527.785026,474.77167,808.031647,557.560785,hspLAEAChinaS
HEL_CA4784AA_AS,57.329825,21.743077,226.146785,234.82729,99.250637,238.58775,81.460064,240.828554,436.396348,417.63173,814.643454,530.105943,hspLAEAChinaS
HEL_CA4785AA_AS,31.281941,13.97517,120.943483,90.016229,46.048902,280.136811,75.244458,195.065561,457.077601,438.523757,885.664368,560.35496,hspLAEAChinaS
HEL_CA4786AA_AS,32.415914,20.199644,102.996695,104.309496,38.762357,299.513401,78.838687,214.278763,493.031918,448.254453,909.263459,550.035098,hspLAEAChinaS
GCA_001940175.1,30.101729,16.0059,101.975407,108.990037,50.513538,281.98447,90.673842,204.950166,500.433868,424.5621,889.349395,486.818786,hspLAEAChinaS
GCA_001901635.1,31.867331,17.091643,115.407787,84.684355,46.748823,266.220696,74.304111,196.724113,463.927207,409.803088,908.529841,525.034908,hspLAEAChinaS
HEL_CA0373AA_AS,33.069126,17.407609,92.375531,85.747174,56.900445,229.026122,57.795217,246.130591,527.625382,433.657819,880.899958,544.48908,hspLAEAChinaS
HEL_CA4778AA_AS,26.020058,15.343264,106.499888,73.989696,52.2013,264.48168,65.029715,209.72096,466.640476,445.154965,875.448647,544.538372,hspLAEAChinaS
HEL_BA5460AA_AS,35.760368,11.858472,101.60853,89.763012,46.663196,264.685093,67.960337,225.504972,519.78207,482.849523,712.953853,633.919316,hspLAEAChinaS
HEL_BA5454AA_AS,53.818778,18.783743,119.588275,136.354186,169.292067,256.909362,63.936951,217.46514,477.320214,439.873102,831.41044,538.210502,hspLAEAChinaS
HEL_BA5452AA_AS,36.541029,17.248466,124.322647,94.823572,54.472119,301.964651,80.380536,206.454541,502.939738,442.122833,879.548633,539.999623,hspLAEAChinaS
HEL_CA0205AA_AS,29.94222,12.151298,93.508982,88.71861,43.383508,279.292811,73.439638,195.750175,468.153119,470.869597,802.414047,514.418075,hspLAEAChinaS
HEL_CA4943AA_AS,35.006369,15.348965,135.707998,115.829636,90.064834,254.002713,75.645964,215.021561,516.247012,444.768013,817.35156,510.767057,hspLAEAChinaS
HEL_CA4964AA_AS,31.747978,14.962865,115.557404,112.35224,65.049293,265.991026,80.416839,220.267322,504.943299,438.078065,794.537936,523.964534,hspLAEAChinaS
HEL_CA5951AA_AS,53.725532,25.293088,456.936722,153.63764,93.453933,253.489898,94.470175,242.46695,465.462558,437.293977,740.308918,460.691137,hspLAEAChinaS
GCA_001939585.1,30.230113,16.485562,106.001571,89.886188,42.54447,286.598603,63.567387,204.203669,479.132247,440.546461,833.641246,523.737903,hspLAEAChinaS
GCA_001940015.1,36.716546,19.510036,109.253916,115.268993,81.48405,298.733821,82.759059,222.201725,481.801637,467.466888,848.540355,512.236715,hspLAEAChinaS
GCA_001940025.1,38.765428,13.523904,129.285167,105.400945,59.290074,308.897629,74.692639,236.297843,511.338334,451.965587,819.869415,537.340162,hspLAEAChinaS
GCA_001940085.1,42.479329,15.595146,131.214318,114.073372,50.594815,275.444769,79.863483,235.212804,470.932633,445.193859,909.693182,507.225901,hspLAEAChinaS
GCA_001940095.1,42.926735,14.206044,131.814634,116.852651,49.807884,273.728206,81.105537,234.35373,476.096274,436.901324,896.146732,500.838475,hspLAEAChinaS
HEL_CA3273AA_AS,108.539373,32.004813,360.605671,355.684307,228.81606,256.552226,142.013634,252.181575,433.021956,410.911721,869.740147,433.45423,hspLAEAChinaS
HEL_CA3262AA_AS,115.701909,31.856226,349.144565,348.462218,227.331167,257.564867,143.34228,251.462663,434.882196,408.522761,883.549121,435.263209,hspLAEAChinaS
GCA_001940115.1,36.536232,19.747495,108.119936,116.450843,81.292399,299.563135,82.87392,223.198191,481.582799,463.670966,848.564284,510.991908,hspLAEAChinaS
GCA_001940145.1,33.020679,16.800255,106.592618,90.787155,41.71094,285.56208,64.014627,204.085461,479.172435,442.432965,832.590305,525.423078,hspLAEAChinaS
GCA_004117945.1,28.360687,23.765152,118.471253,152.213136,52.447494,277.048099,71.230113,203.080422,484.088958,445.079239,803.710173,546.064475,hspLAEAChinaS
GCA_004117955.1,31.305141,20.130921,117.379932,132.11613,77.998474,287.330637,86.54163,221.764989,508.698543,448.237387,822.863329,547.571761,hspLAEAChinaS
GCA_006438535.1,30.923489,16.61502,121.651339,91.941807,40.266008,251.428554,79.828401,202.27174,489.373227,431.120911,885.920923,506.092789,hspLAEAChinaS
GCA_006440055.1,46.033344,17.461555,131.356946,107.299029,49.998906,284.582118,67.942118,217.548058,454.84019,457.662266,878.130091,535.01247,hspLAEAChinaS
HEL_CA3669AA_AS,36.616741,16.027095,138.855682,108.032651,49.753274,255.698099,84.318752,179.239444,491.176849,490.989197,953.822949,476.552017,hspLAEAChinaS
HEL_CA3673AA_AS,55.607466,23.616336,160.806067,134.306876,76.355967,287.15406,103.894495,201.297107,438.728172,409.31389,1002.578837,495.42834,hspLAEAChinaS
HEL_CA0187AA_AS,37.905284,23.663338,109.418484,85.973416,49.216496,301.296599,70.52685,246.937397,517.039824,442.139186,796.468934,521.068757,hspLAEAChinaS
HEL_BA9995AA_AS,34.25827,14.151796,115.21457,98.455649,48.534535,296.737777,68.832473,205.573981,496.596051,456.53424,869.683211,485.054802,hspLAEAChinaS
HEL_CA5409AA_AS,60.558478,27.150436,592.054033,213.629717,80.09928,268.674536,203.856978,251.990231,371.681912,353.26172,804.368753,383.179682,hspLAEAChinaS
HEL_CA3790AA_AS,43.106417,17.25536,142.52448,122.75882,54.141237,249.021856,92.279487,195.72456,474.614621,456.515437,974.406583,450.583383,hspLAEAChinaS
HEL_CA3789AA_AS,44.532029,19.559485,132.240011,105.487261,55.214493,257.049038,104.652812,183.7148,432.523048,452.263819,960.617064,496.729342,hspLAEAChinaS
HEL_CA3787AA_AS,38.588203,20.087613,151.512834,109.301806,42.619891,268.247225,84.550871,204.073186,460.963407,448.48752,925.032276,506.143149,hspLAEAChinaS
HEL_CA3779AA_AS,38.152047,19.571461,154.641643,113.098215,54.84335,288.149666,93.356731,203.199993,500.751889,444.476598,975.262507,496.20021,hspLAEAChinaS
HEL_CA3701AA_AS,39.652149,16.659559,270.201436,139.19167,57.217781,266.594281,104.75164,197.041141,426.070972,446.225071,959.911331,482.288538,hspLAEAChinaS
HEL_CA3700AA_AS,44.26382,16.972751,184.734508,134.403864,68.852643,231.434689,85.519854,181.709172,423.672963,446.537574,907.031427,450.243412,hspLAEAChinaS
HEL_CA3698AA_AS,35.884895,20.622192,120.895315,94.915754,45.043328,270.520195,96.084676,187.314412,467.317881,438.766904,935.046664,477.156657,hspLAEAChinaS
GCA_006440155.1,70.076156,23.096076,276.349008,215.519489,148.829462,254.639934,92.036525,228.215097,494.931222,412.919497,769.107861,424.654504,hspLAEAChinaS
HEL_CA3697AA_AS,84.244277,25.993269,398.243893,302.946035,178.138325,247.428106,112.819786,233.982732,406.447239,385.289569,929.829807,366.911046,hspLAEAChinaS
HEL_CA3687AA_AS,39.589649,21.453419,129.876941,109.186802,49.972013,280.120188,92.024774,188.531793,447.012653,460.437201,924.695582,510.398,hspLAEAChinaS
HEL_CA3685AA_AS,61.809343,17.157523,185.171712,142.821662,111.244235,254.189691,95.368553,176.807767,455.016605,428.356576,1000.668327,417.262019,hspLAEAChinaS
HEL_CA3684AA_AS,37.706013,15.747216,142.548563,90.225565,61.770475,235.816662,99.766956,186.669816,455.561615,469.762221,968.397503,515.356712,hspLAEAChinaS
GCA_013428985.1,30.108535,27.056588,114.371788,84.386522,41.868034,306.724299,84.977017,211.796846,500.787284,419.062174,859.6841,547.645304,hspLAEAChinaS
HEL_CA3681AA_AS,39.88357,16.1651,143.443605,109.097514,51.466769,289.708825,88.874253,191.01739,464.713401,449.856808,974.990405,474.192717,hspLAEAChinaS
GCA_013431665.1,30.690163,17.401868,106.105741,92.00621,45.404871,289.362969,79.231706,202.141909,482.28919,442.222379,862.843139,493.472653,hspLAEAChinaS
HEL_CA3678AA_AS,41.53206,18.8239,280.622255,137.167766,56.49929,249.044297,74.954913,208.689952,429.003837,420.951032,935.667118,439.74455,hspLAEAChinaS
HEL_CA3677AA_AS,47.736799,19.549193,156.843157,103.83597,71.891657,262.570618,90.218608,215.641592,436.840235,452.559277,976.489162,475.743597,hspLAEAChinaS
HEL_CA3689AA_AS,40.331844,16.22853,131.845405,86.909585,41.238098,271.643801,80.930079,190.796777,499.126962,463.047678,923.521331,490.415816,hspLAEAChinaS
GCA_006440265.1,36.784743,16.005249,113.482813,103.445782,64.871056,311.146763,70.199065,201.275914,468.719434,423.952656,908.087463,488.683315,hspLAEAChinaS
GCA_006440425.1,36.269306,18.467344,109.625367,113.240117,56.101611,307.657487,77.347724,213.52471,516.605277,432.83255,845.855567,524.828072,hspLAEAChinaS
GCA_006440435.1,82.272835,26.62952,289.705956,305.64549,183.177075,281.231577,78.767192,232.395716,428.400005,413.334369,767.880691,472.921537,hspLAEAChinaS
HEL_BA9783AA_AS,47.043164,18.165595,149.00264,114.791293,50.057471,283.183477,219.115533,207.964228,395.580553,378.528444,1011.455218,483.64716,hspLAEAChinaS
HEL_AA0202AA_AS,88.197537,16.612073,127.598158,155.366236,108.26806,320.956928,60.387221,232.713145,456.206372,426.372299,731.491608,560.42543,hspLAEAChinaS
HEL_AA0251AA_AS,25.931698,13.432036,99.067543,78.717082,32.923267,268.304005,66.267461,212.579899,507.500171,452.537085,811.009984,557.067215,hspLAEAChinaS
HEL_CA5722AA_AS,120.77829,33.292182,138.770815,194.739098,483.440276,248.275283,88.405323,199.800863,432.9596,380.945906,806.100863,425.550413,hspLAEAChinaS
HEL_BA9350AA_AS,44.647712,15.411425,150.482119,110.608885,49.449444,313.421051,216.395459,226.964438,394.66257,339.614683,986.394395,458.235087,hspLAEAChinaS
HEL_AA0324AA_AS,43.614686,17.229246,120.593003,107.565649,70.744193,285.303737,61.935626,229.101069,522.985295,501.701545,810.433388,552.556149,hspLAEAChinaS
HEL_AA2002AA_AS,26.911837,14.13522,101.483918,77.882063,35.730691,276.400265,57.334799,214.564467,500.615081,466.181644,793.408078,553.84693,hspLAEAChinaS
HEL_AA5337AA_AS,35.369863,16.438877,107.097454,89.624522,53.613427,284.316414,68.401632,225.44697,521.581046,429.620536,846.433094,545.774658,hspLAEAChinaS
GCA_018328145.1,44.376722,14.725331,127.064247,110.449422,53.599503,366.797311,62.747753,239.581205,474.113241,432.880804,760.405137,541.954026,hspLAEAChinaS
HEL_AA5340AA_AS,36.200178,12.621644,97.26412,78.052755,39.307405,266.873634,68.94441,198.25392,486.959469,458.880609,866.465758,536.072908,hspLAEAChinaS
HEL_BA0200AA_AS,34.90044,14.779712,132.90133,92.402635,50.576642,273.153896,84.129896,181.821601,506.336595,421.481572,869.742526,526.060175,hspLAEAChinaS
HEL_BA4158AA_AS,35.985357,21.148131,112.201462,90.481193,59.921637,291.883984,72.595251,219.453012,534.689208,435.909676,886.880454,523.028972,hspLAEAChinaS
HEL_BA4183AA_AS,35.003639,18.191806,119.07506,103.436352,55.53512,262.862408,73.326385,188.410646,491.555205,457.552189,884.61143,486.217163,hspLAEAChinaS
HEL_BA4995AA_AS,32.921432,15.024843,100.617315,82.699479,40.70553,258.104299,74.951972,185.149315,524.727981,455.59197,878.197723,568.923718,hspLAEAChinaS
HEL_BA5349AA_AS,37.710357,17.103441,120.185786,91.919445,40.766053,291.27183,60.20222,195.422484,484.589229,451.003152,807.745484,546.106318,hspLAEAChinaS
HEL_BA5356AA_AS,35.653628,17.886503,173.688343,101.476155,55.635363,304.313456,65.736311,211.833045,485.721112,459.27935,843.471524,564.888782,hspLAEAChinaS
HEL_BA5362AA_AS,39.66018,17.871246,117.245466,108.943064,48.704185,260.281088,84.460732,198.633355,466.862701,402.138219,891.816979,537.013483,hspLAEAChinaS
HEL_BA5440AA_AS,33.002602,15.54617,128.8003,108.46007,51.184711,267.597021,77.427316,200.89189,501.879903,430.490125,915.992722,542.447698,hspLAEAChinaS
HEL_AA5345AA_AS,38.085895,15.469018,202.374207,113.192757,58.681363,290.905943,68.798033,209.772091,480.821643,455.477838,826.989688,564.410282,hspLAEAChinaS
GCA_013431705.1,32.618026,16.991145,120.346578,91.029299,45.610662,297.595652,63.461582,189.616475,506.355167,452.867208,875.980313,527.30691,hspLAEAChinaS
GCA_018327985.1,33.722706,14.407583,106.955236,89.152515,42.615468,300.685177,67.510446,222.258002,507.162515,443.240394,767.968217,566.638098,hspLAEAChinaS
HEL_CA0447AA_AS,44.848389,15.951352,119.587572,104.83248,55.434182,263.090894,76.836492,212.920216,476.242515,413.898395,1004.50019,454.944935,hspLAEAChinaS
GCA_009689695.1,40.771342,15.264477,114.231075,84.449625,53.7605,300.370576,68.645302,210.164964,512.870056,460.317357,827.251621,547.537034,hspLAEAChinaS
GCA_009690315.1,27.213193,14.985806,104.111102,77.381685,44.248124,299.259469,60.171254,196.892912,557.776471,453.40766,806.288561,547.124265,hspLAEAChinaS
GCA_009691005.1,33.113971,15.6642,103.348121,75.105717,36.636514,276.848683,72.9257,215.548944,491.819025,465.126126,780.366699,564.774174,hspLAEAChinaS
GCA_009741025.1,34.778328,15.329058,107.382229,91.716626,41.835836,277.809538,64.27017,198.26222,522.685683,479.605388,822.320174,549.650133,hspLAEAChinaS
GCA_009741145.1,30.060401,15.810861,111.958465,93.842321,46.728811,249.371508,68.397392,211.882076,510.08766,465.395234,826.87865,534.546191,hspLAEAChinaS
GCA_009741175.1,39.264595,15.433802,129.682469,115.6104,49.724561,289.956305,69.507121,215.584389,482.292145,463.829974,873.906678,506.518748,hspLAEAChinaS
GCA_013427855.1,34.658996,16.621124,101.518049,90.393429,46.039961,284.547619,70.410734,204.115957,483.68262,423.507689,820.882618,579.930108,hspLAEAChinaS
GCA_013427885.1,30.330926,17.905908,108.928484,83.195145,50.424932,284.942646,65.614961,211.812115,491.312596,519.328075,756.702583,511.186606,hspLAEAChinaS
HEL_CA6300AA_AS,111.932071,30.77913,148.610685,203.048279,479.896788,257.680356,95.786356,230.067549,469.631102,406.276102,762.976262,500.152611,hspLAEAChinaS
GCA_013428495.1,36.060314,16.144402,101.912497,91.290717,45.720939,283.140404,70.133142,205.354353,478.950882,423.516789,813.668851,578.03897,hspLAEAChinaS
GCA_013431675.1,41.062366,15.385184,121.041755,93.05771,68.456058,285.246093,71.101515,214.966049,481.176382,458.785424,848.107739,507.485438,hspLAEAChinaS
GCA_013431765.1,42.875172,12.372088,102.890528,95.434667,51.585564,292.425115,71.751433,212.474842,490.27887,495.716208,804.023608,564.887217,hspLAEAChinaS
GCA_013431835.1,40.969146,14.978363,123.265784,93.617869,66.904142,286.037667,71.295612,212.127691,477.518096,464.171391,858.767389,509.700397,hspLAEAChinaS
GCA_013431865.1,45.211266,12.849018,101.601601,96.282732,52.240272,297.286368,72.106562,214.38839,493.394948,498.301937,802.718717,560.562097,hspLAEAChinaS
GCA_016836785.1,33.049593,16.219454,142.912626,125.167736,55.97345,283.021023,67.524071,221.345664,491.001677,436.59274,795.715187,525.178392,hspLAEAChinaS
HEL_CA0530AA_AS,49.640011,17.749167,166.647597,134.455242,77.81641,258.036675,75.582315,191.605015,444.382137,417.793375,994.878082,430.081398,hspLAEAChinaS
GCA_018120515.1,31.996564,14.436462,110.482481,96.481124,47.951334,271.945207,64.901819,201.688062,475.680609,435.453889,851.283634,515.18075,hspLAEAChinaS
HEL_CA0470AA_AS,43.532611,18.521711,155.866608,109.837199,64.793898,268.979407,98.897114,193.203745,443.704288,414.182686,1097.84623,440.21945,hspLAEAChinaS
GCA_013430065.1,28.615669,17.297648,103.748062,94.279617,40.844675,291.727563,73.17644,211.5824,502.31548,427.073754,832.992196,515.05341,hspLAEAChinaS
HEL_CA5718AA_AS,39.157112,12.274436,109.769592,92.269254,95.88801,295.414119,74.767596,222.880881,502.854267,440.982061,856.743482,505.802269,hspLAEAChinaS
HEL_BA9052AA_AS,36.171143,17.04037,126.074414,109.392485,49.291434,282.919036,81.697209,219.93831,474.971704,479.439335,828.805811,550.701361,hspLAEAChinaS
GCA_013429295.1,34.217629,16.359912,116.652492,83.801585,54.598938,266.329624,74.117159,200.276191,489.797092,437.893463,915.754222,541.198566,hspLAEAChinaS
HEL_CA0158AA_AS,31.896008,12.548529,110.43335,90.058731,39.925708,270.49155,66.592372,212.17174,507.695772,486.171509,804.515665,539.424046,hspLAEAChinaS
HEL_CA5735AA_AS,38.172852,14.381961,109.872765,102.148282,39.654718,271.878932,63.086554,220.563618,479.464833,437.750163,818.696167,541.311902,hspLAEAChinaS
GCA_013430135.1,35.844349,14.154791,107.857077,106.884451,45.753361,271.339993,78.849731,231.33127,482.981368,494.460105,855.604233,592.798607,hspLAEAChinaS
GCA_013427785.1,33.658761,17.097914,113.779101,98.979163,49.46929,296.743708,68.295744,238.23712,508.659418,470.875478,848.421113,532.702239,hspLAEAChinaS
GCA_013430645.1,42.985811,18.449624,113.041224,112.499704,48.991796,260.873967,76.325023,187.058762,487.956303,465.621884,919.376994,536.467456,hspLAEAChinaS
GCA_013427695.1,32.598284,13.691755,121.066412,96.347612,40.313901,270.517145,72.302968,217.634388,499.801905,457.955805,850.086145,540.351914,hspLAEAChinaS
HEL_CA0409AA_AS,32.624253,19.474993,110.215079,227.789869,58.433977,272.820485,75.886362,188.223843,450.184654,428.937868,784.414313,498.280233,hspLAEAChinaS
HEL_BA9045AA_AS,32.570423,15.122338,126.13119,94.635948,49.662353,271.846585,72.965408,208.039988,458.816638,454.754363,872.009005,559.458211,hspLAEAChinaS
GCA_013428925.1,38.885897,18.573139,117.987977,93.068196,48.998132,307.224383,75.428668,233.870255,490.489292,437.92198,887.006496,508.087441,hspLAEAChinaS
GCA_013430255.1,33.908329,13.827045,103.867831,93.060473,41.865984,264.571841,70.165336,218.054912,511.000256,460.857785,865.48334,499.316924,hspLAEAChinaS
HEL_CA6402AA_AS,37.957897,17.570426,106.941105,94.345115,92.905374,299.443174,99.911735,200.852358,483.185884,453.384292,841.006056,559.782754,hspLAEAChinaS
HEL_BA8898AA_AS,48.343526,15.808616,131.411591,117.057719,112.201335,271.355172,72.812519,207.287836,452.163348,412.532537,838.756287,520.944638,hspLAEAChinaS
GCA_013428835.1,33.430676,12.952978,102.401849,90.096134,46.756405,275.873084,53.871808,210.612052,503.365964,488.70397,780.374744,537.220794,hspLAEAChinaS
GCA_013429055.1,43.335857,20.155705,129.013108,91.775759,52.367958,270.602143,73.365301,205.6608,510.203006,446.045937,818.929241,523.144853,hspLAEAChinaS
HEL_CA0214AA_AS,35.432622,18.683378,110.942392,174.004606,43.932153,261.692544,96.561643,214.108411,472.155874,426.336969,785.504021,521.554106,hspLAEAChinaS
GCA_013430095.1,27.772513,14.501771,112.581235,90.429369,47.606443,302.211818,71.378347,220.673353,527.74532,438.7694,869.7282,503.602302,hspLAEAChinaS
GCA_013427895.1,37.412456,13.917956,92.766431,92.968286,36.320901,276.748595,56.856361,220.41981,512.415073,483.593867,801.082244,521.710732,hspLAEAChinaS
HEL_CA5700AA_AS,35.288262,21.851672,108.567412,106.17632,91.390533,277.80198,78.991173,230.65321,537.124945,439.228724,863.59093,525.717632,hspLAEAChinaS
HEL_CA6441AA_AS,45.945148,20.624524,115.730303,155.774523,71.855384,293.917843,82.713028,216.323066,477.92669,453.476066,840.733812,512.845343,hspLAEAChinaS
GCA_013431525.1,42.890633,16.621194,124.482285,110.952886,56.447475,273.56327,75.495423,209.459983,518.178353,436.278545,821.167603,549.380722,hspLAEAChinaS
HEL_CA0406AA_AS,34.267705,16.929934,114.488172,102.094319,45.4493,287.53952,71.725472,230.741258,513.299913,463.992306,814.243899,546.006391,hspLAEAChinaS
HEL_CA6442AA_AS,38.334569,26.917793,99.547546,156.184528,64.336374,281.110558,84.482774,222.608639,476.848282,417.635994,830.74344,509.485302,hspLAEAChinaS
HEL_CA0203AA_AS,36.772317,20.466269,116.395926,158.678956,47.783458,261.039248,69.197964,202.14867,496.242304,445.485965,774.554879,529.387792,hspLAEAChinaS
GCA_013430315.1,28.694608,15.554262,120.481841,90.131379,42.215026,298.569818,84.789139,245.246434,481.153228,455.858271,860.689024,529.486341,hspLAEAChinaS
GCA_013428415.1,26.193464,13.959099,114.689112,99.403012,43.279063,283.243739,72.039006,237.879149,499.521628,447.823868,780.622472,547.363265,hspLAEAChinaS
HEL_CA5709AA_AS,38.329589,14.190029,101.394191,89.283099,49.512057,267.028271,69.682819,209.352651,480.661441,420.412364,840.166188,509.891186,hspLAEAChinaS
GCA_013431555.1,29.943416,18.26869,108.203198,85.238459,38.852201,265.624918,71.354772,221.363023,502.384992,482.533828,836.732145,517.735163,hspLAEAChinaS
HEL_CA0412AA_AS,43.816902,19.17795,115.340542,117.558439,80.053745,283.04565,84.505823,223.872222,471.779349,433.606125,849.624551,523.34619,hspLAEAChinaS
HEL_CA0408AA_AS,26.776217,15.357396,93.2451,203.486938,38.230717,260.277046,59.316789,208.359051,470.776693,440.425598,746.614508,520.093112,hspLAEAChinaS
HEL_CA0159AA_AS,34.976975,12.250805,106.820189,82.911517,45.651044,290.595631,71.456916,203.838941,491.353679,469.27971,877.999959,562.46236,hspLAEAChinaS
HEL_CA5713AA_AS,36.418784,16.845358,118.154113,66.802901,43.071555,260.124535,66.555133,226.160691,499.121114,468.787089,808.891367,500.742237,hspLAEAChinaS
GCA_013427275.1,34.367441,13.530206,106.928692,101.472541,72.506704,278.806757,87.684806,218.5336,498.467827,473.032843,920.412002,519.876934,hspLAEAChinaS
HEL_CA5677AA_AS,45.964652,18.609038,130.728989,107.393161,102.670373,281.442703,63.155329,203.035927,531.98299,430.838497,805.458342,532.470026,hspLAEAChinaS
HEL_CA0209AA_AS,48.267062,19.212663,107.096495,109.403311,105.332615,265.375444,75.594193,192.443524,516.103924,465.638471,803.303596,569.72329,hspLAEAChinaS
HEL_CA5721AA_AS,43.540744,20.839627,118.939132,110.72251,152.592202,296.604739,82.229883,208.827964,473.329499,444.832762,858.301989,525.766912,hspLAEAChinaS
GCA_013431245.1,35.316567,17.154998,138.34536,113.485894,56.17076,286.241406,80.980727,212.479115,472.392478,442.574373,927.65215,505.023991,hspLAEAChinaS
HEL_CA0069AA_AS,31.833455,14.528224,104.501038,77.186316,43.404186,281.739929,66.692928,211.409748,467.097676,431.101632,911.671071,522.793666,hspLAEAChinaS
HEL_CA0102AA_AS,32.598032,19.519599,105.476311,106.915879,49.466364,274.136563,72.363514,201.565208,487.604406,437.954511,903.242993,546.121122,hspLAEAChinaS
GCA_013429275.1,29.577815,15.097774,104.172935,81.58367,41.673832,296.399824,69.91046,228.969655,479.199936,469.294253,868.928388,556.049627,hspLAEAChinaS
HEL_BA9965AA_AS,30.579535,14.642282,99.491598,75.979528,34.488299,269.495621,74.776063,227.080737,485.265166,457.993381,837.14186,506.626241,hspLAEAChinaS
HEL_CA6422AA_AS,35.265111,17.926585,96.090048,90.70945,53.717195,286.954827,75.01611,232.8372,481.861027,441.641802,824.149815,543.637434,hspLAEAChinaS
HEL_AA0328AA_AS,35.777371,15.381877,114.251608,89.222917,51.287825,282.486709,71.835713,220.119002,500.380325,466.121881,822.249869,573.394969,hspLAEAChinaS
HEL_CA0226AA_AS,35.52529,16.963346,120.38955,123.324351,40.616323,262.861314,68.726536,244.605174,477.554966,433.121667,764.754456,542.997823,hspLAEAChinaS
HEL_AA6080AA_AS,34.850903,18.653855,102.374454,93.591275,54.827967,290.387577,72.111319,217.667409,541.565824,430.339334,823.482071,569.947712,hspLAEAChinaS
HEL_CA0164AA_AS,37.780127,15.580363,120.296058,102.049194,42.096776,279.00347,68.164499,209.865259,521.079457,440.320362,804.313159,535.49974,hspLAEAChinaS
HEL_CA5738AA_AS,38.893158,20.71931,130.508732,126.272597,62.517639,273.450058,80.083598,216.807376,515.260613,442.498657,850.643431,519.199375,hspLAEAChinaS
HEL_CA0097AA_AS,38.154784,20.16768,123.083162,90.828619,46.79579,282.355026,65.275699,231.08671,437.462385,475.836198,908.204689,544.343435,hspLAEAChinaS
HEL_CA4939AA_AS,28.73968,17.304859,121.617568,88.154758,52.969386,272.66176,75.810639,225.533054,512.652639,485.33844,834.215646,495.582894,hspLAEAChinaS
GCA_013431195.1,26.252349,15.892611,105.19894,77.502907,36.359092,289.649158,67.74667,198.736378,525.534554,454.449918,920.516242,507.688949,hspLAEAChinaS
HEL_CA0161AA_AS,39.764275,23.976315,94.517184,96.615659,99.670756,293.944004,89.351338,210.154233,502.959504,448.330048,816.710326,543.032214,hspLAEAChinaS
GCA_013427835.1,38.258066,17.993915,141.083622,123.527413,54.310243,274.57857,65.617053,230.883297,509.889574,412.368803,825.746372,525.81858,hspLAEAChinaS
GCA_013430975.1,31.395888,16.672396,95.191975,92.115432,47.420283,268.38846,74.076284,227.351959,486.838571,467.873953,806.201851,553.564797,hspLAEAChinaS
HEL_CA4787AA_AS,46.287561,15.75914,128.484475,118.801423,52.827009,285.156345,61.108833,222.093012,499.134617,448.359174,866.268347,544.785958,hspLAEAChinaS
HEL_CA4788AA_AS,35.465588,14.459797,100.457422,88.737057,45.871741,314.998019,62.135348,204.001139,488.370446,457.317061,860.004473,563.454488,hspLAEAChinaS
GCA_013427935.1,27.302548,12.297059,102.113996,68.829562,38.596591,275.727257,73.230511,180.890669,508.324769,460.682513,847.246145,582.801896,hspLAEAChinaS
HEL_CA0082AA_AS,32.967499,12.727674,97.496653,111.417041,40.113554,276.022297,63.035809,213.244407,489.610786,437.811585,870.265146,544.813924,hspLAEAChinaS
HEL_BA9987AA_AS,29.102753,13.219612,102.876625,85.168311,45.266059,270.69349,64.303176,207.001368,477.015793,505.919898,802.856111,544.414059,hspLAEAChinaS
HEL_CA4790AA_AS,33.248748,14.32595,96.274744,87.392545,51.930801,264.945607,68.141114,226.036638,482.063289,469.750876,869.486644,532.870841,hspLAEAChinaS
GCA_013430195.1,36.899175,15.056045,125.632271,93.032213,59.276058,279.538953,68.825042,219.480371,516.321193,435.954578,824.847428,536.921085,hspLAEAChinaS
HEL_CA4798AA_AS,23.997825,17.447184,85.996701,88.683658,32.944792,272.108415,71.876533,207.52534,497.693444,445.570723,827.93366,548.954889,hspLAEAChinaS
GCA_013431875.1,34.348933,16.177105,131.194636,115.972582,55.032407,274.104592,78.844133,266.157078,506.938426,440.500649,859.953433,557.594847,hspLAEAChinaS
HEL_CA6383AA_AS,32.571312,17.121074,100.26049,99.624684,46.918994,266.200902,82.140842,201.488641,450.547034,405.578138,880.118425,549.861884,hspLAEAChinaS
HEL_CA0155AA_AS,38.148943,19.050069,108.644412,114.365499,55.983723,275.806196,73.03789,194.208958,461.997755,429.53756,815.694176,527.643589,hspLAEAChinaS
GCA_013428395.1,38.510685,17.637399,126.302275,115.731083,94.30981,278.100776,67.372977,222.872301,483.058939,480.680108,871.878025,497.645723,hspLAEAChinaS
HEL_CA0198AA_AS,32.472179,14.882905,106.71555,79.176967,45.889402,282.049178,72.570328,198.520871,537.08706,462.763894,845.134132,574.610638,hspLAEAChinaS
HEL_AA0326AA_AS,41.494306,19.189913,110.698917,89.175031,75.449472,276.146226,66.006843,211.040314,521.301348,471.600084,803.294629,532.193415,hspLAEAChinaS
HEL_CA5666AA_AS,33.096536,14.992059,97.569345,78.730748,55.575421,267.698398,69.226913,201.283229,490.796219,484.390044,911.571776,550.27241,hspLAEAChinaS
HEL_CA0191AA_AS,40.729047,17.994048,132.4493,93.964373,52.77099,279.957958,76.805357,215.482,491.809121,437.554186,877.733025,558.383638,hspLAEAChinaS
HEL_CA0180AA_AS,30.324326,13.737925,91.36158,81.94952,37.074925,298.031959,72.372162,222.364858,566.534403,470.578411,788.398638,556.156639,hspLAEAChinaS
GCA_013431235.1,34.037784,15.340406,112.469869,81.221257,47.822872,272.8176,80.544329,195.231485,499.095947,439.179181,882.894771,514.624882,hspLAEAChinaS
HEL_CA0157AA_AS,31.711292,16.736039,105.27256,107.530184,49.508568,276.619442,74.121697,208.897794,527.991649,434.31558,881.126374,523.756261,hspLAEAChinaS
HEL_CA5684AA_AS,40.162914,19.492292,127.519856,86.200708,82.958241,267.7415,52.070473,182.276297,461.034438,470.02119,854.48648,557.427885,hspLAEAChinaS
HEL_CA0179AA_AS,38.220138,16.003129,123.391323,118.852107,48.944976,289.166024,66.472138,259.566519,531.215298,462.373462,823.811501,550.629411,hspLAEAChinaS
GCA_013427285.1,34.135638,12.810629,125.897764,107.968026,55.555602,246.36732,72.785268,203.069369,473.887215,502.328517,829.643926,516.241625,hspLAEAChinaS
GCA_013427365.1,32.984737,16.168778,115.884511,92.227948,58.489218,276.502742,75.812503,211.561509,507.558727,448.940092,845.092029,549.738195,hspLAEAChinaS
GCA_013429095.1,38.12934,14.36295,106.233387,78.306925,44.207586,241.605752,73.749703,200.100023,501.163839,441.49268,863.459367,545.526855,hspLAEAChinaS
GCA_013430415.1,27.867842,13.164677,113.298618,94.530923,39.281013,270.967813,76.702039,229.139901,538.493021,462.995827,829.809466,590.004128,hspLAEAChinaS
GCA_013428775.1,32.622425,16.858784,99.600424,72.725928,40.338927,281.991566,75.218671,210.768466,472.088256,441.055962,852.94257,528.341933,hspLAEAChinaS
HEL_CA5788AA_AS,49.833676,23.029536,130.509091,100.623008,72.517879,275.580118,75.70869,222.2015,518.90801,476.358153,830.759652,522.453258,hspLAEAChinaS
HEL_CA0208AA_AS,35.456295,14.367331,107.855301,81.818646,45.649164,297.532959,74.096842,195.209849,529.098967,442.076981,829.092706,533.080624,hspLAEAChinaS
HEL_BA9930AA_AS,40.59245,17.485371,108.625078,96.720059,53.979233,275.458263,71.374548,187.421555,497.139636,440.089609,841.134296,528.199178,hspLAEAChinaS
HEL_CA4941AA_AS,29.157792,17.454284,105.349509,88.907638,41.070822,301.644618,71.765645,199.143941,497.2856,475.849263,801.891347,518.217999,hspLAEAChinaS
GCA_013430945.1,32.16968,20.628648,111.625773,86.56633,72.638027,265.554988,82.992328,197.241764,507.644818,440.242619,804.584892,521.940224,hspLAEAChinaS
HEL_BA5446AA_AS,32.302068,18.828173,107.230913,84.438652,52.521904,280.767032,80.588475,208.961585,504.877981,455.662491,835.437234,532.758504,hspLAEAChinaS
HEL_CA0223AA_AS,25.813521,14.75779,95.566264,76.984178,38.570105,265.399558,73.313248,196.580073,512.631911,465.570136,828.449341,579.862398,hspLAEAChinaS
HEL_AA2009AA_AS,35.400399,15.013562,109.650453,101.349465,58.921581,275.55789,73.778273,229.519356,538.861305,454.97188,832.690888,495.775099,hspLAEAChinaS
HEL_CA5678AA_AS,31.221091,20.557183,120.602966,90.688956,47.808274,300.283405,80.6881,203.0341,495.535514,442.116174,912.690411,525.359105,hspLAEAChinaS
HEL_CA0220AA_AS,34.450539,12.470035,91.089074,94.425976,44.075201,288.465523,60.306181,212.798567,488.21697,432.996372,818.230658,513.287574,hspLAEAChinaS
HEL_CA0092AA_AS,29.781774,18.003495,106.810562,97.60806,38.360126,265.226039,72.884646,214.132136,458.557279,415.328114,756.994111,476.422172,hspLAEAChinaS
GCA_013431385.1,32.371236,14.814499,97.348004,86.011504,44.417017,277.215687,72.062136,226.142272,551.629901,455.458378,817.243565,527.979998,hspLAEAChinaS
HEL_AA6795AA_AS,43.984541,15.612563,116.754443,113.392958,72.251584,295.603313,71.463979,210.764951,498.465067,453.677556,855.077151,524.185339,hspLAEAChinaS
HEL_CA0149AA_AS,36.110371,21.498925,112.02292,92.286925,49.08336,273.692992,75.064933,230.844876,515.671829,465.44819,831.126044,525.020548,hspLAEAChinaS
GCA_013430235.1,36.606927,20.494124,120.679951,114.969884,50.794716,268.486597,72.632111,205.774145,518.796734,480.442296,855.581257,517.528491,hspLAEAChinaS
HEL_AA6078AA_AS,41.266703,16.864885,124.893713,83.536687,48.985772,269.633642,74.578992,207.880589,497.604756,475.120872,836.6387,531.620775,hspLAEAChinaS
HEL_CA0168AA_AS,33.568427,16.549134,115.373872,107.725142,41.586003,277.869666,86.007577,211.531915,486.72025,435.997965,876.730173,547.593594,hspLAEAChinaS
HEL_CA0195AA_AS,35.682307,19.570964,99.14288,98.622236,44.879147,267.034048,73.517979,225.262433,487.322985,431.750295,792.375197,535.391021,hspLAEAChinaS
GCA_013430835.1,30.255613,15.500553,109.156783,88.513254,34.780244,294.818066,74.445586,196.03522,531.697657,474.888656,829.509747,542.657333,hspLAEAChinaS
HEL_CA0099AA_AS,33.853816,18.69146,116.996846,107.018134,62.042567,288.774989,70.272996,209.633195,485.964162,440.044582,841.328257,530.400674,hspLAEAChinaS
HEL_BA8930AA_AS,38.335024,17.988313,117.532326,105.178509,47.28145,271.426114,63.442513,192.000528,470.440075,456.4209,865.150037,536.536196,hspLAEAChinaS
GCA_013432075.1,35.537457,14.819672,98.242808,88.242074,37.184538,291.87773,65.684287,202.110567,478.763698,470.062247,796.206804,515.427487,hspLAEAChinaS
GCA_013428265.1,33.676758,18.797009,121.003227,107.846072,43.195301,261.487101,71.98586,208.663949,492.288486,459.711493,885.801757,516.889218,hspLAEAChinaS
HEL_CA0153AA_AS,34.696317,16.268597,104.271776,100.149115,55.661561,289.843579,86.74239,226.848578,474.437932,437.593351,844.851745,518.940001,hspLAEAChinaS
HEL_CA0206AA_AS,36.838396,17.006717,115.03805,122.19843,53.299598,285.460726,66.867459,229.004957,519.940258,421.57253,870.397669,493.750087,hspLAEAChinaS
HEL_CA0211AA_AS,34.093651,21.76799,112.395004,97.310215,44.244072,312.209102,70.614494,220.790035,502.935245,416.752927,818.82552,523.753973,hspLAEAChinaS
GCA_013431935.1,32.84228,15.69602,131.928328,91.186062,49.237984,248.140049,80.760059,197.247048,484.102946,452.933133,848.620168,562.493794,hspLAEAChinaS
HEL_CA6389AA_AS,35.787535,15.579934,112.474844,104.433404,140.366116,284.962978,110.625085,218.573285,464.389915,409.533244,920.153803,511.331702,hspLAEAChinaS
HEL_CA0414AA_AS,37.22949,17.263297,105.251547,153.151219,48.741494,292.775586,71.319074,225.215169,458.960889,451.561879,814.984908,537.604639,hspLAEAChinaS
HEL_CA0212AA_AS,43.80041,16.764039,112.099375,99.261327,57.15788,287.258242,70.384873,210.948535,534.285206,468.755115,832.699479,525.525668,hspLAEAChinaS
HEL_BA9678AA_AS,34.253141,14.977751,118.803656,116.220954,54.429862,290.854541,74.984012,230.284996,496.770222,479.816001,850.258059,529.717734,hspLAEAChinaS
HEL_CA6410AA_AS,40.881935,18.408626,113.63644,110.856499,91.353363,289.589806,76.549771,198.950736,476.990361,466.284178,850.367577,520.213159,hspLAEAChinaS
HEL_CA5673AA_AS,56.4677,23.671361,103.589467,125.39687,175.380202,261.732629,70.960115,172.522916,466.993416,453.571902,778.687012,528.062392,hspLAEAChinaS
HEL_CA0100AA_AS,37.11957,19.546365,107.179119,93.618072,42.419605,292.648537,67.240021,211.630817,473.57019,439.420109,877.437997,582.127714,hspLAEAChinaS
HEL_CA0183AA_AS,28.586305,13.061906,121.371017,82.424818,80.316929,271.415582,66.043355,200.733422,478.321423,450.39839,833.869073,510.463382,hspLAEAChinaS
HEL_CA5667AA_AS,40.447926,13.660869,117.771017,88.43906,57.722594,288.349896,61.484507,216.59151,529.371935,455.60145,796.294102,567.031154,hspLAEAChinaS
GCA_013431735.1,32.075141,17.01687,114.613879,106.800321,49.537358,274.471659,71.77974,203.045194,479.483377,429.807118,809.895306,507.601713,hspLAEAChinaS
HEL_CA0407AA_AS,47.331855,17.550968,124.093781,95.070079,81.087889,280.459892,73.286623,221.709457,508.995593,441.947948,823.543239,549.507901,hspLAEAChinaS
GCA_013429945.1,32.111334,12.31891,110.145675,101.891914,48.975972,286.26754,75.869309,209.881845,486.376155,441.739763,821.589112,544.614869,hspLAEAChinaS
GCA_013429765.1,30.296275,12.279068,124.34194,91.666908,42.925892,274.634615,68.865936,183.728787,433.203128,415.118145,877.700535,554.573136,hspLAEAChinaS
HEL_CA6384AA_AS,32.456267,17.025666,117.309218,95.70304,41.922188,284.972702,71.617911,209.560549,498.995767,462.054486,891.344,480.72377,hspLAEAChinaS
HEL_CA0162AA_AS,47.714676,19.208523,99.842052,93.822169,49.963455,255.515315,71.212857,224.672718,505.63745,448.131966,904.551955,538.27446,hspLAEAChinaS
HEL_AA2008AA_AS,27.588062,14.540091,111.138134,98.106965,46.855563,290.21976,69.803581,215.145261,502.542977,439.557651,866.781071,541.4155,hspLAEAChinaS
HEL_CA5720AA_AS,40.230676,19.587058,108.584037,120.139698,112.359456,250.70563,68.598584,221.767433,456.448411,470.763242,806.760898,529.89041,hspLAEAChinaS
HEL_CA6403AA_AS,42.122602,21.896976,120.823269,102.718114,62.144005,300.402296,73.207288,200.83804,502.833594,463.938921,839.441631,518.490259,hspLAEAChinaS
GCA_013427375.1,34.865036,19.525705,108.478953,104.942121,45.970731,283.840649,77.340304,181.544143,517.540484,498.471408,848.611364,536.706051,hspLAEAChinaS
HEL_CA0200AA_AS,33.970354,14.489533,99.740606,78.451314,39.906833,263.17227,68.228185,203.571919,495.900468,454.716005,876.092287,512.810714,hspLAEAChinaS
GCA_013427385.1,34.939631,20.243418,109.835432,90.300323,55.905766,293.013152,58.741252,198.715567,472.712099,456.247436,822.382792,556.085379,hspLAEAChinaS
HEL_CA0172AA_AS,30.117005,13.846152,119.787469,106.606661,36.5851,285.881675,57.729344,226.953371,510.487958,415.841778,750.705875,549.829415,hspLAEAChinaS
HEL_CA0171AA_AS,31.810626,20.326676,110.384174,95.999133,34.746308,273.75485,64.805039,198.869067,535.076175,484.027112,801.477967,586.941467,hspLAEAChinaS
HEL_CA0178AA_AS,30.811712,24.068068,116.856386,102.756498,60.998594,289.677912,72.292908,225.309864,539.22356,432.19534,865.964878,537.048185,hspLAEAChinaS
GCA_013428405.1,42.373474,12.149815,115.264428,98.458347,55.173931,280.63789,74.716671,218.523784,504.447067,473.644072,806.826984,514.387596,hspLAEAChinaS
HEL_CA6373AA_AS,44.068598,15.40389,100.945893,106.150717,98.360402,282.951442,58.775498,198.771545,502.600602,450.07628,848.687091,532.243949,hspLAEAChinaS
HEL_CA0215AA_AS,44.959864,17.22099,105.43088,201.156792,138.799308,247.609597,78.033109,217.8859,462.929208,461.594788,773.977915,546.871906,hspLAEAChinaS
HEL_AA6076AA_AS,39.901618,17.09752,117.898512,87.491508,54.839836,259.341316,81.580674,205.301339,507.264076,429.033344,894.400486,557.760941,hspLAEAChinaS
GCA_013430875.1,29.82776,13.925577,108.018248,85.905469,38.857312,273.073568,70.381899,189.453892,472.9021,492.830196,785.325239,555.988962,hspLAEAChinaS
HEL_CA0148AA_AS,28.05016,14.523692,109.817489,102.466767,44.482813,275.595195,73.061712,198.266612,470.739612,470.00568,835.615736,541.377327,hspLAEAChinaS
HEL_AA2005AA_AS,39.061396,14.550966,108.442392,98.777741,50.414809,267.995252,78.54089,207.2359,550.961575,450.489424,783.667146,520.770746,hspLAEAChinaS
HEL_CA5717AA_AS,28.768472,16.327518,106.382513,101.227961,53.761056,308.548986,65.227225,201.859367,530.164777,422.447031,849.564129,523.620249,hspLAEAChinaS
GCA_013428565.1,34.685171,19.443712,108.312254,87.724314,46.793556,260.468591,70.713906,206.875857,502.962351,421.131233,834.39873,550.890081,hspLAEAChinaS
GCA_013429625.1,36.190127,15.765046,112.63385,90.230046,44.430488,265.427466,65.400958,232.3394,491.875592,466.31605,853.257026,512.843024,hspLAEAChinaS
GCA_013430465.1,47.659873,19.064597,132.815073,118.326923,122.334528,266.302482,75.561168,197.184586,456.020732,446.057927,872.582322,521.961062,hspLAEAChinaS
GCA_013428695.1,35.447819,18.309166,127.108385,84.63728,37.863176,280.863749,67.332917,206.239587,520.758303,494.446762,836.084384,527.621159,hspLAEAChinaS
HEL_CA6393AA_AS,37.53365,16.572546,109.17947,92.85175,67.521895,299.630991,98.224694,229.735631,471.640578,409.05599,905.445236,535.873267,hspLAEAChinaS
HEL_CA0095AA_AS,40.4406,17.632871,114.051333,101.69956,55.697027,270.553816,66.613142,204.617369,509.420936,480.583101,818.59533,564.042736,hspLAEAChinaS
GCA_013429865.1,31.476792,14.81369,111.520733,80.853934,31.742495,272.974852,68.407235,198.104042,498.500609,421.950358,862.650452,554.955827,hspLAEAChinaS
HEL_AA6034AA_AS,34.364804,20.197347,121.255639,89.972332,45.486357,283.994973,72.758446,230.087388,526.131544,427.786674,899.747627,533.136272,hspLAEAChinaS
HEL_CA0094AA_AS,31.737751,20.925508,105.214926,91.767565,43.858797,298.677292,70.374337,200.203615,473.441416,438.099674,889.359452,526.435897,hspLAEAChinaS
GCA_013427465.1,37.279808,14.55145,109.397371,84.947575,49.921493,308.49991,71.124522,227.446506,508.058311,473.228349,863.424904,507.319267,hspLAEAChinaS
HEL_CA0222AA_AS,36.561717,18.11479,124.032924,107.010809,96.038021,281.275365,77.764084,196.656927,494.268914,456.103299,831.469513,534.409496,hspLAEAChinaS
HEL_CA0189AA_AS,29.097459,15.038739,102.113271,82.103641,48.733047,283.141063,75.22352,219.921497,495.913432,475.906798,817.79968,568.984848,hspLAEAChinaS
HEL_CA0411AA_AS,34.425276,16.280572,98.63229,155.04156,53.199963,245.29328,67.162423,202.051984,468.202109,395.815971,771.569541,520.803069,hspLAEAChinaS
HEL_CA5719AA_AS,42.978032,18.449301,120.743474,102.088804,93.467649,294.055104,83.69046,223.266246,507.327351,474.534646,854.132312,484.08235,hspLAEAChinaS
GCA_013431305.1,38.460504,13.351036,103.203236,94.2276,73.448676,269.8393,65.65435,208.166224,476.339672,434.650257,800.905812,511.723376,hspLAEAChinaS
GCA_013428635.1,28.941906,19.733505,124.001797,93.55471,44.300549,286.831392,70.895488,252.986803,508.001551,458.028738,800.85355,548.804308,hspLAEAChinaS
HEL_CA0080AA_AS,34.622691,13.811397,112.123558,95.1421,44.370235,277.178863,61.434421,206.918206,511.329735,428.137498,848.896397,509.537188,hspLAEAChinaS
HEL_CA5716AA_AS,39.062423,18.577735,121.122418,109.919907,68.665085,263.999387,80.536102,230.089034,515.292482,455.651612,811.746357,521.029363,hspLAEAChinaS
HEL_BA9694AA_AS,40.679778,16.846974,116.254816,150.541252,110.528145,273.847586,62.186888,226.259086,495.108662,462.633056,755.212198,545.746083,hspLAEAChinaS
GCA_013429185.1,30.40215,15.534174,106.818247,84.690819,51.27269,276.918715,65.78221,217.10944,529.418846,446.761311,827.895201,534.990178,hspLAEAChinaS
HEL_CA5699AA_AS,40.405908,15.843479,91.743953,113.191647,90.975164,286.137967,77.317693,201.475934,430.428102,434.332411,900.997409,536.22412,hspLAEAChinaS
GCA_013428675.1,28.623539,16.41879,109.476046,91.828804,47.612835,302.783903,77.125438,210.051495,501.917089,477.496341,882.494148,531.600394,hspLAEAChinaS
GCA_013427265.1,37.670707,15.770784,113.104417,91.835467,55.896855,293.148304,81.081368,218.707544,516.598219,413.452016,885.136021,548.359251,hspLAEAChinaS
GCA_013430755.1,29.690457,18.40743,100.401246,91.053695,56.429952,265.56087,62.297076,213.413265,485.68349,451.602186,823.802904,542.753028,hspLAEAChinaS
HEL_CA0185AA_AS,37.554369,20.392386,112.403201,94.129798,58.849407,302.938605,79.365327,235.17258,507.541098,472.515729,887.073153,499.841986,hspLAEAChinaS
HEL_CA0083AA_AS,32.077634,16.287855,114.1684,115.561072,54.574812,279.314417,66.597211,205.692665,474.687341,462.510369,807.815901,498.830749,hspLAEAChinaS
GCA_013431055.1,32.090724,16.839212,108.871987,75.431106,40.946361,268.066519,74.674103,194.78362,518.055118,470.268665,810.858024,576.069463,hspLAEAChinaS
HEL_AA6081AA_AS,46.621893,16.058058,126.858139,115.037477,85.861079,311.183025,56.984975,247.959736,534.965459,514.377811,713.607194,514.284536,hspLAEAChinaS
GCA_013431515.1,31.278496,13.002508,104.398543,81.189591,39.44096,274.347976,57.906399,191.182086,513.262654,397.565491,825.387146,561.576464,hspLAEAChinaS
GCA_013429345.1,32.638027,15.876903,112.024743,84.591576,51.920961,269.437817,66.085755,193.330804,504.681547,452.10005,794.648457,579.309423,hspLAEAChinaS
HEL_CA6415AA_AS,31.316705,19.222385,106.60163,73.498257,47.137266,263.042314,68.900287,203.002106,515.919991,469.662603,803.663803,540.086745,hspLAEAChinaS
GCA_013429395.1,39.875399,23.214283,125.464778,221.033116,57.381832,279.716553,91.667284,218.247558,488.298152,439.180901,846.689179,530.70812,hspLAEAChinaS
GCA_013427945.1,33.509188,15.531906,108.484239,83.324896,39.896451,282.262042,72.90671,225.888637,508.956178,467.965955,901.582833,517.539257,hspLAEAChinaS
HEL_BA9591AA_AS,20.40121,13.034952,66.090399,62.250311,29.054406,310.765586,46.369455,220.917485,388.839044,365.839452,423.789091,932.611898,hspLAEAJapan
HEL_BA5507AA_AS,23.65249,12.771907,80.727878,52.187837,27.059408,240.044817,43.483654,182.408807,424.46685,397.694313,408.423845,890.183541,hspLAEAJapan
HEL_BA9815AA_AS,24.942136,14.408756,75.921279,67.457087,31.598078,268.685732,48.260689,207.454965,450.708795,426.072728,474.823375,922.310453,hspLAEAJapan
HEL_BA9831AA_AS,22.122713,13.925417,93.319903,82.859556,35.263718,307.622564,45.689925,199.60992,474.654813,447.956728,453.666845,888.266391,hspLAEAJapan
HEL_BA9900AA_AS,21.986314,12.724296,89.530975,58.681266,33.441059,293.4693,48.192349,191.80015,485.94029,390.58358,501.841007,887.631381,hspLAEAJapan
HEL_BA9710AA_AS,23.006807,16.734032,81.647379,60.220989,29.275032,285.479836,53.803886,209.981925,461.175524,386.592075,479.319684,939.387066,hspLAEAJapan
HEL_BA9371AA_AS,22.651984,12.10383,78.369483,59.980323,28.185656,263.759156,40.353729,186.191062,377.792859,397.561665,426.536084,964.926161,hspLAEAJapan
HEL_BA8913AA_AS,21.435839,10.130996,68.026374,45.160363,29.607392,206.13786,44.127167,156.803174,338.014682,265.001085,335.706015,1083.468421,hspLAEAJapan
HEL_BA9030AA_AS,17.860658,10.717904,77.351067,62.150594,29.721576,291.805156,33.402704,207.543939,257.662626,241.288165,220.80538,1011.574989,hspLAEAJapan
HEL_BA8975AA_AS,19.59259,11.177697,74.361969,61.351885,26.527805,279.741404,51.398272,182.950651,477.4703,389.178323,484.26574,935.468734,hspLAEAJapan
HEL_BA4769AA_AS,25.009645,15.972822,76.215921,62.732313,31.367339,317.160694,54.320942,230.420451,441.933275,435.962216,499.354532,831.453974,hspLAEAJapan
HEL_BA8901AA_AS,26.570782,10.765286,61.340221,55.284031,22.926702,278.190373,39.233925,182.131652,381.125503,361.96773,389.279999,953.989177,hspLAEAJapan
HEL_BA8897AA_AS,23.151264,12.735488,85.563336,59.684872,34.837819,282.719442,44.719045,192.987725,460.183742,405.120173,469.173969,921.084228,hspLAEAJapan
HEL_BA8838AA_AS,34.411432,12.788051,103.5379,99.676573,39.59289,283.165294,53.571193,225.258673,476.365374,399.762122,533.502015,828.936518,hspLAEAJapan
HEL_BA8831AA_AS,46.553081,18.461233,155.441845,137.63878,94.281589,291.31238,52.305585,225.31948,435.959945,394.135479,417.299016,876.101438,hspLAEAJapan
HEL_AA4457AA_AS,29.029954,13.57184,92.446134,77.473849,32.404126,315.849185,52.48281,224.230037,429.564265,423.219841,463.157239,876.387296,hspLAEAJapan
HEL_BA8091AA_AS,26.47083,15.247513,93.120215,76.466449,38.772708,281.132347,52.357907,218.093817,399.572694,397.763094,505.261561,875.309417,hspLAEAJapan
HEL_BA5578AA_AS,25.427951,14.934944,97.818285,78.775654,38.666873,291.825936,55.310443,193.412351,452.759088,400.025461,495.571778,888.651273,hspLAEAJapan
HEL_BA5576AA_AS,27.2818,15.174167,121.502936,89.734168,40.846917,326.071284,47.309667,230.204986,378.191514,406.553872,466.080209,847.220299,hspLAEAJapan
HEL_BA5575AA_AS,16.9086,12.705678,58.575161,34.001614,20.664272,160.968178,33.449304,110.177598,248.121894,246.403004,264.710615,1010.549095,hspLAEAJapan
HEL_BA3533AA_AS,20.789275,13.992928,87.689332,80.75742,29.906151,283.975371,53.219663,193.936561,481.110581,425.580785,548.988693,847.657418,hspLAEAJapan
HEL_BA4683AA_AS,17.31781,11.054144,53.518171,68.842434,24.721658,237.959437,39.593197,156.258334,323.111483,286.888224,302.67138,937.721401,hspLAEAJapan
HEL_BA9084AA_AS,16.93494,6.405004,36.610396,38.558173,15.430384,121.952739,24.721836,93.290085,156.859818,151.051666,160.488402,812.224502,hspLAEAJapan
HEL_BA9902AA_AS,23.091878,12.986033,64.293657,49.346721,23.013446,192.753532,48.878125,151.698034,368.755966,353.973226,364.052656,971.770941,hspLAEAJapan
HEL_CA0616AA_AS,22.235955,17.000599,89.521654,80.69413,34.141121,281.868171,58.144345,206.798659,397.042955,379.76348,467.960661,859.626344,hspLAEAJapan
HEL_CA0306AA_AS,21.186762,13.369189,80.703586,57.631083,24.167549,258.678884,58.331547,191.170961,473.098108,414.602245,492.688304,903.068154,hspLAEAJapan
HEL_CA0607AA_AS,28.292907,15.836769,90.269489,72.706944,48.312712,306.401911,55.231556,199.418346,472.892811,391.041821,493.871266,896.640003,hspLAEAJapan
HEL_CA0608AA_AS,24.898869,14.368799,107.829899,70.933431,40.247211,328.352205,48.901425,240.778812,461.260208,414.395257,482.706597,842.8733,hspLAEAJapan
HEL_CA0611AA_AS,24.965283,12.614127,75.211762,61.288544,32.668462,272.01064,50.626535,188.607221,430.683256,394.459801,399.52665,901.37394,hspLAEAJapan
HEL_CA0612AA_AS,24.03842,19.312054,81.114812,220.153875,32.958783,266.063526,51.405574,196.765032,417.195401,395.962359,498.518631,769.854443,hspLAEAJapan
HEL_CA0618AA_AS,19.062157,10.31538,88.432425,60.742139,28.975387,239.643956,51.254337,161.065181,419.213237,355.249674,460.401847,965.212357,hspLAEAJapan
HEL_CA0619AA_AS,22.097469,16.165859,89.658622,75.274523,37.408173,316.463058,48.995473,253.059342,406.105425,428.283212,442.385005,888.405077,hspLAEAJapan
HEL_CA0606AA_AS,23.972963,14.91059,65.809312,69.701258,34.366952,280.36417,55.902252,193.092372,445.966515,385.353711,469.132678,950.251837,hspLAEAJapan
HEL_CA0620AA_AS,29.61208,16.141805,93.708857,89.899269,39.944654,314.946051,44.99079,195.385216,474.01335,427.250332,493.08104,853.904369,hspLAEAJapan
HEL_CA0622AA_AS,22.158645,11.156711,78.140288,64.704568,36.350896,280.942838,56.03993,202.719821,488.668006,405.619851,500.284998,848.994626,hspLAEAJapan
HEL_CA0623AA_AS,21.914008,13.148522,73.234839,52.570796,27.508893,267.176682,50.003441,197.014547,486.332431,397.593541,489.330945,881.291642,hspLAEAJapan
HEL_CA0625AA_AS,25.441853,15.256688,72.254915,84.775141,33.189699,262.024879,54.168075,216.241342,419.429924,399.014703,447.01407,906.213573,hspLAEAJapan
HEL_CA0627AA_AS,20.487826,11.774658,81.753665,59.640248,29.580241,278.178877,48.673748,161.038467,456.21708,387.031076,521.449766,888.240875,hspLAEAJapan
HEL_CA0628AA_AS,23.399487,11.929812,74.588993,67.246545,25.527701,247.316173,44.721791,176.48561,475.339951,414.877913,461.446538,932.19045,hspLAEAJapan
HEL_AA4454AA_AS,21.887599,11.831031,68.628708,64.00308,30.369617,258.864981,58.136576,204.584056,421.87948,395.873359,465.963839,964.730505,hspLAEAJapan
HEL_CA0621AA_AS,20.163305,11.558025,84.914737,53.632947,32.868171,357.557778,44.182386,197.042615,448.537981,412.881766,474.651753,819.151662,hspLAEAJapan
HEL_CA0605AA_AS,24.823481,11.359164,76.835402,61.426522,32.328702,293.406668,53.426009,199.997938,482.052466,412.498754,489.552596,928.884448,hspLAEAJapan
HEL_CA0602AA_AS,25.612165,12.382286,90.638089,59.234552,36.224965,289.471086,53.710878,216.663761,469.396295,403.933959,498.901768,872.355589,hspLAEAJapan
HEL_CA0601AA_AS,22.1062,15.556674,98.820041,64.524387,34.910855,297.31327,55.164903,197.24799,462.594442,444.238522,503.821411,892.137895,hspLAEAJapan
HEL_CA0312AA_AS,21.230681,13.030625,88.754276,61.206802,36.561678,306.897644,45.383178,183.956395,441.102058,417.92363,476.605005,847.05493,hspLAEAJapan
HEL_CA0413AA_AS,24.026539,14.497025,75.95363,63.778734,33.32865,274.571338,57.723388,184.742051,421.497914,393.760991,447.159632,934.492287,hspLAEAJapan
HEL_CA0418AA_AS,22.958686,10.965938,80.098943,56.953242,29.977729,269.950994,52.037293,181.63566,504.121254,414.115215,469.035121,865.353536,hspLAEAJapan
HEL_CA0432AA_AS,37.726942,17.003022,133.812373,105.140406,63.04548,517.203734,78.641105,355.634069,355.511423,350.48943,447.841865,839.164821,hspLAEAJapan
HEL_CA0435AA_AS,33.209275,17.704873,129.881743,104.401028,60.161466,524.476645,86.682929,361.064788,329.771819,351.359806,464.864656,854.728822,hspLAEAJapan
HEL_CA0582AA_AS,22.699971,16.032361,95.466614,71.878373,33.170169,273.300735,52.105393,197.873806,455.513421,442.615198,478.476569,889.317522,hspLAEAJapan
HEL_CA0583AA_AS,24.528634,11.776269,81.547652,60.748453,31.574262,233.875432,49.42411,146.237038,452.372581,390.02749,445.995835,895.027739,hspLAEAJapan
HEL_CA0586AA_AS,18.176714,10.781753,83.009218,57.608921,32.069983,277.907883,47.446624,189.453108,464.916939,385.740009,477.743835,945.897211,hspLAEAJapan
HEL_CA0588AA_AS,26.026744,14.195859,89.298316,68.173056,34.813443,254.448393,49.220506,174.686616,511.433098,463.341731,519.467364,875.880409,hspLAEAJapan
HEL_CA0590AA_AS,25.503362,15.702543,77.333899,66.602933,27.19134,306.659363,44.270133,208.449977,460.776223,433.553819,464.170831,872.718873,hspLAEAJapan
HEL_CA0591AA_AS,23.309651,12.065866,76.660112,77.396867,33.144544,279.226899,49.344052,197.764917,488.36979,408.861616,476.973656,904.270065,hspLAEAJapan
HEL_CA0592AA_AS,25.198464,16.069746,74.684433,66.105624,31.037855,238.999045,53.508008,169.403396,457.86892,410.884954,486.471386,922.452271,hspLAEAJapan
HEL_CA0593AA_AS,22.916255,17.24547,94.394702,68.590079,43.592574,294.168947,58.822616,218.572646,459.209716,445.151884,464.585745,901.444135,hspLAEAJapan
HEL_CA0595AA_AS,26.526449,11.055944,87.464077,69.755094,32.154206,267.958465,55.794377,187.084867,485.397376,386.410797,468.495875,922.235407,hspLAEAJapan
HEL_CA0597AA_AS,17.864431,14.292477,84.365128,52.069412,26.693937,245.040688,38.174486,198.076208,455.714059,420.109847,470.55913,929.87873,hspLAEAJapan
HEL_CA0107AA_AS,21.108055,12.069392,72.976766,61.848408,24.297509,233.040068,40.795124,190.60713,380.830525,334.973595,375.949379,965.783219,hspLAEAJapan
HEL_AA4453AA_AS,28.300289,15.319843,93.217102,79.636822,31.338068,359.913333,56.352961,228.68356,467.588563,406.823345,511.72574,810.172523,hspLAEAJapan
GCA_000275225.2,26.47083,15.247513,93.120215,76.466449,38.772708,281.132347,52.357907,218.093817,399.572694,397.763094,505.261561,875.309417,hspLAEAJapan
HEL_AA4451AA_AS,23.802796,15.299159,82.975576,65.083995,28.86835,281.913187,43.197634,169.235407,422.169049,424.217908,477.955714,898.408506,hspLAEAJapan
HEL_AA0173AA_AS,23.485914,12.502553,85.052759,65.901528,44.679623,281.677526,51.601727,214.009299,481.618733,431.039565,438.217386,911.072157,hspLAEAJapan
HEL_AA0172AA_AS,17.854673,11.428245,74.028907,68.314122,26.610624,241.273368,51.925783,178.636448,410.382401,346.507602,405.776263,933.415262,hspLAEAJapan
HEL_AA0171AA_AS,20.803996,13.678255,78.774923,65.319656,28.556843,267.756608,45.733212,182.205013,452.318487,388.744707,443.606646,934.697109,hspLAEAJapan
HEL_AA0170AA_AS,19.388216,14.580391,73.811318,40.200616,24.272833,219.672501,32.791066,163.898621,297.739483,255.566823,286.491885,1016.590907,hspLAEAJapan
HEL_AA0169AA_AS,59.644299,13.2292,98.115153,98.830082,59.214265,289.651099,45.658492,215.685354,457.407265,412.079887,452.955181,846.062475,hspLAEAJapan
HEL_AA0168AA_AS,24.194309,14.210694,88.603902,68.189464,33.90093,305.194212,52.438217,203.415021,427.147947,408.502841,511.30054,885.568907,hspLAEAJapan
HEL_AA0103AA_AS,28.714114,15.895583,75.560711,67.82604,32.079421,244.106708,60.616418,191.645602,467.705599,414.409947,587.024703,803.046672,hspLAEAJapan
GCA_018328225.1,30.473186,13.750662,67.907089,62.032969,31.296996,254.22078,46.272812,177.719709,430.923728,365.129826,470.023374,921.954413,hspLAEAJapan
GCA_018328185.1,19.523709,12.424069,74.407151,68.132783,30.899909,298.231968,59.819266,186.006723,448.489893,395.267553,537.330592,861.262571,hspLAEAJapan
GCA_018328165.1,21.208451,17.263278,78.63788,65.731272,27.511579,262.431742,50.877063,199.169334,480.735135,440.96803,461.971851,922.490828,hspLAEAJapan
GCA_018328125.1,22.391646,12.73515,75.831823,71.110674,27.119643,262.384175,53.401111,196.21653,457.265503,399.819739,379.59576,886.072093,hspLAEAJapan
GCA_018328105.1,20.599025,12.299546,65.121586,61.321523,26.918545,241.042156,43.805029,188.687024,492.752448,394.60733,459.096593,937.012003,hspLAEAJapan
GCA_018328065.1,19.106441,13.091649,88.351284,63.425417,30.174725,258.067408,50.925407,206.361738,447.097934,431.753584,523.163167,906.82249,hspLAEAJapan
GCA_018328045.1,30.580552,11.925797,90.557143,85.394426,48.399427,299.023601,55.64666,239.391563,418.769333,378.818214,460.537126,847.631986,hspLAEAJapan
HEL_AA0178AA_AS,21.680737,15.071484,82.794449,70.061954,31.811386,259.781923,59.492522,195.714544,471.137407,391.018798,475.023343,851.824485,hspLAEAJapan
GCA_018328025.1,25.136157,14.909415,75.205177,68.784313,34.467289,296.807609,56.39017,220.257023,467.354406,438.096347,489.850666,873.41734,hspLAEAJapan
GCA_018327965.1,19.742815,13.41104,68.811919,58.665993,26.422503,267.544949,46.4503,167.112529,420.509208,388.659762,451.622078,950.978115,hspLAEAJapan
GCA_018327925.1,21.946787,13.695332,85.357439,63.381697,32.499578,280.310889,49.307387,189.370573,507.144409,451.768444,524.298474,866.228962,hspLAEAJapan
GCA_018327905.1,54.019176,12.732857,109.613525,106.094388,53.483793,263.265454,53.076842,194.181117,402.880315,401.854084,535.387093,794.016006,hspLAEAJapan
GCA_018327885.1,23.495296,15.292406,96.946206,81.37349,30.826307,328.166986,62.131102,203.393246,460.108552,400.6362,478.038203,808.544833,hspLAEAJapan
GCA_018327865.1,30.475021,13.095632,90.706851,86.758138,40.407921,311.247046,53.484025,206.030627,431.788606,391.78786,493.750204,815.963274,hspLAEAJapan
GCA_013183985.1,38.608944,14.943857,121.16686,99.671932,55.073584,497.972765,86.334386,335.526396,331.631288,361.939322,479.632892,847.994555,hspLAEAJapan
GCA_013183945.1,40.509887,15.797245,148.503779,112.521772,60.807013,516.972413,83.835398,351.02005,347.211672,357.709702,451.418837,794.762506,hspLAEAJapan
GCA_013181635.1,38.216459,16.78783,133.351946,113.012611,67.515494,493.065379,91.297505,369.681491,339.220126,363.683384,468.988312,843.634975,hspLAEAJapan
GCA_013181575.1,44.11939,17.202928,150.283435,129.200047,76.333768,506.742832,85.258394,342.935277,352.527325,338.62208,436.246491,795.42358,hspLAEAJapan
GCA_009690965.1,23.42316,12.57798,91.588828,75.023037,33.50926,310.894192,52.46677,184.997547,432.484996,406.718319,436.133979,876.040653,hspLAEAJapan
GCA_000270025.1,24.207734,13.761614,78.106956,67.157427,27.218606,295.848852,54.660765,180.399045,437.274174,408.276465,462.698069,900.156624,hspLAEAJapan
GCA_000270005.1,25.883282,11.966458,70.772264,54.563991,32.53702,282.192075,51.27376,183.976979,442.101081,398.368494,431.333164,928.477876,hspLAEAJapan
GCA_000178935.2,20.815591,11.827534,67.373131,54.446435,28.803106,244.532461,44.172856,163.318255,410.081832,373.523271,426.388906,914.939944,hspLAEAJapan
GCA_000172935.1,24.6509,12.926057,83.333009,75.639887,32.890979,271.655577,51.220027,221.294523,506.637088,430.101669,499.598911,870.202179,hspLAEAJapan
GCA_018328005.1,21.733207,14.326184,79.144017,56.3702,25.727529,276.378674,58.062807,200.087468,455.777776,476.549111,502.547821,876.86661,hspLAEAJapan
HEL_AA0179AA_AS,22.405023,11.687928,93.874354,64.275646,24.135989,271.406065,53.877376,180.807024,420.797249,399.895432,503.177084,971.530824,hspLAEAJapan
HEL_AA0180AA_AS,20.942763,16.316478,86.499113,71.514743,39.472117,280.504291,48.436054,202.29432,443.411527,390.247865,452.862248,907.1179,hspLAEAJapan
HEL_AA0196AA_AS,21.888024,13.006707,74.231746,55.27196,29.379813,277.791659,52.214667,179.333664,460.355338,407.893671,429.61767,945.347149,hspLAEAJapan
HEL_AA4450AA_AS,28.666979,16.290188,84.585226,59.694746,30.965943,294.958099,51.50356,178.280882,507.914786,409.156774,480.456055,850.948949,hspLAEAJapan
HEL_AA4449AA_AS,23.716417,12.298217,73.538464,55.772717,27.698355,257.542225,52.114214,178.46265,438.368669,403.876575,469.739037,964.293534,hspLAEAJapan
HEL_AA4448AA_AS,22.85876,10.359643,79.288045,65.089432,31.595639,290.86913,62.011201,191.713264,445.946069,430.232654,476.144459,893.327652,hspLAEAJapan
HEL_AA4447AA_AS,21.832337,11.075554,80.959463,54.216784,27.22045,267.771266,48.862684,181.60029,461.638066,414.846883,477.174453,920.974797,hspLAEAJapan
HEL_CA0629AA_AS,21.248445,14.748234,70.337599,73.026373,24.577067,254.74045,52.101778,167.22196,451.64235,403.048233,449.598557,901.429304,hspLAEAJapan
HEL_AA4445AA_AS,22.612824,13.241967,77.025443,59.98649,29.145673,307.294334,43.687092,206.174975,456.430792,433.851152,502.960497,887.543979,hspLAEAJapan
HEL_AA4442AA_AS,21.047254,15.27615,66.231699,52.807599,34.849228,263.528709,55.091337,199.457228,469.402356,401.131471,450.943069,907.036959,hspLAEAJapan
HEL_AA4441AA_AS,25.276944,14.637384,99.511285,70.552909,38.625038,299.63857,58.242504,223.140166,466.663531,430.909144,501.375386,880.494599,hspLAEAJapan
HEL_AA4440AA_AS,24.86297,13.419015,91.134789,64.315773,28.671865,298.687666,54.901213,204.321483,441.759685,422.695839,528.997537,856.51698,hspLAEAJapan
HEL_AA4439AA_AS,22.221133,13.163082,76.855608,61.117729,29.419729,295.125534,48.468362,198.742447,436.577083,383.340637,490.409191,905.372099,hspLAEAJapan
HEL_AA4437AA_AS,24.394161,12.863873,80.933518,59.420995,37.217731,276.26784,47.409756,180.972519,448.826594,404.05786,454.121406,891.339781,hspLAEAJapan
HEL_AA4436AA_AS,25.529255,17.037025,90.636154,57.787303,28.450741,310.603505,57.447048,191.77675,447.382196,415.179137,494.810688,865.469384,hspLAEAJapan
HEL_AA4434AA_AS,21.463295,13.332757,81.745563,71.691543,29.750874,332.215361,50.599752,202.972037,468.887514,385.241445,502.465621,938.473717,hspLAEAJapan
HEL_AA4433AA_AS,26.375203,16.465934,86.254011,67.143577,34.127972,261.098763,47.874421,197.129765,446.862785,425.024959,445.840194,935.459577,hspLAEAJapan
HEL_AA4432AA_AS,24.292022,14.906543,78.075974,68.752451,27.905576,298.946717,56.935264,199.527673,458.437121,445.955301,496.532475,859.003615,hspLAEAJapan
HEL_AA4430AA_AS,23.376063,15.846975,90.381096,59.421857,35.648991,276.43936,46.398576,184.247355,435.717171,403.940409,448.409921,957.360967,hspLAEAJapan
HEL_AA0443AA_AS,21.009074,11.130142,80.499403,64.5097,29.728654,265.653655,51.963242,179.809566,438.253527,400.484177,492.883563,904.953256,hspLAEAJapan
HEL_AA0199AA_AS,20.850214,12.262187,72.760617,66.356888,28.725801,270.894748,44.932086,203.596868,377.056093,372.445772,401.566117,1040.484822,hspLAEAJapan
HEL_AA0238AA_AS,24.37028,13.244365,86.783448,62.845994,30.550887,286.270849,50.510302,190.02693,448.581355,471.689948,482.932353,859.268022,hspLAEAJapan
HEL_AA0239AA_AS,24.908691,13.326179,81.95594,78.552045,30.395097,275.414778,52.048159,157.937071,360.676883,356.154272,406.017647,950.827065,hspLAEAJapan
HEL_AA0243AA_AS,29.753848,18.30173,83.706663,62.689935,36.003655,291.708565,60.497229,210.955516,496.574367,461.435776,521.965398,859.529136,hspLAEAJapan
HEL_AA0246AA_AS,26.866039,11.609447,82.301974,49.460347,31.020486,276.874005,53.182424,190.713332,386.411159,419.658064,450.16882,926.3747,hspLAEAJapan
HEL_AA0248AA_AS,31.78573,15.740942,86.152794,61.308084,30.931048,272.400337,63.592503,196.421951,520.424823,451.356861,518.430868,857.655993,hspLAEAJapan
HEL_AA4452AA_AS,29.610373,13.136072,89.65661,55.085647,26.719838,283.488543,54.680295,156.801541,465.762153,459.248871,457.103098,922.265245,hspLAEAJapan
HEL_AA0249AA_AS,21.041321,14.124724,76.036487,64.176638,25.493409,287.664002,45.747427,191.52049,391.96073,396.221741,429.412134,921.678924,hspLAEAJapan
HEL_AA0350AA_AS,25.883282,11.966458,70.772264,54.563991,32.53702,282.192075,51.27376,183.976979,442.101081,398.368494,431.333164,928.477876,hspLAEAJapan
HEL_AA0368AA_AS,20.815591,11.827534,67.373131,54.446435,28.803106,244.532461,44.172856,163.318255,410.081832,373.523271,426.388906,914.939944,hspLAEAJapan
HEL_AA0394AA_AS,28.278561,17.981033,135.998064,99.085884,57.223482,483.073661,78.14974,340.094722,348.443253,364.010789,457.549323,814.510058,hspLAEAJapan
HEL_AA0395AA_AS,31.370546,15.078436,125.571037,102.707306,53.845021,513.119482,81.692333,350.505667,334.538795,358.153297,475.133858,792.011483,hspLAEAJapan
HEL_AA0397AA_AS,33.919659,16.640794,123.172799,99.659406,62.121279,505.590677,81.033231,347.765083,353.430069,362.872906,451.893033,809.427418,hspLAEAJapan
HEL_AA0440AA_AS,25.761348,11.747924,100.174361,76.439775,39.29087,273.523554,51.433548,192.753822,477.493543,390.69607,451.973881,824.213318,hspLAEAJapan
HEL_AA0349AA_AS,24.207734,13.761614,78.106956,67.157427,27.218606,295.848852,54.660765,180.399045,437.274174,408.276465,462.698069,900.156624,hspLAEAJapan
HEL_CA0633AA_AS,20.792241,12.150774,89.474013,56.323783,27.753936,231.441954,39.827627,172.652808,403.727438,381.1786,480.478334,959.055372,hspLAEAJapan
HEL_CA5267AA_AS,21.567452,12.095021,82.778109,50.265734,24.560119,270.382837,46.455627,182.551821,440.647595,412.536348,434.74417,915.581533,hspLAEAJapan
HEL_CA0635AA_AS,20.657397,14.179728,87.643292,62.28509,31.11251,267.072071,55.664388,199.38759,460.679036,433.798838,452.825879,934.881843,hspLAEAJapan
HEL_CA5745AA_AS,21.310571,13.557932,82.896393,65.935811,24.664266,257.230336,52.635451,180.822764,461.10605,392.168257,468.052471,898.885133,hspLAEAJapan
HEL_CA5746AA_AS,27.726995,13.368378,77.148988,71.498858,33.817704,291.47572,52.771207,194.667674,459.642335,416.609017,522.90001,882.390835,hspLAEAJapan
HEL_CA5747AA_AS,23.659706,10.680521,77.67592,55.808278,29.559858,269.382861,52.529003,175.9679,505.146859,414.133965,467.939954,860.095178,hspLAEAJapan
HEL_CA5748AA_AS,23.020237,11.308494,76.605204,51.915156,28.801337,279.753169,45.619475,165.806935,405.919295,381.270468,447.746111,949.000049,hspLAEAJapan
HEL_CA5753AA_AS,26.451538,13.278795,94.282396,64.370457,35.031035,371.015651,51.235691,239.170989,488.646221,426.942611,445.015437,816.235385,hspLAEAJapan
HEL_CA5754AA_AS,38.621893,18.740506,92.511724,85.590132,48.085523,389.03143,48.887255,224.451531,415.108779,408.215586,442.299664,855.645561,hspLAEAJapan
HEL_CA5757AA_AS,26.2084,13.995151,90.787582,54.438122,35.362703,275.437018,55.007374,192.847243,472.28647,426.337381,470.63865,929.876424,hspLAEAJapan
HEL_CA5759AA_AS,19.593082,18.057433,69.07315,59.274075,25.025954,252.994684,52.356343,197.460946,461.408748,441.778114,474.773087,907.244282,hspLAEAJapan
HEL_CA5761AA_AS,23.336559,13.648304,81.196289,65.896638,38.169541,295.33919,51.135165,221.345258,474.515829,414.095782,479.761543,856.714993,hspLAEAJapan
HEL_CA5834AA_AS,21.794303,12.653854,81.507672,58.770581,28.697,264.326607,56.841337,188.306654,490.856733,417.096453,457.577533,916.212111,hspLAEAJapan
HEL_CA5838AA_AS,25.613403,9.816845,88.652328,67.055239,27.20375,256.03379,53.014527,179.931046,458.387077,407.979175,492.95741,901.602024,hspLAEAJapan
HEL_CA5744AA_AS,26.018075,16.080934,94.980934,99.178439,43.274861,322.082095,60.801968,241.701194,411.241204,391.367398,458.767768,816.807849,hspLAEAJapan
HEL_CA5840AA_AS,23.42165,14.334873,84.119757,63.972841,37.113132,290.736558,49.973994,208.992175,402.237222,392.821568,474.43576,904.081084,hspLAEAJapan
HEL_CA5845AA_AS,25.675843,13.416717,75.095921,58.980283,34.037749,284.292802,44.165009,215.931555,469.108764,412.94073,505.889193,853.725095,hspLAEAJapan
HEL_CA5847AA_AS,30.653171,15.683571,89.670264,73.737389,33.975507,302.135341,45.571005,181.525244,477.208498,436.017101,460.570965,866.129104,hspLAEAJapan
HEL_CA5851AA_AS,28.267631,16.314914,80.671571,56.256001,26.806758,296.923783,54.959965,195.440932,480.061774,446.781884,494.648688,890.388811,hspLAEAJapan
HEL_CA5852AA_AS,21.818073,14.101227,78.748662,54.49278,28.232797,311.60291,47.209612,188.148726,432.396115,366.592122,440.966595,987.699668,hspLAEAJapan
HEL_CA5857AA_AS,18.12128,14.593315,85.489791,56.436602,29.222087,284.577715,59.363125,187.408708,459.516834,431.646773,477.977172,869.188843,hspLAEAJapan
HEL_CA5861AA_AS,23.773198,15.180751,80.198925,60.474742,27.049824,252.036693,51.243359,176.465424,465.164566,393.05254,497.439713,895.541354,hspLAEAJapan
HEL_CA5862AA_AS,110.637271,21.029255,87.816632,118.25513,89.273194,290.687656,58.873501,210.681318,417.91168,403.671626,452.048781,846.4081,hspLAEAJapan
HEL_CA5867AA_AS,26.872604,14.034058,91.696145,68.023995,34.739392,370.563952,45.841167,243.342337,476.981048,440.977059,485.773613,871.448551,hspLAEAJapan
HEL_CA5871AA_AS,27.326483,14.685846,77.688198,66.18358,29.211058,262.843917,53.106884,177.619357,462.655606,452.797013,494.658982,903.063718,hspLAEAJapan
HEL_CA5872AA_AS,21.764081,13.251169,83.940497,64.638333,29.134165,287.522886,42.620285,193.660761,482.740328,407.163029,498.256084,947.228844,hspLAEAJapan
HEL_CA5873AA_AS,21.67316,17.169572,74.196268,65.398877,34.269087,257.466615,54.87671,170.959512,450.719478,419.70707,446.307057,904.462503,hspLAEAJapan
HEL_CA5841AA_AS,22.870958,10.941187,64.866342,47.452061,26.977102,240.909212,36.951593,156.87556,385.994257,306.321233,365.215082,944.22722,hspLAEAJapan
HEL_CA5743AA_AS,30.15291,16.705562,116.673089,104.076429,53.915353,325.149454,56.86357,258.879523,456.034006,455.47008,468.891811,817.386029,hspLAEAJapan
HEL_CA5736AA_AS,20.345182,13.266802,83.139313,67.266706,34.063942,349.164386,44.835756,238.612268,385.011419,379.814038,443.836136,873.262922,hspLAEAJapan
HEL_CA5319AA_AS,62.722109,17.507236,88.204148,77.083842,52.607352,273.094564,51.548601,202.58191,419.153761,374.703287,440.149006,894.333262,hspLAEAJapan
HEL_CA5154AA_AS,21.231198,13.620244,70.627831,56.642856,28.609139,250.715269,49.295426,200.010425,448.504981,427.596255,489.099108,914.312113,hspLAEAJapan
HEL_CA5185AA_AS,21.711039,15.923,89.357359,63.941045,33.964223,252.612636,52.521385,191.517446,469.197251,425.998747,475.874566,931.757062,hspLAEAJapan
HEL_CA5188AA_AS,27.730093,15.731342,98.416976,101.305645,32.519756,267.863505,59.52737,213.89378,437.909865,399.546249,424.634246,915.96928,hspLAEAJapan
HEL_CA5212AA_AS,20.927227,13.889785,77.757553,64.214818,27.067459,274.415653,55.986636,183.492215,456.747005,398.795508,428.992936,928.089763,hspLAEAJapan
HEL_CA5213AA_AS,18.678147,10.616371,81.307111,50.45567,27.180026,293.279492,44.705926,200.322181,415.949661,402.799271,422.726136,972.146839,hspLAEAJapan
HEL_CA5269AA_AS,25.408217,17.15904,83.831282,76.595914,34.509592,274.541669,50.004016,199.622445,444.169893,427.451224,492.935198,914.47746,hspLAEAJapan
HEL_CA5271AA_AS,29.664662,20.768518,122.418387,112.326864,64.32544,292.993227,52.755323,245.981083,410.437893,379.450954,426.93005,854.008421,hspLAEAJapan
HEL_CA5272AA_AS,22.050193,14.3687,84.283937,58.064748,28.370314,284.972075,51.004475,200.05197,464.983245,441.112196,502.412532,871.947824,hspLAEAJapan
HEL_CA5276AA_AS,23.849013,13.108853,87.900183,61.078142,32.879104,299.658228,46.508782,196.908308,464.770413,420.108393,464.579518,855.868402,hspLAEAJapan
HEL_CA5277AA_AS,21.765441,11.308972,73.309577,61.117523,24.823303,266.029029,62.488517,177.739581,446.812769,423.193076,470.093907,912.093101,hspLAEAJapan
HEL_CA5282AA_AS,23.877186,10.93059,80.555801,57.185955,33.888969,314.596411,52.762896,224.465913,459.687949,423.391314,485.243876,874.967108,hspLAEAJapan
HEL_CA5283AA_AS,29.501938,15.384919,95.981698,64.347707,30.823341,270.257313,55.759318,193.224643,449.952113,450.432388,419.390249,907.651522,hspLAEAJapan
HEL_CA5284AA_AS,34.625311,17.544148,113.255419,115.879244,49.90688,287.30627,63.054846,244.953961,415.319343,375.24439,451.549232,849.951403,hspLAEAJapan
HEL_CA5288AA_AS,48.792015,16.910858,107.577273,106.568058,50.757822,274.035856,54.915257,202.351971,457.373045,436.530495,474.849152,877.083066,hspLAEAJapan
HEL_CA5290AA_AS,29.919194,11.639688,70.553497,60.489082,28.807197,287.068823,64.719161,209.602063,510.876877,417.507122,486.954949,923.687221,hspLAEAJapan
HEL_CA5291AA_AS,32.410157,19.075405,116.071821,90.780078,51.88076,512.615719,79.686389,310.611596,365.740732,302.962072,428.210132,876.439843,hspLAEAJapan
HEL_CA5293AA_AS,23.215774,13.183219,78.458053,65.947677,33.79725,274.124949,53.836138,191.640483,514.089837,431.047492,453.719599,868.886451,hspLAEAJapan
HEL_CA5294AA_AS,22.324393,10.360008,69.85322,54.151726,27.970774,240.870535,51.896275,173.996794,417.443299,395.177553,411.475443,951.74031,hspLAEAJapan
HEL_CA5299AA_AS,12.741482,12.666413,34.587569,27.019322,15.473057,129.057183,27.50433,97.114128,177.004346,161.181343,170.302891,944.976014,hspLAEAJapan
HEL_CA5300AA_AS,25.207961,13.251779,83.434101,66.939667,32.47739,364.971718,47.081417,245.616717,434.17897,394.635545,462.899955,802.176313,hspLAEAJapan
HEL_CA5302AA_AS,24.330454,13.583987,88.891543,81.794699,44.207411,293.413756,52.357808,232.176697,455.030991,451.857689,469.372965,858.321961,hspLAEAJapan
HEL_CA5308AA_AS,27.093056,17.510531,72.034909,63.60298,32.85539,282.406614,58.968506,226.770276,439.256205,442.612755,488.19512,905.521411,hspLAEAJapan
HEL_CA5309AA_AS,24.688757,13.227956,98.98627,69.208312,31.762386,347.465823,55.992102,197.104142,453.601313,435.711143,489.584122,833.897998,hspLAEAJapan
HEL_CA5314AA_AS,27.328554,13.068241,81.981972,64.750745,35.150946,360.223937,60.09942,209.720064,486.365886,384.60523,474.316369,849.862797,hspLAEAJapan
HEL_CA5316AA_AS,51.103997,17.542395,96.09085,102.479057,47.082852,262.473878,65.738684,198.155384,470.053957,411.780439,476.976867,868.870727,hspLAEAJapan
HEL_CA5874AA_AS,23.347836,12.992725,87.505074,59.811926,34.430872,297.443497,56.351915,174.439598,461.870102,406.194956,516.99026,862.224313,hspLAEAJapan
HEL_CA5880AA_AS,28.813117,11.931364,92.297194,59.987632,30.523991,284.01655,54.684606,170.861539,435.133703,351.948155,481.37827,955.792794,hspLAEAJapan
HEL_CA5884AA_AS,25.37919,14.956181,73.772813,67.68866,27.046785,248.757125,49.651611,206.657574,465.221263,426.19239,480.354611,841.268762,hspLAEAJapan
HEL_CA5886AA_AS,27.388853,11.672316,88.625478,61.079045,28.994395,259.420273,57.585952,191.27871,403.135377,373.290695,415.504919,913.286032,hspLAEAJapan
HEL_CA6212AA_AS,29.702554,17.660768,95.050078,93.851679,48.899154,325.289206,54.073601,224.304776,455.169997,427.050639,490.704723,831.044194,hspLAEAJapan
HEL_CA6213AA_AS,37.90587,13.229783,102.057722,84.304946,46.610921,326.998553,54.22589,229.72733,461.790406,448.106658,510.171664,854.999307,hspLAEAJapan
HEL_CA6214AA_AS,35.466423,14.623684,133.624218,118.68383,66.195019,360.825052,55.070164,252.115704,393.032304,382.565948,399.004355,838.854277,hspLAEAJapan
HEL_CA6216AA_AS,26.270256,18.275998,108.452563,89.74216,42.082161,270.432442,50.333564,221.36108,463.955118,420.417034,481.778767,835.957081,hspLAEAJapan
HEL_CA6220AA_AS,20.981762,17.292648,79.38386,58.020839,27.751996,263.193446,59.425685,177.877163,460.322251,425.50728,498.054658,917.651586,hspLAEAJapan
HEL_CA6222AA_AS,26.034721,17.314406,88.381714,74.322066,38.50524,333.228916,60.782845,241.165419,477.222052,422.155281,500.383746,861.552126,hspLAEAJapan
HEL_CA6226AA_AS,20.617178,11.212051,94.056079,55.002527,27.263196,267.76429,53.380123,184.676138,438.013278,366.316182,482.152846,968.16423,hspLAEAJapan
HEL_CA6228AA_AS,23.891799,14.39791,78.886764,56.811215,30.719798,280.8262,48.280947,187.540399,475.444419,352.81736,440.918642,986.625764,hspLAEAJapan
HEL_CA6229AA_AS,37.981492,20.165559,109.480835,119.237966,63.851902,314.942197,62.53574,233.171235,459.472891,429.404304,526.48046,823.548892,hspLAEAJapan
HEL_CA6230AA_AS,32.961555,12.764427,88.77459,74.829448,42.256683,293.136199,64.535188,223.352721,449.067769,423.889015,547.6302,837.431101,hspLAEAJapan
HEL_CA6233AA_AS,23.55598,13.583022,78.533274,63.883132,32.068779,266.314464,47.950825,190.480001,461.394306,427.164081,464.061972,922.950118,hspLAEAJapan
HEL_CA6234AA_AS,40.50153,20.117645,130.510957,163.734994,96.245305,296.470824,50.364382,241.03692,407.048973,393.065242,438.374233,840.713785,hspLAEAJapan
HEL_CA6236AA_AS,95.08885,24.667234,242.356968,353.799337,215.500076,305.185804,79.721898,272.245437,365.659581,351.878918,418.198463,726.996659,hspLAEAJapan
HEL_CA6238AA_AS,43.483784,21.458429,122.835621,141.144948,68.893627,299.185339,65.874954,226.959811,476.160814,447.452831,513.512548,798.873015,hspLAEAJapan
HEL_CA6239AA_AS,20.06674,12.891329,82.828181,61.493418,27.131132,272.103896,54.23733,203.030812,464.77909,408.80011,490.141325,933.092048,hspLAEAJapan
HEL_CA6243AA_AS,52.364572,23.107089,170.158692,246.241011,86.154332,339.499945,69.187045,262.728911,406.611017,371.303664,430.270565,749.904342,hspLAEAJapan
HEL_CA6245AA_AS,20.026246,13.021483,79.218412,49.636189,27.009326,243.721082,50.002786,169.377802,435.600906,373.971914,423.326871,1007.03615,hspLAEAJapan
HEL_CA6246AA_AS,36.889974,16.079898,117.800524,177.374349,54.809934,286.270592,63.789198,215.695118,437.197036,425.26352,473.651534,816.757857,hspLAEAJapan
HEL_CA6251AA_AS,22.900465,10.414691,69.006783,65.057181,27.014425,262.160733,43.835699,179.066131,366.834694,348.754008,394.309514,1054.685852,hspLAEAJapan
HEL_CA6296AA_AS,31.682247,15.925671,94.23483,78.538686,48.234261,279.511107,62.907704,224.135479,419.228062,448.103923,534.686532,847.336389,hspLAEAJapan
HEL_CA6418AA_AS,22.062608,17.259627,76.178575,55.319109,31.816589,262.73567,72.742095,169.153873,374.940577,331.812768,490.135881,920.150211,hspLAEAJapan
HEL_CA6754AA_AS,36.678245,15.197537,95.444817,80.174246,48.593022,305.902021,61.861724,209.064766,443.276995,401.089526,532.787611,812.275767,hspLAEAJapan
HEL_CA6787AA_AS,46.947056,19.519503,176.749548,201.298655,99.915238,318.075842,58.011298,241.504542,394.030613,378.138171,433.271968,797.26396,hspLAEAJapan
HEL_CA6862AA_AS,24.022629,18.017388,79.153242,53.509022,27.361554,265.583509,61.742772,189.07108,476.074036,453.19529,471.422231,904.919921,hspLAEAJapan
HEL_CA0634AA_AS,21.565649,10.914227,74.829896,62.864004,29.408793,270.778163,57.543171,190.395641,477.624771,384.933253,500.530379,917.185732,hspLAEAJapan
HEL_CA6211AA_AS,27.387507,15.127485,85.220539,91.345289,39.320947,286.760237,60.592293,202.461826,411.621202,437.049484,507.461017,867.997558,hspLAEAJapan
HEL_CA5150AA_AS,26.058275,16.892248,90.887336,69.928898,26.916968,258.329885,53.310493,180.422302,420.84689,400.582044,392.707661,900.764784,hspLAEAJapan
HEL_CA6209AA_AS,52.559989,20.974919,151.068335,157.133505,82.284615,320.74715,67.808708,246.401072,432.29156,394.080753,563.075117,766.711206,hspLAEAJapan
HEL_CA6197AA_AS,33.376329,13.053384,85.355687,81.01092,37.521496,304.52599,53.919894,227.751329,401.194277,356.066542,416.548827,989.703838,hspLAEAJapan
HEL_CA5889AA_AS,25.292583,14.558358,75.644843,58.512643,26.870365,288.443538,57.25121,209.920952,452.103364,418.905997,510.979921,936.708803,hspLAEAJapan
HEL_CA5895AA_AS,21.955325,15.897574,93.59921,70.890963,35.470387,354.460003,49.749682,218.567371,485.594419,432.116901,464.320176,817.931457,hspLAEAJapan
HEL_CA5898AA_AS,25.363472,16.565064,83.072854,60.604726,33.129177,279.53883,53.213118,190.003498,492.623871,434.143227,474.241984,898.438148,hspLAEAJapan
HEL_CA5899AA_AS,23.720617,13.384407,72.642953,60.086048,28.420693,270.849587,55.220693,188.744522,451.49715,397.993531,435.020459,915.537918,hspLAEAJapan
HEL_CA5902AA_AS,25.41326,11.590246,101.639791,81.532095,35.924627,332.498127,60.078766,241.624511,418.20437,385.441054,467.184687,817.812198,hspLAEAJapan
HEL_CA5904AA_AS,25.265927,14.367962,83.547696,69.588211,29.459342,289.362059,67.946129,230.182158,451.970557,414.888256,491.565683,886.165133,hspLAEAJapan
HEL_CA5905AA_AS,20.573276,18.395112,76.949718,56.406861,31.642414,248.894437,57.586977,188.249309,434.714147,410.556552,479.380617,916.965888,hspLAEAJapan
HEL_CA5913AA_AS,22.582634,14.737595,71.922176,68.462629,36.527798,305.685502,59.05742,192.93714,470.445749,433.603914,484.806038,923.583904,hspLAEAJapan
HEL_CA5914AA_AS,25.960608,15.966642,80.168265,79.567404,31.807385,288.338336,54.144561,190.562891,482.200612,427.146202,496.3056,911.578332,hspLAEAJapan
HEL_CA5915AA_AS,21.267661,14.259862,73.602401,62.186738,30.332111,268.038939,52.262298,179.750494,458.589448,400.05272,440.287969,933.785868,hspLAEAJapan
HEL_CA5917AA_AS,25.369479,20.227721,90.205799,110.185528,38.810304,270.543084,63.843568,177.406511,440.605061,396.17229,502.803191,818.427493,hspLAEAJapan
HEL_CA5919AA_AS,20.872993,14.071829,70.739107,114.29097,28.292211,277.744661,54.124712,173.974132,429.071457,430.548176,458.706314,885.905258,hspLAEAJapan
HEL_CA5998AA_AS,29.316304,15.728185,203.927845,91.794847,49.95254,284.904025,61.403954,196.60508,462.22798,407.105883,438.551193,882.233541,hspLAEAJapan
HEL_CA6166AA_AS,22.511664,17.133046,103.72447,61.717353,34.387223,265.954627,62.595657,199.997639,450.718319,438.920481,567.945956,806.518196,hspLAEAJapan
HEL_CA6170AA_AS,35.617739,16.209385,116.69565,105.194995,55.12264,287.274496,57.468915,248.613583,492.185407,409.192763,470.360122,825.620823,hspLAEAJapan
HEL_CA6173AA_AS,61.714757,26.906419,184.427586,252.050918,139.375354,333.64035,57.411688,264.590325,403.209216,371.431414,401.379569,731.170351,hspLAEAJapan
HEL_CA6174AA_AS,52.654465,22.330268,144.741157,188.905625,107.925158,295.548856,56.110648,234.51241,406.319454,390.193786,435.872158,821.388424,hspLAEAJapan
HEL_CA6175AA_AS,23.424014,13.746794,72.209329,64.060058,30.328684,341.17686,47.083948,192.777876,442.927673,437.413237,500.899129,853.944055,hspLAEAJapan
HEL_CA6177AA_AS,33.707325,15.606787,128.489089,90.999122,41.072827,324.95039,64.555217,250.603567,437.341801,419.029912,439.575889,930.703997,hspLAEAJapan
HEL_CA6183AA_AS,26.754065,15.613905,101.464248,80.213087,48.371688,274.08366,61.16859,205.306088,433.680708,440.740521,538.749997,851.742088,hspLAEAJapan
HEL_CA6184AA_AS,20.274398,13.82796,70.658343,54.732012,33.343474,269.260019,49.626213,170.39841,443.105743,378.076185,454.251371,927.244999,hspLAEAJapan
HEL_CA6186AA_AS,59.804599,16.578143,160.936609,202.189939,106.250087,292.882145,55.249113,250.81895,426.870763,380.649192,431.511343,766.189733,hspLAEAJapan
HEL_CA6187AA_AS,17.624384,10.908204,75.033634,59.570438,26.159676,311.421529,49.348581,216.479191,447.679776,444.845793,475.697094,856.022526,hspLAEAJapan
HEL_CA6188AA_AS,37.721085,14.976074,135.206774,110.323804,68.92924,287.295472,54.791235,210.301218,435.815125,403.906992,544.347253,807.979079,hspLAEAJapan
HEL_CA6195AA_AS,44.019399,20.018428,124.800684,122.602545,67.440172,298.239295,60.258421,215.893153,449.875349,426.93249,551.814224,780.28737,hspLAEAJapan
HEL_CA6201AA_AS,39.715033,17.571237,144.662183,121.813882,71.580458,501.730312,83.870078,355.814345,332.099603,342.150599,468.294324,807.513062,hspLAEAJapan
HEL_CA5147AA_AS,24.679915,9.581395,61.801306,59.136948,29.863538,227.646435,52.050556,154.458446,440.620225,355.554675,411.986484,974.03224,hspLAEAJapan
HEL_CA5918AA_AS,21.760696,15.173846,83.96299,92.874746,33.518867,280.569326,54.56994,200.551568,403.26539,397.493267,425.788346,882.160486,hspLAEAJapan
HEL_CA5141AA_AS,22.578689,14.496633,68.053295,54.797158,25.341288,247.470991,50.655341,160.796909,390.52301,369.125568,407.350821,955.572146,hspLAEAJapan
HEL_CA3149AA_AS,24.556933,15.614143,89.022929,72.489168,31.848143,322.118688,54.845604,210.761123,481.907246,448.640765,485.850704,832.418718,hspLAEAJapan
HEL_CA3146AA_AS,20.808136,13.590627,48.950276,68.808859,26.186011,162.346667,34.154212,105.700143,199.014753,195.501182,226.797122,1144.534868,hspLAEAJapan
HEL_CA3144AA_AS,16.437784,13.527989,63.194279,46.426612,20.758944,206.788893,36.154337,154.510844,285.530853,289.409645,313.717555,1112.965751,hspLAEAJapan
HEL_CA3142AA_AS,19.903938,11.550774,85.568709,75.178419,29.015857,299.733998,37.317739,197.686025,406.461963,407.880165,421.064384,972.03162,hspLAEAJapan
HEL_CA3139AA_AS,15.518505,8.354568,57.858741,47.221745,21.103989,171.300373,33.822609,138.131361,276.860706,254.742046,260.853054,1011.90764,hspLAEAJapan
HEL_CA3138AA_AS,20.197397,14.461751,73.954962,54.634746,29.395808,196.392956,34.256116,134.870229,303.145539,266.827455,308.726268,1062.085128,hspLAEAJapan
HEL_CA3203AA_AS,24.972395,15.586925,83.222767,98.829782,32.454971,220.788984,46.406543,185.790126,367.460191,336.071762,358.939316,1036.267095,hspLAEAJapan
HEL_CA3207AA_AS,26.605222,17.229842,93.435393,67.144066,28.948123,373.374559,54.38237,261.918732,419.307602,408.414968,376.382615,955.132691,hspLAEAJapan
HEL_CA3132AA_AS,14.729942,12.297061,42.024666,41.168443,16.937174,165.141729,27.978828,108.028827,248.3049,229.064111,250.605871,1046.380422,hspLAEAJapan
HEL_CA3208AA_AS,36.257957,12.398298,72.736177,95.428473,27.628714,241.756155,52.499395,196.472778,399.752798,344.613592,570.723938,834.527819,hspLAEAJapan
HEL_CA3127AA_AS,17.782972,9.70311,65.801861,59.717893,20.070999,190.900576,27.794284,121.777663,237.167658,211.843287,234.172254,1093.094687,hspLAEAJapan
HEL_CA3150AA_AS,15.566417,10.012685,69.744181,47.72811,20.023867,259.015679,38.549928,168.904938,380.869433,309.689821,383.032093,1032.029081,hspLAEAJapan
HEL_CA3211AA_AS,24.881622,17.282529,88.26025,65.869796,33.182567,301.483313,45.678148,216.141778,457.064577,401.699978,450.864686,871.958123,hspLAEAJapan
HEL_CA3124AA_AS,24.6509,12.926057,83.333009,75.639887,32.890979,271.655577,51.220027,221.294523,506.637088,430.101669,499.598911,870.202179,hspLAEAJapan
HEL_CA3121AA_AS,13.95171,7.305181,40.962685,40.023504,18.339371,143.005676,26.352029,95.824257,152.398689,169.968999,124.51592,1061.86487,hspLAEAJapan
HEL_CA0637AA_AS,22.843709,11.812499,78.455435,61.975949,30.673841,326.472351,51.400986,187.870499,421.00039,394.296203,388.073672,881.991823,hspLAEAJapan
HEL_CA3217AA_AS,17.677378,11.970493,47.976074,104.485428,21.181607,204.345137,35.511132,138.143681,252.650105,229.116484,231.685574,1058.964678,hspLAEAJapan
HEL_CA3247AA_AS,25.102829,12.798405,70.258221,60.501994,30.073114,309.132527,58.877553,195.889444,463.126368,436.479277,480.181038,868.380945,hspLAEAJapan
HEL_CA3867AA_AS,26.623632,14.314742,86.2843,66.102153,30.500673,301.511818,49.539925,193.015223,469.626402,433.054371,451.632933,916.960714,hspLAEAJapan
HEL_CA3869AA_AS,29.375108,14.305187,72.044453,65.014401,33.708014,295.077208,54.258504,172.916318,416.661738,396.080306,492.745245,903.742336,hspLAEAJapan
HEL_CA3870AA_AS,27.369727,20.321965,91.79562,68.670821,39.645276,283.305192,52.334874,181.826145,466.880446,420.907078,490.192218,914.459976,hspLAEAJapan
HEL_CA3935AA_AS,18.522351,10.051798,49.542656,46.883891,24.791003,171.56526,37.635806,116.538562,289.654383,234.749514,271.739349,968.008883,hspLAEAJapan
HEL_CA3937AA_AS,28.608739,13.820494,71.752219,58.033316,30.433855,303.276892,54.169275,191.378154,432.655225,426.293743,491.265961,896.750126,hspLAEAJapan
HEL_CA3939AA_AS,20.545014,12.8239,88.913745,59.92978,28.948929,260.253818,47.383973,172.036794,392.503227,402.685463,429.4605,925.925173,hspLAEAJapan
HEL_CA3126AA_AS,22.258311,9.893589,66.157809,59.827361,25.507576,192.071173,34.225188,158.188999,290.194218,302.377022,291.623737,1033.804297,hspLAEAJapan
HEL_CA3940AA_AS,27.431666,16.591168,79.814034,49.977878,30.227129,269.13371,50.663506,184.799234,424.436377,417.938552,439.425703,945.063653,hspLAEAJapan
HEL_CA3152AA_AS,19.011256,14.710604,58.385372,47.927074,22.609861,197.187774,34.432045,128.418074,308.555939,296.221554,270.724535,1107.050927,hspLAEAJapan
HEL_CA3154AA_AS,13.382318,11.336425,39.047925,27.97068,15.494716,140.667878,31.271341,113.229935,185.592774,190.715049,200.643932,1111.002251,hspLAEAJapan
HEL_CA3195AA_AS,11.910484,8.979022,36.856538,33.123825,17.315557,137.683828,23.789882,106.452836,178.052393,168.923038,182.267866,1065.189782,hspLAEAJapan
HEL_CA3194AA_AS,17.59526,11.478724,63.078643,42.080238,22.901881,221.885565,38.450899,140.064368,303.701392,273.786161,317.853302,1106.608802,hspLAEAJapan
HEL_CA3192AA_AS,16.804199,9.678421,44.16913,36.598709,18.222774,165.839788,22.777562,111.068294,155.785399,146.87843,166.017582,1014.486488,hspLAEAJapan
HEL_CA3188AA_AS,22.800342,11.193065,67.428986,54.628672,26.940065,227.621635,33.898126,156.567057,345.728967,356.940806,368.573139,1015.00516,hspLAEAJapan
HEL_CA3185AA_AS,8.257018,6.783817,31.422521,27.812885,16.017059,97.049028,20.323085,73.562477,123.957079,120.936378,138.475975,948.195287,hspLAEAJapan
HEL_CA3184AA_AS,18.416009,12.203101,58.067666,47.441039,25.519083,193.77985,30.535452,163.577167,246.750439,264.892888,278.786278,1099.047814,hspLAEAJapan
HEL_CA3181AA_AS,20.518529,10.803022,63.460095,66.19829,24.802136,209.873822,43.033667,172.316095,355.091893,357.132865,378.301033,979.318815,hspLAEAJapan
HEL_CA3178AA_AS,14.320599,9.27058,27.360762,28.012034,13.579748,101.003403,20.029271,83.410743,108.556455,101.595939,117.642236,866.213921,hspLAEAJapan
HEL_CA3176AA_AS,16.779675,7.644185,32.5808,32.587734,17.253291,110.092461,21.017482,74.15922,133.695909,142.499324,144.550312,934.746055,hspLAEAJapan
HEL_CA3198AA_AS,24.988396,14.905291,75.735598,63.782887,31.156545,280.196349,49.68928,172.885128,384.711965,378.892834,427.693051,1041.635344,hspLAEAJapan
HEL_CA3174AA_AS,18.454676,13.662269,67.47837,69.648155,27.743702,211.804512,43.980444,163.35256,359.393104,311.174409,359.265629,1033.993766,hspLAEAJapan
HEL_CA3202AA_AS,19.020159,12.832042,64.591704,62.657914,24.818182,230.812006,36.612493,165.026156,375.672596,355.671182,402.78714,964.935063,hspLAEAJapan
HEL_CA3172AA_AS,29.380251,13.214917,104.324831,89.065994,44.590849,271.308152,46.225393,218.053971,382.263798,365.370913,425.318337,985.122413,hspLAEAJapan
HEL_CA3168AA_AS,23.340352,12.924913,66.426825,79.984594,31.861662,234.70616,54.390171,178.605402,350.367452,307.089541,371.602688,1035.089002,hspLAEAJapan
HEL_CA3167AA_AS,18.577119,7.750317,50.720929,37.033404,17.245636,125.538259,29.082299,102.044367,174.004851,166.796935,205.711424,1085.170257,hspLAEAJapan
HEL_CA3165AA_AS,14.605689,10.937209,34.343056,29.467675,12.365333,119.609486,27.822616,89.281121,167.639124,175.097153,165.150811,1015.723295,hspLAEAJapan
HEL_CA3164AA_AS,13.392849,11.481131,49.347214,55.672066,22.174339,143.068543,25.354759,113.631521,177.926461,142.48836,162.435549,971.778591,hspLAEAJapan
HEL_CA3163AA_AS,16.66211,12.854717,36.098802,41.298731,16.199817,198.08897,26.630858,105.729967,267.218873,264.534594,271.339705,1097.769468,hspLAEAJapan
HEL_CA3200AA_AS,13.164467,10.154049,39.835036,33.428805,17.900172,131.662489,21.090638,95.49075,159.747759,131.561192,156.279816,1014.460286,hspLAEAJapan
HEL_CA5143AA_AS,171.266677,24.900044,146.871555,295.731551,141.922735,299.374698,57.188724,228.287944,431.146931,399.471652,453.891006,748.554699,hspLAEAJapan
HEL_CA3162AA_AS,16.600209,10.552833,57.325191,40.130412,20.770183,180.170545,36.153342,119.709078,209.64509,195.761395,226.738625,1081.027779,hspLAEAJapan
HEL_CA3160AA_AS,10.409891,5.78645,38.53198,28.012257,14.932007,112.897731,25.738244,74.350163,135.625475,121.444498,177.000807,940.947886,hspLAEAJapan
HEL_CA3157AA_AS,17.430105,12.912562,62.059249,61.644374,24.686444,243.17335,35.481406,144.053687,284.051115,265.880869,313.090296,1045.985231,hspLAEAJapan
HEL_CA3156AA_AS,17.500703,9.544582,53.805161,42.31231,25.261113,207.053951,26.623725,114.257497,317.261695,269.877096,307.800654,1027.411511,hspLAEAJapan
HEL_CA3171AA_AS,20.691842,10.012602,58.148159,53.499132,24.327372,220.618731,33.691038,163.53799,267.310523,246.375317,240.706611,1082.638753,hspLAEAJapan
HEL_CA3941AA_AS,15.278778,12.837585,46.426697,39.707819,17.977381,190.138305,31.402145,133.857468,292.602314,225.359343,308.03669,1011.48036,hspLAEAJapan
HEL_CA3129AA_AS,20.29655,9.430273,52.973708,49.081324,24.681595,226.354873,34.694167,137.466704,319.184563,259.409769,309.145109,1106.562319,hspLAEAJapan
HEL_CA3945AA_AS,27.406376,17.230224,69.201924,57.666202,30.353283,286.792161,62.329688,179.483902,465.840603,431.087896,555.939808,879.695021,hspLAEAJapan
HEL_CA4629AA_AS,34.104919,15.924817,134.991413,108.66665,52.09608,519.129562,79.839468,342.526661,351.20513,358.397395,450.08224,796.702693,hspLAEAJapan
HEL_CA4633AA_AS,35.154591,18.695234,135.855869,113.336894,53.520733,395.065123,83.569111,228.444821,445.981924,399.997565,480.013264,828.20546,hspLAEAJapan
HEL_CA4634AA_AS,22.410617,9.724505,63.162839,47.673058,20.751159,269.14141,46.538962,162.104543,443.283364,375.459243,391.236509,962.447574,hspLAEAJapan
HEL_CA4635AA_AS,19.298894,10.701457,84.686663,65.707909,30.61335,272.756707,45.839238,180.581977,446.945617,366.565327,413.418098,921.365435,hspLAEAJapan
HEL_CA4637AA_AS,34.644619,12.426455,88.202986,92.543746,48.203882,313.620736,51.680002,237.652279,481.005524,433.287671,482.891487,841.529581,hspLAEAJapan
HEL_CA4638AA_AS,23.703596,13.777612,67.126188,56.697532,23.644232,240.808935,41.125424,181.639032,403.769199,374.191859,412.984886,978.225551,hspLAEAJapan
HEL_CA4645AA_AS,53.058139,22.354467,193.158115,185.889402,105.574942,321.056326,61.206404,258.477283,428.093698,371.917327,443.80719,800.379175,hspLAEAJapan
HEL_CA3944AA_AS,21.912886,14.507045,97.521023,72.289234,29.55409,297.872919,46.195876,215.262482,451.281672,414.902947,492.521446,871.422872,hspLAEAJapan
HEL_CA5097AA_AS,25.442505,13.354958,100.683629,72.978813,42.15476,280.896039,59.865721,219.103931,449.495522,439.934999,462.178922,902.362701,hspLAEAJapan
HEL_CA5100AA_AS,22.815734,15.403545,98.517237,67.862721,28.460634,264.149825,58.592924,220.456164,468.779666,416.45742,473.069014,889.733332,hspLAEAJapan
HEL_CA5101AA_AS,32.382987,13.991701,105.287403,69.860127,34.334459,281.577743,59.088141,201.964552,444.328057,420.034711,511.586593,833.355047,hspLAEAJapan
HEL_CA5105AA_AS,24.51417,14.068755,84.067029,60.703768,27.666741,252.214496,62.264505,166.376129,417.399083,398.971768,494.173844,898.763767,hspLAEAJapan
HEL_CA5108AA_AS,23.616985,12.881039,88.221884,60.243558,30.065134,288.700686,50.928886,179.853823,441.868943,435.923342,515.258215,889.120822,hspLAEAJapan
HEL_CA5110AA_AS,20.896544,12.631514,91.790701,60.422121,33.994135,262.793715,50.843937,193.725806,440.206726,341.341298,382.119562,925.627563,hspLAEAJapan
HEL_CA5114AA_AS,33.736938,10.693087,89.726813,87.577667,33.860439,302.225251,54.999914,232.175398,443.481975,384.029951,489.912166,794.591978,hspLAEAJapan
HEL_CA5116AA_AS,24.473295,11.919052,70.658958,54.398114,30.72618,248.18455,50.32473,182.178882,407.600975,386.207153,449.164606,940.08399,hspLAEAJapan
HEL_CA5118AA_AS,21.288674,15.706561,81.344856,65.098413,26.897915,269.665731,57.790146,203.456075,448.905395,427.730957,444.728589,950.449915,hspLAEAJapan
HEL_CA5120AA_AS,24.995272,14.435758,65.992246,58.81535,27.805101,243.385235,53.4726,197.039048,398.380162,381.098637,479.160039,946.269898,hspLAEAJapan
HEL_CA5121AA_AS,31.126069,15.922945,119.255942,96.986718,36.50078,276.90394,60.207416,224.701374,419.646601,401.232747,477.671587,861.903323,hspLAEAJapan
HEL_CA5122AA_AS,32.663828,21.321353,101.485538,79.39865,33.539214,319.515276,50.738477,230.12763,458.670261,485.044815,493.21743,819.156726,hspLAEAJapan
HEL_CA5124AA_AS,23.28875,12.008078,76.654068,58.465436,27.892103,251.302666,56.247477,198.841003,486.766757,404.460213,473.308022,924.786754,hspLAEAJapan
HEL_CA5125AA_AS,35.208709,13.426377,86.443511,81.288197,47.361135,253.260436,54.110223,205.514998,398.960665,371.837769,476.46678,911.741586,hspLAEAJapan
HEL_CA5128AA_AS,27.605119,12.179746,71.344564,54.559247,27.964836,286.840638,51.275769,197.729406,469.581427,372.411348,494.738822,898.2856,hspLAEAJapan
HEL_CA5130AA_AS,22.154933,16.32867,98.752983,74.09068,30.662296,323.749259,60.701012,215.370536,453.570871,417.47458,520.958388,880.421961,hspLAEAJapan
HEL_CA5131AA_AS,36.708817,13.224397,102.963209,84.930825,41.978853,327.85583,65.024679,214.451255,458.553697,421.09501,529.454226,853.104344,hspLAEAJapan
HEL_CA5132AA_AS,22.806269,13.563182,65.299226,67.715326,26.936178,258.917956,53.019513,205.450335,444.807736,422.7887,520.885341,910.055497,hspLAEAJapan
HEL_CA5133AA_AS,21.096662,12.797967,81.312233,56.206135,23.668265,257.704314,58.22261,190.765629,479.021824,414.8843,493.631529,905.454475,hspLAEAJapan
HEL_CA5135AA_AS,33.403694,17.965154,110.346106,87.833233,36.746862,341.512098,59.54678,222.736942,482.435172,418.157617,514.660706,827.398107,hspLAEAJapan
HEL_CA5140AA_AS,23.51065,11.336539,80.909227,63.495358,35.44192,237.67172,54.130348,175.417677,412.112356,411.794187,449.169782,927.937158,hspLAEAJapan
HEL_CA4627AA_AS,24.452181,11.776152,77.252286,71.976036,33.087758,315.020398,56.030031,204.43766,434.877974,429.183441,504.204811,873.822171,hspLAEAJapan
HEL_CA4626AA_AS,16.143455,11.073289,62.563722,43.594691,20.050163,156.966006,37.824408,114.005678,272.109974,229.029405,299.090946,1054.679953,hspLAEAJapan
HEL_CA5089AA_AS,40.468975,19.28835,137.756226,113.741939,56.413055,503.13516,88.040969,360.910531,346.339777,356.385056,446.496442,799.536097,hspLAEAJapan
HEL_CA4612AA_AS,22.893051,14.761012,81.233527,68.314253,34.01065,294.244439,55.335614,213.0454,464.935033,434.665314,522.741652,899.77099,hspLAEAJapan
HEL_CA4625AA_AS,26.400616,15.98046,82.028756,75.35636,37.671746,275.809102,50.948387,176.495242,427.501686,400.607357,443.157746,947.607808,hspLAEAJapan
HEL_CA4268AA_AS,22.311451,12.043188,90.3729,59.411804,34.846464,304.890116,52.988151,207.701752,482.710956,415.298229,501.82141,890.541903,hspLAEAJapan
HEL_CA4621AA_AS,25.085129,16.14258,79.183912,56.929518,30.588033,311.373973,51.151948,187.231131,471.707715,423.782836,517.68882,828.845331,hspLAEAJapan
HEL_CA4258AA_AS,16.855953,9.955545,46.417935,49.168248,19.786367,193.089252,39.03718,136.748995,300.271546,256.579042,288.268497,965.481466,hspLAEAJapan
HEL_CA4006AA_AS,28.55808,13.017916,74.076757,73.939085,29.742109,304.656717,49.219986,190.765492,444.521314,439.838477,491.631928,890.540089,hspLAEAJapan
HEL_CA4002AA_AS,24.589648,10.898827,67.72522,50.525687,28.550601,280.221911,42.560077,211.328269,450.985848,390.369126,446.547108,949.397651,hspLAEAJapan
HEL_CA4001AA_AS,22.377201,14.613583,70.870427,69.262353,28.570194,275.21584,45.195378,179.103131,404.708012,391.590215,435.220279,956.59181,hspLAEAJapan
HEL_CA3949AA_AS,22.212457,15.220529,73.65678,59.265597,28.457303,241.978059,50.880953,189.135674,403.809527,365.863019,412.68963,959.761543,hspLAEAJapan
HEL_CA0636AA_AS,25.702718,15.857594,87.822479,86.879007,38.777307,307.535771,60.272042,221.418381,452.669652,419.868208,462.599181,849.075567,hspLAEAJapan
HEL_CA3953AA_AS,28.499748,13.242364,78.648889,63.698511,33.311079,313.838748,54.165107,195.892538,516.8436,411.71747,495.770689,893.513927,hspLAEAJapan
HEL_CA3947AA_AS,22.22559,14.128865,83.21331,57.003593,31.115756,247.006749,50.934735,185.664109,421.191417,379.000228,463.856263,995.275264,hspLAEAJapan
HEL_CA4623AA_AS,20.782586,14.798207,70.460209,63.628081,28.597035,254.251425,60.411762,184.944313,414.563435,399.21524,458.780734,929.599843,hspLAEAJapan
HEL_CA3946AA_AS,24.473717,10.826001,75.288248,63.061556,30.584117,313.852967,42.211151,202.551049,492.084379,426.87418,461.60442,847.204713,hspLAEAJapan
HEL_CA4624AA_AS,27.040341,12.629328,80.054955,61.121019,29.325686,255.838714,47.021583,188.083025,450.643066,410.893001,444.523739,930.061099,hspLAEAJapan
HEL_CA4427AA_AS,22.684386,17.806835,83.952999,59.713605,29.17348,269.479004,52.252532,210.583356,452.172887,410.240586,465.839114,966.713746,hspLAEAJapan
HEL_BA8741AA_AS,105.919848,21.057439,176.494583,258.739656,200.831913,216.755059,80.694677,210.188339,334.741247,338.532289,1101.79599,352.778278,hspLASEAsia
HEL_BA8740AA_AS,107.557092,29.022566,188.524972,280.687976,178.17132,214.659426,82.76457,197.995992,347.730547,322.414583,1149.070799,366.429132,hspLASEAsia
HEL_BA8739AA_AS,70.187367,22.651643,172.924839,218.314954,131.82592,218.810252,76.61186,197.115069,337.665388,371.237275,1147.04866,421.084462,hspLASEAsia
HEL_CA0449AA_AS,77.200674,20.768242,191.948213,237.226202,135.811844,257.286119,93.347047,206.68402,399.068261,419.950963,1139.240659,394.63968,hspLASEAsia
HEL_CA0450AA_AS,56.722348,19.606048,175.780462,165.865366,86.600022,237.562342,74.72345,224.229963,420.052305,391.524738,1138.830605,432.338453,hspLASEAsia
HEL_CA0453AA_AS,48.024714,15.361287,145.974838,135.749552,96.621898,190.763882,68.317325,140.549441,360.294284,309.955643,1174.673126,375.847723,hspLASEAsia
HEL_BA8738AA_AS,64.510985,24.055066,210.894472,200.366351,141.564087,231.008975,83.487542,196.973887,439.535389,375.182429,1150.895389,403.383419,hspLASEAsia
HEL_BA8742AA_AS,56.482372,21.690506,164.405247,153.235395,89.546067,227.557938,72.357849,180.794712,386.251056,384.33168,1171.699239,483.763455,hspLASEAsia
HEL_BA8737AA_AS,77.92307,19.516005,221.345904,224.535633,122.046325,239.249122,89.928078,194.33813,400.594675,385.332043,1115.940503,375.744002,hspLASEAsia
HEL_BA8833AA_AS,66.463139,24.259939,195.304285,217.901699,132.035408,236.707202,96.989041,190.159985,373.666198,344.526383,1246.484074,351.036432,hspLASEAsia
HEL_BA8905AA_AS,60.751585,19.432526,161.638781,156.811823,88.079931,245.973249,80.147144,188.530144,379.108058,359.849259,1186.284104,405.006195,hspLASEAsia
HEL_BA8736AA_AS,58.799868,18.317874,191.286816,188.287518,100.82287,233.918693,85.215719,198.39375,420.932946,361.480787,1173.007005,391.074347,hspLASEAsia
HEL_CA0446AA_AS,78.10827,20.361423,229.505254,209.184669,163.294848,275.911536,97.443705,205.449416,403.376979,377.843024,1117.570834,404.502232,hspLASEAsia
HEL_BA8734AA_AS,69.895423,25.055396,182.024512,257.549268,138.701561,203.07067,78.883095,185.975719,366.052969,331.934778,1186.799475,376.393918,hspLASEAsia
HEL_BA8982AA_AS,57.505765,24.330239,207.424121,171.699111,127.624095,246.041274,90.087261,180.35036,432.753432,369.433781,1159.205309,393.407865,hspLASEAsia
HEL_CA0448AA_AS,52.760678,24.338505,158.124841,173.636268,88.106638,250.141458,80.508982,202.779726,426.603836,367.871826,1142.587664,403.59451,hspLASEAsia
HEL_CA0436AA_AS,70.501909,21.73885,166.480035,194.144707,108.970936,215.5021,75.462698,188.652324,364.476351,359.084063,1205.240142,357.101261,hspLASEAsia
HEL_BA8731AA_AS,51.014037,15.455469,142.626715,144.365294,82.801758,236.528821,74.011712,192.377786,411.237419,371.942353,1111.277012,407.912418,hspLASEAsia
HEL_CA0434AA_AS,46.556567,17.504501,126.905245,119.176299,71.694378,182.625199,70.444184,175.250375,340.85828,286.649045,1129.118769,341.885459,hspLASEAsia
HEL_BA9802AA_AS,61.489536,24.129998,155.267217,162.049006,101.602568,250.13018,82.570384,168.520667,411.505335,397.873971,1194.28835,400.752173,hspLASEAsia
HEL_CA0451AA_AS,71.523441,31.846413,189.060208,211.186249,167.426146,227.758452,87.942676,206.075464,359.101675,369.163931,1215.145191,377.207401,hspLASEAsia
HEL_CA0452AA_AS,75.092652,18.963639,169.433707,166.538789,114.972251,221.738357,86.689605,172.784334,346.177729,305.804524,1221.308198,351.103417,hspLASEAsia
HEL_CA0437AA_AS,42.036887,17.19873,141.375832,133.905008,70.29012,187.467025,66.324502,159.00964,296.122365,286.158508,1224.095619,328.608617,hspLASEAsia
HEL_BA9754AA_AS,73.799477,21.900005,187.236004,201.005072,116.556865,239.345974,82.93069,201.470372,386.61547,363.710028,1187.806913,414.037712,hspLASEAsia
HEL_CA0438AA_AS,71.671243,26.433906,164.861412,214.238748,144.769064,214.39065,73.471398,182.206287,379.903032,321.644813,1166.018561,365.845909,hspLASEAsia
HEL_BA9633AA_AS,44.032864,23.340666,140.574608,137.617385,67.65693,247.761859,84.244925,198.302124,410.871992,391.229712,1142.221219,444.254158,hspLASEAsia
HEL_CA0439AA_AS,58.958667,20.643562,208.653906,189.651536,122.837665,230.549115,82.803427,213.111795,428.257219,347.764617,1151.542627,365.191985,hspLASEAsia
HEL_CA0440AA_AS,69.884481,20.350185,144.04564,171.120629,104.597374,238.454445,74.055013,194.2646,397.11875,370.573131,1197.339651,390.06963,hspLASEAsia
HEL_CA0441AA_AS,61.897191,20.144569,160.861699,163.760674,96.417638,219.766484,83.976333,174.675769,392.49574,404.161842,1219.999213,400.181795,hspLASEAsia
HEL_CA0444AA_AS,51.879413,18.624579,178.642418,161.82379,90.399539,233.508296,85.171823,185.994772,421.910155,359.347036,1136.832574,438.653004,hspLASEAsia
HEL_BA9622AA_AS,66.873337,19.36932,184.798884,189.888502,106.194077,236.632526,83.662297,199.387737,388.475886,388.033342,1106.885351,441.965629,hspLASEAsia
HEL_BA9590AA_AS,61.772018,21.493255,236.352991,228.937791,152.85761,222.295687,81.635806,185.781378,358.508392,409.610022,1108.517372,397.253053,hspLASEAsia
HEL_BA9588AA_AS,72.796852,20.078969,210.925286,181.691741,95.223897,230.358729,79.145321,202.738623,432.245406,381.923204,1173.768293,349.463487,hspLASEAsia
HEL_BA9578AA_AS,62.924712,21.741443,166.817978,167.181462,103.801945,242.071812,81.732734,205.364044,366.802425,373.716422,1142.188725,394.938985,hspLASEAsia
HEL_BA9547AA_AS,69.909228,15.773085,152.181355,167.212703,77.786548,242.493191,73.422814,190.573835,389.857141,387.316611,1201.664181,395.310319,hspLASEAsia
HEL_CA0443AA_AS,76.365165,18.575356,205.811116,182.982586,142.676883,252.011611,82.730797,177.175471,426.308558,409.452899,1070.072962,428.561296,hspLASEAsia
HEL_BA9452AA_AS,61.163757,18.19875,146.997046,157.74499,92.638555,242.35278,75.149531,177.244007,401.279971,393.371235,1135.635131,433.069899,hspLASEAsia
HEL_BA9420AA_AS,52.254668,15.674026,160.967068,162.808796,102.517846,202.41775,56.346365,180.383682,378.47351,389.054938,1190.121892,407.902699,hspLASEAsia
HEL_BA9335AA_AS,43.093738,16.398631,139.677678,142.992883,71.797632,255.643215,70.865081,188.925628,452.24018,436.139741,1102.075777,467.206078,hspLASEAsia
HEL_BA9317AA_AS,86.512002,24.678596,194.880548,282.153028,197.748809,222.895081,79.295876,210.696981,366.686446,329.704775,1125.018239,352.793497,hspLASEAsia
HEL_BA9312AA_AS,90.767849,20.530496,197.997988,206.863806,144.49564,228.886095,91.086535,193.615052,379.244563,336.604864,1210.36786,355.915294,hspLASEAsia
HEL_BA9055AA_AS,101.574454,21.593566,220.281482,234.458481,191.164588,212.701824,99.447274,204.395946,375.69633,372.877775,1164.301336,368.202193,hspLASEAsia
HEL_CA0442AA_AS,56.615496,19.566203,160.504784,155.060929,88.642826,215.38941,81.568088,157.604417,333.776582,285.037387,1207.910584,371.346773,hspLASEAsia
HEL_CA3878AA_AS,64.187674,18.428118,166.903846,207.987553,106.13823,221.378492,83.826232,175.319665,389.917381,374.35027,1103.319264,420.472957,hspLASEAsia
HEL_BA8689AA_AS,67.047817,16.353269,168.154317,184.529685,107.30016,194.493211,83.829783,163.571873,370.956974,315.481193,1187.234207,339.329277,hspLASEAsia
HEL_BA8729AA_AS,120.54291,28.118705,228.489155,231.601119,186.661459,209.286663,99.046655,183.220499,359.201463,339.109344,1187.981544,398.42657,hspLASEAsia
HEL_BA4223AA_AS,53.713658,18.450467,175.18121,181.724729,96.271528,221.348563,67.257942,183.837252,408.019264,411.199096,1133.736275,383.968243,hspLASEAsia
HEL_BA4917AA_AS,84.48866,19.920098,184.49821,218.965874,152.923704,229.317491,85.224908,195.844211,393.391681,376.154373,1161.784596,388.03786,hspLASEAsia
HEL_BA4942AA_AS,41.127604,22.336755,185.299328,164.812008,88.935102,217.448206,86.989343,200.341726,413.219355,361.670218,1218.937438,405.613349,hspLASEAsia
HEL_BA4955AA_AS,60.524702,21.236078,181.458832,176.161187,113.905078,225.116499,74.236223,188.142404,423.122243,373.474403,1160.410445,379.858016,hspLASEAsia
HEL_BA4960AA_AS,72.107298,22.825873,155.78987,165.084636,108.002992,224.393944,77.444015,201.9258,426.904218,384.360138,1184.489346,397.031119,hspLASEAsia
HEL_BA4962AA_AS,55.500186,20.411709,152.574205,115.054272,71.455755,179.909271,61.915544,154.657524,336.520327,294.418644,1212.245956,321.964355,hspLASEAsia
HEL_BA4965AA_AS,56.269639,23.220779,193.71441,188.400558,96.846627,222.098614,68.073305,185.649383,358.309312,351.210772,1213.531725,386.496372,hspLASEAsia
HEL_BA4967AA_AS,71.206432,20.183705,221.982898,212.936234,101.835077,238.636001,86.664824,196.285243,422.138728,374.402651,1139.171944,409.968834,hspLASEAsia
HEL_BA4985AA_AS,61.701312,20.521931,184.220897,196.765285,119.998835,215.162547,81.334573,199.499974,340.587402,378.93672,1192.440188,418.912288,hspLASEAsia
HEL_BA4993AA_AS,86.576675,21.088497,194.978136,207.970425,186.070543,215.070074,73.144536,153.021204,322.913954,352.052113,1121.970036,321.13658,hspLASEAsia
HEL_BA8661AA_AS,84.719983,23.610816,167.322367,215.496941,168.744519,233.019381,83.568526,191.881169,358.094899,334.141389,1162.207461,362.628912,hspLASEAsia
HEL_BA8663AA_AS,59.144985,17.616351,173.534461,192.810024,116.198627,218.859212,68.649043,178.144334,405.497286,372.371588,1139.724734,376.135274,hspLASEAsia
HEL_BA8664AA_AS,50.02057,15.579717,160.0781,154.504741,102.469994,224.029908,78.254178,171.42793,396.195036,378.002097,1231.992745,452.688603,hspLASEAsia
HEL_BA8665AA_AS,90.189382,31.181878,233.798421,305.476492,207.75496,220.504034,89.575395,211.790795,378.170346,345.678156,1125.458971,360.42582,hspLASEAsia
HEL_BA8666AA_AS,60.768863,19.670431,186.628206,186.628089,110.602097,255.592244,73.420424,195.077474,392.499197,387.575802,1122.333329,379.352769,hspLASEAsia
HEL_BA8667AA_AS,62.121198,21.054507,192.75106,203.917202,118.392054,251.809052,87.371696,221.111476,400.691597,371.543606,1137.258745,389.470533,hspLASEAsia
HEL_BA8669AA_AS,46.605314,19.274931,136.457551,145.330292,68.96053,199.442906,77.078402,136.473813,332.808209,314.70026,1136.264752,365.008348,hspLASEAsia
HEL_BA4220AA_AS,75.488729,25.058631,175.029566,169.402938,108.076316,235.571377,68.053037,191.587682,371.778817,383.106708,1147.631795,382.141787,hspLASEAsia
HEL_BA8670AA_AS,82.93113,16.06836,164.828415,233.316075,136.19063,253.826429,81.247063,219.364675,411.214865,365.070186,1054.125748,423.830752,hspLASEAsia
HEL_BA4190AA_AS,47.919759,17.787145,146.043612,125.128147,81.603607,246.0733,80.426357,225.322899,389.730031,393.142072,1208.568691,412.137597,hspLASEAsia
HEL_BA4123AA_AS,62.956197,21.29058,172.205252,157.279242,97.90921,227.532755,75.803865,191.168958,381.657363,339.200768,1204.154105,388.082224,hspLASEAsia
GCA_011458015.1,59.468933,20.210194,182.598034,193.531481,102.826548,216.332956,72.667081,166.785979,402.937139,382.684172,1153.876791,406.98004,hspLASEAsia
GCA_011458095.1,59.229595,20.15914,181.77156,190.795769,102.614387,216.0945,72.787831,169.562034,403.360487,383.97907,1152.090975,412.206696,hspLASEAsia
GCA_011458315.1,60.679371,20.166955,181.721717,190.627458,101.593818,216.137412,72.8511,169.517873,403.263636,384.003711,1150.908152,413.466262,hspLASEAsia
GCA_011462215.1,59.157908,20.171996,181.759838,190.697316,102.506563,216.170783,72.881427,169.547706,403.454477,384.345477,1150.976817,413.332701,hspLASEAsia
GCA_011462375.1,59.157908,20.171996,181.759838,190.697316,102.506563,216.170783,72.881427,169.547706,403.454477,384.345477,1150.976817,413.332701,hspLASEAsia
GCA_011462575.1,59.147402,20.170717,181.764658,190.680913,102.445038,216.163444,72.868175,169.545235,403.12135,384.252179,1150.884244,411.601205,hspLASEAsia
GCA_011462735.1,60.563484,20.163239,181.702047,190.46823,101.501315,216.178164,72.888789,168.730058,403.415875,385.255318,1150.919738,413.421753,hspLASEAsia
GCA_011462915.1,59.466341,20.203199,182.591527,193.472782,102.772438,216.318667,72.64184,167.714049,402.827819,382.658784,1153.115787,407.016985,hspLASEAsia
GCA_011463035.1,60.877325,20.199618,182.548015,193.535656,101.742703,216.287669,72.651087,167.640371,402.623756,382.770949,1152.280233,408.838872,hspLASEAsia
GCA_011463055.1,59.157908,20.171996,181.759838,190.697316,102.506563,216.170783,72.881427,169.547706,403.454477,384.345477,1150.976817,413.332701,hspLASEAsia
GCA_011463175.1,60.554458,20.165036,181.703662,190.543272,101.456625,216.175682,72.887925,169.51018,403.338462,384.357678,1150.948884,413.415286,hspLASEAsia
HEL_AA0210AA_AS,69.822495,18.691899,156.335841,168.595535,95.44867,229.916878,71.532662,175.043358,421.453901,361.993865,1176.057077,402.221289,hspLASEAsia
HEL_AA0211AA_AS,71.703174,19.717491,171.125182,219.608592,104.329573,238.502556,81.555431,194.052495,392.874388,329.752986,1122.999912,406.346359,hspLASEAsia
HEL_AA0212AA_AS,65.303839,22.420784,193.662043,180.072121,114.885483,212.942023,76.955585,186.477945,393.203172,374.831883,1126.882853,399.654848,hspLASEAsia
HEL_AA0213AA_AS,83.77566,25.709495,211.763662,230.065334,139.847817,246.308488,73.996559,197.886254,381.525381,317.863644,1191.013087,382.003896,hspLASEAsia
HEL_AA4373AA_AS,68.631774,17.935471,197.60655,210.936687,114.780266,220.800301,80.148387,195.475115,406.358647,387.671062,1164.335532,407.790916,hspLASEAsia
HEL_AA6526AA_AS,79.858214,20.075356,203.751783,150.736542,104.725969,222.814989,89.24456,189.197896,371.825702,354.734697,1168.220981,392.683512,hspLASEAsia
HEL_BA4157AA_AS,79.880449,16.390753,165.733761,205.63101,136.207043,217.244977,76.339224,171.130075,328.357321,355.011768,1091.857933,348.532684,hspLASEAsia
HEL_BA8671AA_AS,66.236729,28.856885,171.704939,226.307772,145.338909,219.794638,81.976832,193.892717,360.544146,339.234696,1176.447006,383.659706,hspLASEAsia
HEL_BA8672AA_AS,56.328709,20.032221,174.073348,179.750821,106.17319,205.009079,65.158801,172.800804,335.428238,311.583897,1160.764782,342.654197,hspLASEAsia
HEL_BA8673AA_AS,74.265472,26.80671,177.500148,193.757972,125.781122,243.290953,87.424157,196.34391,383.883349,405.946813,1122.94928,424.609224,hspLASEAsia
HEL_BA8705AA_AS,77.248376,24.634822,181.146308,223.414915,127.564976,234.622652,86.936248,192.866024,341.576721,333.971363,1176.38777,369.142503,hspLASEAsia
HEL_BA8707AA_AS,90.124619,24.883612,237.576341,239.619719,152.923275,241.31739,87.211265,186.7099,367.348898,339.998365,1177.110127,412.10528,hspLASEAsia
HEL_BA8708AA_AS,104.610118,21.382906,194.484262,242.598527,157.908052,206.501083,87.237187,187.729582,369.024141,338.488624,1185.932371,369.706802,hspLASEAsia
HEL_BA8709AA_AS,51.402117,19.627735,189.546223,182.350355,102.797646,209.150295,87.692165,179.006926,370.24857,361.22935,1234.469634,367.360676,hspLASEAsia
HEL_BA8710AA_AS,75.058429,19.275645,202.600613,195.108356,120.783569,227.419433,79.267677,199.235064,429.178274,388.788096,1133.682045,401.596093,hspLASEAsia
HEL_BA8711AA_AS,48.114699,16.233352,166.461223,137.330996,91.958968,186.99212,73.434657,142.439715,303.930518,284.873025,1245.967429,316.629792,hspLASEAsia
HEL_BA8712AA_AS,67.088087,22.879108,193.528817,191.707288,114.664129,238.043626,87.215061,205.526363,388.036305,402.704376,1199.929664,383.189113,hspLASEAsia
HEL_BA8713AA_AS,96.442466,24.40672,199.063121,242.461166,153.935927,236.869659,94.848988,214.269269,398.868557,364.995183,1159.312617,383.719549,hspLASEAsia
HEL_BA8714AA_AS,109.386455,27.145872,245.272969,319.983714,184.838855,221.347509,87.255389,207.317094,370.744065,352.204507,1116.60764,372.058357,hspLASEAsia
HEL_BA8716AA_AS,49.457535,20.125221,168.295644,130.634388,87.176361,168.110425,63.826792,143.258534,300.164533,306.024787,1170.086804,291.636973,hspLASEAsia
HEL_BA8718AA_AS,61.779448,19.503694,171.875602,161.064077,105.75727,225.406408,80.5769,170.943848,375.062743,373.327415,1151.301781,375.509514,hspLASEAsia
HEL_BA8721AA_AS,67.499616,26.939841,174.769025,220.604554,113.446181,255.332918,63.624716,195.258682,387.857724,392.028856,1243.809081,360.1672,hspLASEAsia
HEL_BA8722AA_AS,68.363548,21.460547,179.907793,171.0745,90.352244,236.374036,84.841412,191.934399,390.137097,403.824454,1202.874858,388.431919,hspLASEAsia
HEL_BA8724AA_AS,59.441125,22.156296,155.114689,154.638791,96.038132,255.905648,76.802256,208.561569,453.235211,379.367642,1120.997253,429.121265,hspLASEAsia
HEL_BA8725AA_AS,29.711179,14.512427,62.513312,75.953095,35.028593,78.699888,34.39184,61.537323,138.746387,148.030467,657.312421,142.012039,hspLASEAsia
HEL_BA8727AA_AS,90.632848,29.27893,169.49691,215.179118,138.127966,223.806135,77.222169,206.805946,368.9502,348.873874,1167.232804,367.032863,hspLASEAsia
HEL_BA8728AA_AS,84.255594,20.886698,182.751495,213.543816,146.237982,224.742179,76.020651,205.278908,408.871615,347.375894,1171.125868,385.31163,hspLASEAsia
HEL_BA8703AA_AS,60.92746,19.315298,145.221595,139.165366,107.789506,236.445445,67.117411,187.381094,412.019764,381.240051,1193.439705,445.288984,hspLASEAsia
HEL_BA8702AA_AS,91.228191,17.136046,180.514081,233.016588,147.758976,201.054912,85.126543,186.063807,371.490518,339.921138,1167.900911,342.5861,hspLASEAsia
HEL_BA8700AA_AS,108.826657,30.782724,228.228026,272.855021,180.765605,241.608738,99.631275,188.677358,343.700087,353.776771,1165.324456,347.109124,hspLASEAsia
HEL_BA8699AA_AS,68.750562,16.119917,162.256247,174.412747,110.278699,198.613248,78.244396,165.551204,373.160195,318.481294,1192.128333,344.457675,hspLASEAsia
HEL_BA8675AA_AS,70.026377,23.575807,177.237204,186.602064,127.753796,246.463992,84.970647,204.624201,411.137324,398.721555,1066.842976,435.008162,hspLASEAsia
HEL_BA8676AA_AS,47.42982,17.493575,176.421998,166.420583,102.181551,255.394197,80.368692,197.993154,435.81508,409.943935,1141.320584,402.324742,hspLASEAsia
HEL_BA8677AA_AS,74.113134,22.877188,163.933632,174.237487,139.923859,222.097194,74.004036,177.484551,359.284312,349.38076,1172.898855,400.076144,hspLASEAsia
HEL_BA8679AA_AS,89.556255,18.936474,186.036612,196.222588,135.046722,249.707734,97.077142,184.681779,411.79321,380.072299,1165.191906,404.188284,hspLASEAsia
HEL_BA8680AA_AS,105.697139,31.118147,227.290292,287.894676,206.806767,231.260401,86.244244,209.449007,392.758259,363.130797,1087.749222,396.806664,hspLASEAsia
HEL_BA8681AA_AS,98.4522,17.079674,190.227146,213.234893,133.87874,219.916686,84.944585,173.643161,370.781313,334.871365,1217.189346,343.016711,hspLASEAsia
HEL_BA8682AA_AS,75.202997,24.015322,161.760126,163.488692,113.214137,217.699296,78.805737,191.130991,378.488116,334.290173,1198.920903,366.259434,hspLASEAsia
HEL_BA8683AA_AS,90.870008,22.543318,179.804951,240.537653,144.617279,223.515245,77.605987,196.386511,342.750039,331.211679,1164.648844,371.789928,hspLASEAsia
HEL_BA8730AA_AS,70.665478,21.733672,165.967004,196.593432,113.698999,225.018329,79.307426,196.578136,344.576011,325.709943,1204.355994,387.225092,hspLASEAsia
HEL_BA8685AA_AS,74.054317,26.378519,168.781467,208.931665,107.269467,248.750822,59.844497,188.327218,406.561537,367.189605,1217.336873,370.916677,hspLASEAsia
HEL_CA0454AA_AS,59.250078,20.616179,176.320963,166.911731,104.99903,212.50469,83.966237,196.903658,453.007076,379.31408,1166.242604,436.876498,hspLASEAsia
HEL_BA8690AA_AS,57.791156,14.494255,171.496659,161.496192,95.867295,233.358468,66.989841,169.348702,419.124216,328.57597,1217.538838,390.787803,hspLASEAsia
HEL_BA8691AA_AS,75.413616,21.335356,196.621371,188.216048,94.980304,243.364173,70.834768,184.48081,414.033249,397.742105,1181.357625,433.548482,hspLASEAsia
HEL_BA8693AA_AS,57.835512,19.68082,186.510629,196.626913,90.389811,225.196451,78.357926,188.562629,382.182354,381.431805,1245.767187,386.126791,hspLASEAsia
HEL_BA8694AA_AS,85.26106,19.159689,185.561784,188.537371,108.821843,226.064113,83.545603,180.909295,362.859133,356.666652,1198.058725,373.260153,hspLASEAsia
HEL_BA8695AA_AS,78.018768,18.202384,155.737649,194.704808,112.508126,233.625734,79.338051,177.378655,439.222915,375.509897,1117.889855,390.597913,hspLASEAsia
HEL_BA8696AA_AS,87.292825,27.435911,236.93471,223.604211,158.466568,211.231574,98.342927,193.786443,384.929636,384.661298,1173.487684,391.323398,hspLASEAsia
HEL_BA8698AA_AS,43.752048,20.119458,130.345116,133.763784,79.659716,176.120452,57.482643,158.90516,308.907262,242.592961,1124.557818,274.423607,hspLASEAsia
HEL_BA8687AA_AS,52.829425,23.702822,174.400647,153.325696,107.355063,216.756694,92.258338,197.583759,424.740352,378.488585,1187.903866,419.390587,hspLASEAsia
HEL_CA0455AA_AS,73.442141,23.940399,164.180922,194.392232,145.165611,216.767987,79.147014,182.719325,360.276232,329.38121,1181.881251,394.310087,hspLASEAsia
HEL_CA3873AA_AS,49.857251,15.285289,140.487757,151.263302,96.86639,218.855996,82.678044,191.838572,365.018279,339.250808,1263.97254,390.80761,hspLASEAsia
HEL_CA0457AA_AS,65.26393,23.23945,208.021737,199.229607,108.178448,242.399264,79.741877,200.751365,429.506247,365.834095,1168.734118,410.551894,hspLASEAsia
HEL_CA0568AA_AS,67.77753,26.731747,175.429565,196.155491,116.217056,230.194747,86.190606,181.574449,382.78258,367.656662,1219.987097,377.469926,hspLASEAsia
HEL_CA0567AA_AS,68.163129,18.752976,176.337712,193.945465,112.451204,246.795533,92.300145,192.757752,377.233419,380.535734,1202.159269,371.385176,hspLASEAsia
HEL_CA0566AA_AS,68.923656,28.400227,195.444813,206.875933,156.445927,233.09505,91.084005,201.910768,403.68691,365.455422,1159.540955,394.207303,hspLASEAsia
HEL_CA0565AA_AS,50.170058,22.17684,172.412579,160.827268,92.932938,227.18203,95.14651,192.6646,405.964841,412.989483,1090.61864,433.513668,hspLASEAsia
HEL_CA0564AA_AS,49.055536,18.333061,147.231408,143.753561,94.008749,183.513037,68.620966,161.711705,316.75454,301.362214,1209.756817,316.281159,hspLASEAsia
HEL_CA0563AA_AS,92.740107,25.246921,208.682203,234.314621,155.914083,227.364241,86.29957,207.649235,410.60878,364.043274,1066.336768,412.66963,hspLASEAsia
HEL_CA0562AA_AS,50.664914,18.83714,179.426122,171.80849,101.576615,197.084952,65.714305,208.672736,402.399685,397.807901,1089.411665,429.163397,hspLASEAsia
HEL_CA0561AA_AS,65.591025,19.184573,207.182232,199.466039,131.724691,237.054712,76.050136,194.491278,415.761085,368.5926,1198.719845,389.74813,hspLASEAsia
HEL_CA0560AA_AS,58.853859,20.400899,195.568048,175.241092,97.676423,209.438663,71.512519,201.890873,394.091721,373.963911,1202.462123,405.962716,hspLASEAsia
HEL_CA0559AA_AS,48.054507,11.677339,84.792749,95.94573,74.447598,91.615927,41.372623,68.379284,158.627279,142.868833,617.810458,179.074607,hspLASEAsia
HEL_CA0557AA_AS,62.129059,20.453967,187.678694,175.06957,110.726855,213.426921,79.654084,192.326607,435.041501,379.081052,1149.526703,402.112513,hspLASEAsia
HEL_CA0556AA_AS,91.023772,28.09999,208.513061,199.898581,142.447699,223.664128,94.006025,176.906209,376.328388,356.051363,1168.245468,351.489736,hspLASEAsia
HEL_CA0554AA_AS,98.911015,17.930252,212.80458,221.136221,151.847851,214.099428,84.213787,197.076038,457.026479,404.172616,1138.164002,443.834028,hspLASEAsia
HEL_CA0553AA_AS,168.058144,26.582606,243.879091,293.149288,258.363012,226.83803,101.530494,218.357573,393.676338,373.12425,1039.684517,404.442024,hspLASEAsia
HEL_CA0552AA_AS,46.160335,20.788093,150.212429,135.405637,85.240657,180.759775,59.902531,169.324936,295.792687,297.482295,1106.586933,307.201461,hspLASEAsia
HEL_CA0551AA_AS,55.410038,19.64864,156.422979,149.706378,82.151669,250.60527,69.780334,189.7164,431.728053,396.523595,1190.137557,425.933322,hspLASEAsia
HEL_CA0550AA_AS,58.141798,19.808298,175.988348,149.923865,88.168891,216.893113,73.612633,191.202692,398.863444,347.582214,1237.277176,386.475035,hspLASEAsia
HEL_CA0549AA_AS,49.691581,18.962508,157.626059,131.890243,95.999976,249.352231,65.423766,186.082146,410.623883,401.84078,1117.267989,429.063593,hspLASEAsia
HEL_CA0548AA_AS,55.429765,18.935926,150.691,169.751205,92.423162,226.011587,76.509252,196.713734,388.720149,344.673314,1199.098146,400.411922,hspLASEAsia
HEL_CA0547AA_AS,62.374133,23.544807,149.959731,195.994676,94.345902,247.704582,84.260716,200.569093,381.690525,367.83746,1127.239415,412.010777,hspLASEAsia
HEL_CA0546AA_AS,57.949867,15.623351,163.385957,153.047639,104.835159,256.959051,87.915963,200.245643,418.390725,382.303167,1159.166984,435.80414,hspLASEAsia
HEL_CA0545AA_AS,33.900345,21.171944,120.612847,118.668079,77.520399,159.891475,47.906478,130.062269,269.088246,232.699906,1104.524879,248.769452,hspLASEAsia
HEL_CA0544AA_AS,70.331583,18.970471,160.97669,185.733299,135.987508,239.627939,83.71083,208.255102,418.774493,369.57917,1156.059266,392.217941,hspLASEAsia
HEL_CA0543AA_AS,75.983979,20.569675,154.424767,168.708766,118.446383,247.571706,102.663997,177.113257,374.85462,367.382505,1183.811122,416.528877,hspLASEAsia
HEL_CA0541AA_AS,66.18071,18.835619,166.042176,189.76921,98.155709,217.016221,78.972406,193.46785,407.794542,381.086535,1205.229277,438.143444,hspLASEAsia
HEL_CA0540AA_AS,49.119422,18.469122,133.836044,110.648248,71.734204,185.140225,59.515172,133.865071,318.590752,255.839214,1097.223306,289.146889,hspLASEAsia
HEL_CA0539AA_AS,48.319939,25.423101,153.574353,206.387823,88.262622,219.270664,79.347921,184.56684,404.474502,384.70546,1113.839034,420.087267,hspLASEAsia
GCA_011457815.1,59.480775,20.206578,182.604191,193.6897,102.792641,216.282769,72.644589,167.677897,402.739771,382.758748,1152.308166,408.756287,hspLASEAsia
HEL_CA0538AA_AS,54.056896,16.428829,152.469552,153.410696,93.905848,257.581816,84.023635,204.851546,444.549743,426.956068,1057.661062,473.503788,hspLASEAsia
HEL_CA0569AA_AS,54.170774,20.699841,171.207018,193.463814,120.738603,257.249208,78.699942,186.161376,411.255703,379.473632,1206.928575,418.32317,hspLASEAsia
HEL_CA0537AA_AS,59.93161,19.145769,203.968571,189.873106,117.103151,235.101097,85.660919,193.255585,411.786969,379.730862,1105.028474,414.393715,hspLASEAsia
HEL_CA0570AA_AS,55.982655,24.753749,195.126515,204.40589,82.591129,240.179112,79.780662,184.273991,442.575776,418.472462,1107.01974,403.710736,hspLASEAsia
HEL_CA0572AA_AS,76.445786,26.487388,174.204655,183.10052,130.128772,251.217222,68.624228,194.866868,409.212266,366.085207,1136.10635,401.455839,hspLASEAsia
HEL_CA3690AA_AS,100.825992,27.338153,462.583537,345.751629,184.734482,217.36776,95.193005,242.912477,369.389602,368.791583,850.130086,352.910981,hspLASEAsia
HEL_CA3691AA_AS,73.60905,19.29987,198.48698,198.696189,121.416013,215.297405,79.478689,197.580314,393.47923,383.732794,1193.982586,406.56625,hspLASEAsia
HEL_CA3683AA_AS,66.134872,23.230934,296.838014,196.810815,115.970126,187.903995,94.267162,157.873787,291.601997,347.509441,1089.255091,311.114603,hspLASEAsia
HEL_CA3780AA_AS,93.206152,27.710185,366.747042,319.254801,170.087584,235.297645,99.264084,252.758049,417.320953,401.272061,902.261844,387.886986,hspLASEAsia
HEL_CA3871AA_AS,75.851329,18.077939,156.051793,195.744293,108.140854,235.78903,87.191249,199.420016,419.011957,387.105735,1097.348093,417.561839,hspLASEAsia
HEL_CA3872AA_AS,7.127494,3.066678,23.994113,18.567559,10.62709,16.066022,5.505756,17.860668,39.672911,30.224174,195.086624,28.53018,hspLASEAsia
HEL_CA3679AA_AS,56.435461,17.07379,171.620971,160.508003,89.516084,249.330918,70.016007,196.457803,395.846411,372.769894,1164.484097,415.492468,hspLASEAsia
HEL_CA3676AA_AS,63.318618,19.507998,175.398172,176.840619,101.288888,236.34505,73.222306,179.802154,383.753625,394.636949,1162.656275,392.887751,hspLASEAsia
HEL_CA3674AA_AS,85.37607,26.959584,274.260311,225.793745,155.612112,240.312272,88.032719,218.484671,439.421409,366.603245,1055.333662,403.597036,hspLASEAsia
HEL_CA3663AA_AS,57.422645,19.250164,167.024305,170.785675,98.401174,255.885497,77.510731,212.409681,430.460031,413.3881,1076.61245,512.031301,hspLASEAsia
HEL_CA3652AA_AS,65.996631,23.111882,204.666652,192.086393,126.271363,219.058633,105.846226,184.881508,373.629434,339.966584,1299.027989,379.307011,hspLASEAsia
HEL_CA3642AA_AS,72.999811,28.028851,198.163315,209.744564,129.115004,216.452886,93.196409,210.755129,406.821581,384.932358,1145.574426,383.047009,hspLASEAsia
HEL_CA3640AA_AS,81.652563,22.149699,194.926851,198.84176,115.244497,217.03898,75.547456,190.352839,409.36659,385.732806,1147.02491,411.840071,hspLASEAsia
HEL_CA3628AA_AS,62.28182,24.346373,161.622545,159.546577,92.306001,227.214033,70.35187,176.531306,388.168612,344.162887,1209.49458,372.599188,hspLASEAsia
HEL_CA3627AA_AS,62.372507,20.867018,214.196268,178.919999,95.224323,240.099979,78.08962,169.183281,386.173551,351.098908,1258.127277,346.760501,hspLASEAsia
HEL_CA3622AA_AS,93.832839,20.030136,192.010496,222.30187,136.110534,208.49249,73.814297,193.464552,387.852911,410.216216,1185.472879,412.224344,hspLASEAsia
HEL_CA3621AA_AS,75.357293,23.85667,196.186598,200.806879,128.954066,233.616486,79.028833,193.144603,379.589129,339.59955,1203.259102,409.945809,hspLASEAsia
HEL_CA3615AA_AS,77.904431,25.114863,196.824092,211.413449,141.042074,231.728759,94.427631,194.5457,397.388044,374.455436,1144.781243,374.683958,hspLASEAsia
HEL_CA3255AA_AS,71.619183,26.050379,199.785387,232.42424,116.759776,226.63381,69.415819,222.553891,433.728995,365.849757,1142.750775,394.441455,hspLASEAsia
HEL_CA3252AA_AS,72.627422,20.607276,171.492611,171.792605,108.001573,209.964087,69.949493,184.933021,367.490043,335.251796,1200.564271,375.316856,hspLASEAsia
HEL_CA0581AA_AS,75.210963,24.126277,238.036795,253.955355,147.651408,246.088452,87.949549,215.592206,399.860041,375.926725,1057.966186,405.931809,hspLASEAsia
HEL_CA0580AA_AS,67.138335,19.958192,159.953418,193.615673,125.129785,214.679594,78.737215,176.912087,381.773647,406.174995,1181.553952,373.72602,hspLASEAsia
HEL_CA0579AA_AS,88.390792,19.112896,190.630814,244.383701,152.406107,196.069306,70.938443,178.371719,389.281924,325.242113,1175.612013,359.781857,hspLASEAsia
HEL_CA0578AA_AS,49.807318,24.02171,177.503522,160.123815,84.265795,223.142487,94.665395,176.271531,395.31803,400.606878,1186.228293,427.894034,hspLASEAsia
HEL_CA0577AA_AS,69.504458,16.643654,181.893318,187.19182,91.25811,222.080494,73.084183,180.237849,404.911358,406.722469,1149.135578,385.183858,hspLASEAsia
HEL_CA0576AA_AS,91.580977,19.157634,206.991285,217.520196,146.364699,227.648488,78.120811,205.349857,365.54048,374.180671,1073.994933,430.001233,hspLASEAsia
HEL_CA0575AA_AS,77.56989,19.46367,211.793201,223.570172,140.368464,222.937349,89.271979,207.43953,398.854526,374.778526,1134.700699,451.995172,hspLASEAsia
HEL_CA0574AA_AS,82.369843,22.131061,214.34986,218.088459,162.056714,246.961906,86.05664,230.740517,419.536612,378.884928,1091.449595,418.67223,hspLASEAsia
HEL_CA0573AA_AS,80.477329,20.570932,180.89687,231.979509,147.226542,230.335319,80.824241,184.060407,384.572795,371.497033,1146.282882,347.577374,hspLASEAsia
HEL_CA0571AA_AS,61.556907,15.859187,157.813983,156.501863,124.174848,158.682912,70.098181,144.098505,262.592179,251.730007,1054.85215,251.713235,hspLASEAsia
HEL_CA0456AA_AS,62.285827,24.921776,158.760004,182.341464,89.75934,241.022612,57.72257,189.452841,405.416545,367.200511,1230.300543,382.390257,hspLASEAsia
HEL_CA0536AA_AS,69.667037,20.479796,189.346659,226.905271,106.866009,233.569169,78.460173,195.063059,423.097744,403.218366,1100.171091,399.353891,hspLASEAsia
HEL_CA0534AA_AS,71.90303,18.165843,184.166531,191.216823,122.909022,230.827707,85.388829,189.159297,373.999832,317.020756,1286.019756,374.841361,hspLASEAsia
HEL_CA0487AA_AS,59.197254,16.658958,161.62454,170.86385,126.511093,190.196318,88.422758,164.145057,342.862964,299.871562,1200.340416,328.343286,hspLASEAsia
HEL_CA0486AA_AS,60.496564,17.79452,194.775529,167.871492,90.064888,248.686437,93.68479,199.513247,423.085198,370.412253,1143.10303,400.321745,hspLASEAsia
HEL_CA0485AA_AS,72.375426,21.743759,167.486087,141.641899,116.68434,227.986945,88.490063,185.209623,397.614749,338.791667,1251.064083,380.446495,hspLASEAsia
HEL_CA0484AA_AS,80.45439,18.66031,181.381931,200.624285,115.737611,261.17486,88.517592,181.525082,373.940815,333.925743,1235.614565,394.028533,hspLASEAsia
HEL_CA3874AA_AS,72.873087,20.994216,170.210474,181.257547,105.081987,233.592332,85.52241,170.452546,416.141041,386.623559,1190.381035,413.349329,hspLASEAsia
HEL_CA0483AA_AS,43.856712,21.655573,142.69638,151.854945,75.923373,204.682501,72.815846,165.674532,382.049497,353.220724,1222.430029,369.723202,hspLASEAsia
HEL_CA0482AA_AS,72.919231,17.508212,207.332318,205.954968,119.881751,221.148625,85.891693,178.822373,377.228262,331.037763,1241.311128,379.882826,hspLASEAsia
HEL_CA0481AA_AS,87.807453,25.968979,207.211365,190.391402,152.448294,238.908172,87.367897,191.980567,381.481231,340.284165,1197.13432,377.514791,hspLASEAsia
HEL_CA0480AA_AS,76.414045,17.315798,225.060286,182.759903,108.391291,199.106178,88.092115,202.54835,402.923306,369.996205,1181.735719,380.667256,hspLASEAsia
HEL_CA0479AA_AS,173.843096,30.611323,247.942536,314.473906,260.615702,214.479694,91.242925,186.62507,387.970644,366.001834,1127.255097,382.164269,hspLASEAsia
HEL_CA0478AA_AS,46.213918,14.19108,126.255127,144.625806,80.856602,178.704126,41.691181,126.30298,307.116171,251.664535,1095.836392,271.143768,hspLASEAsia
HEL_CA0477AA_AS,57.491702,16.47118,162.703127,143.964954,73.166606,251.223359,81.482642,202.415686,453.716096,391.279111,1049.100283,446.949513,hspLASEAsia
HEL_CA0475AA_AS,59.529433,19.576864,166.485302,177.093575,99.390184,213.00779,82.902731,173.540174,372.941365,358.721051,1193.022107,410.683445,hspLASEAsia
HEL_CA0473AA_AS,52.317832,17.973249,147.54173,144.481881,88.998976,215.988718,67.838713,178.161051,352.738672,331.067133,1162.927036,352.051053,hspLASEAsia
HEL_CA0472AA_AS,68.546421,17.721578,191.154267,206.754741,97.674526,225.03703,78.591359,189.229923,395.686782,380.667905,1181.474479,384.303631,hspLASEAsia
HEL_CA0471AA_AS,61.670506,18.631132,149.06891,201.965737,118.356358,204.062045,76.030861,186.195946,327.266914,338.555568,1277.624566,385.934459,hspLASEAsia
HEL_CA0469AA_AS,55.419235,18.572895,148.452641,130.306947,79.514433,191.694832,66.351662,157.436661,327.243748,301.369663,1203.153749,351.624312,hspLASEAsia
HEL_CA0468AA_AS,55.318302,21.309231,164.660421,149.89469,84.836579,200.093201,81.709006,165.330972,352.971143,314.335622,1239.571264,334.773575,hspLASEAsia
HEL_CA0467AA_AS,91.367857,16.929045,186.628647,183.33441,126.539137,232.518167,68.050546,182.340524,367.536771,375.259252,1248.052106,398.681979,hspLASEAsia
HEL_CA0466AA_AS,51.457794,15.485751,158.220739,147.381411,96.345227,237.196163,65.525945,184.381877,451.264043,425.744588,1141.641674,371.828419,hspLASEAsia
HEL_CA0465AA_AS,56.173431,15.714586,164.004411,155.253645,96.832574,228.179951,75.399225,163.701326,392.889996,396.525878,1216.53282,387.977122,hspLASEAsia
HEL_CA0464AA_AS,88.165916,27.828401,188.086432,209.779854,149.50562,211.537451,70.963258,186.086055,367.19068,367.220034,1177.955731,362.961421,hspLASEAsia
HEL_CA3875AA_AS,61.014556,20.487173,149.668322,175.05085,127.567756,212.932461,74.668023,176.374271,362.473294,328.868099,1161.422971,384.154611,hspLASEAsia
HEL_CA0463AA_AS,56.770252,21.426733,157.381508,114.77357,87.918222,246.113115,70.274717,161.023314,401.451677,379.871571,1182.818587,415.862483,hspLASEAsia
HEL_CA0462AA_AS,60.543549,17.026047,180.906023,185.366733,116.585349,214.479619,93.467912,195.291019,430.286433,378.193607,1161.276459,439.321928,hspLASEAsia
HEL_CA0461AA_AS,51.208303,17.809621,168.519206,156.450539,94.580443,228.895712,62.312984,170.395489,367.939558,392.007061,1250.695803,395.850804,hspLASEAsia
HEL_CA0460AA_AS,78.008436,22.799131,192.641535,215.19039,148.353046,258.495386,68.942571,190.570921,395.776733,399.887165,1139.585671,401.112044,hspLASEAsia
HEL_CA0459AA_AS,65.40834,22.088685,163.054539,200.173328,149.917867,234.868346,78.019348,200.205277,377.972551,357.95225,1192.574944,379.219902,hspLASEAsia
HEL_CA0458AA_AS,105.191092,26.906761,211.52577,209.096432,163.479949,227.181619,88.468859,175.0226,425.446582,339.669037,1106.654758,426.057525,hspLASEAsia
HEL_CA0493AA_AS,72.415634,20.64914,168.137,214.256229,159.0967,222.607616,77.037606,193.35212,429.4936,377.187278,1169.36222,395.250817,hspLASEAsia
HEL_CA0535AA_AS,67.065936,20.191938,178.04192,178.019916,121.666222,238.937748,81.643096,209.72482,393.982863,360.029488,1175.906552,400.281251,hspLASEAsia
HEL_CA0494AA_AS,59.85373,19.315977,212.63765,178.580661,129.128855,226.583047,77.097355,190.883399,381.437728,335.288262,1258.286371,417.983028,hspLASEAsia
HEL_CA0496AA_AS,69.803353,22.067701,187.233801,172.036781,112.210179,205.133568,71.475597,196.424556,418.944738,375.046702,1157.395946,432.036986,hspLASEAsia
HEL_CA0533AA_AS,63.149342,18.057877,201.962317,179.997784,114.372658,222.498721,78.960362,190.107443,403.86882,398.089405,1191.746538,377.733091,hspLASEAsia
HEL_CA0532AA_AS,60.923986,21.132378,195.298477,234.583697,100.587532,218.050225,69.614849,189.097562,402.966213,387.826362,1094.330191,389.518903,hspLASEAsia
HEL_CA0531AA_AS,71.862804,20.84139,178.932557,206.409511,129.234743,227.793587,84.434696,184.650503,374.998379,374.1985,1225.356789,377.13994,hspLASEAsia
HEL_CA0529AA_AS,64.612525,27.141334,165.689772,177.70829,115.829202,218.934047,86.992514,183.178852,421.267207,397.511571,1194.850621,382.055261,hspLASEAsia
HEL_CA0528AA_AS,63.968675,16.547752,214.970624,183.877372,100.714764,215.540142,74.977533,151.899439,324.16639,300.844459,1218.081381,322.056422,hspLASEAsia
HEL_CA0527AA_AS,67.03331,27.444811,170.551754,205.273582,113.758224,229.133647,72.012844,194.858749,371.874833,349.584511,1185.70538,432.984886,hspLASEAsia
HEL_CA0526AA_AS,86.25274,20.78727,197.95962,189.494557,98.416428,255.824669,91.394544,211.677091,401.480579,368.321693,1181.871668,383.145619,hspLASEAsia
HEL_CA0525AA_AS,61.507603,18.19203,126.071154,179.207482,101.402989,266.364544,65.725197,228.370259,427.899307,360.204757,1020.673965,444.537891,hspLASEAsia
HEL_CA0524AA_AS,78.174513,31.27865,180.004112,192.33831,108.599933,257.255979,81.784763,193.162724,401.923012,395.027431,1064.307582,415.254109,hspLASEAsia
HEL_CA0523AA_AS,65.62221,15.954877,151.613227,188.962057,108.46499,237.173109,72.640457,211.666058,412.723433,365.027062,1106.114549,390.328407,hspLASEAsia
HEL_CA0522AA_AS,54.502108,15.207957,187.840539,135.678389,72.467442,229.711172,79.497385,175.082555,390.814491,358.462785,1216.562248,362.998102,hspLASEAsia
HEL_CA0521AA_AS,111.312232,26.001513,199.13767,234.901514,168.674965,219.627718,89.226028,191.901738,362.197626,313.22686,1222.664146,354.857067,hspLASEAsia
HEL_CA0520AA_AS,71.16001,21.825133,206.032469,183.273398,138.990962,208.808054,90.454048,210.221664,382.969397,320.572818,1204.638051,376.377347,hspLASEAsia
HEL_CA0519AA_AS,69.509112,21.064849,186.144526,183.116329,108.03256,212.084311,86.075829,200.154785,426.894188,390.297906,1109.723297,433.80067,hspLASEAsia
HEL_CA0515AA_AS,54.680364,18.906861,201.666116,189.055893,108.603981,225.601784,70.094478,170.184463,394.016087,352.879938,1196.789819,362.052042,hspLASEAsia
HEL_CA0514AA_AS,77.502077,18.353098,182.277484,170.402824,118.493073,245.482608,77.857465,174.796586,424.100967,399.088276,1089.559377,441.323379,hspLASEAsia
HEL_CA0513AA_AS,72.877849,18.554681,168.755569,193.765392,137.905591,251.162846,70.207873,181.697661,396.918216,400.559316,1104.389006,411.556104,hspLASEAsia
HEL_CA0512AA_AS,70.452208,18.93584,206.997252,199.045562,105.44252,230.556243,84.350188,194.082358,394.173299,346.253711,1198.90487,382.92991,hspLASEAsia
HEL_CA0511AA_AS,70.443983,19.798193,187.481731,197.301717,118.084817,196.96123,69.402968,182.468536,363.516784,328.147574,1166.915115,381.038772,hspLASEAsia
HEL_CA0510AA_AS,72.892651,17.984669,165.318989,190.237654,103.833188,257.151411,75.39948,211.220466,418.134981,384.472858,1110.965413,395.177951,hspLASEAsia
HEL_CA0509AA_AS,64.416818,22.371292,221.859026,178.421918,118.503581,226.38023,82.547056,203.110558,397.491868,367.47286,1134.544221,388.299162,hspLASEAsia
HEL_CA0508AA_AS,63.334701,19.155,196.306367,188.794344,96.610078,222.014115,78.796064,203.852085,380.320996,371.965205,1153.366408,443.118732,hspLASEAsia
HEL_CA0507AA_AS,62.591051,17.256513,180.456219,178.305961,90.806454,227.630114,90.730854,167.534386,401.104769,385.249591,1194.024297,410.210355,hspLASEAsia
HEL_CA0504AA_AS,67.151847,15.1621,199.912812,208.900435,125.675805,241.347211,82.519875,205.609173,398.418384,330.061686,1112.407216,404.709173,hspLASEAsia
HEL_CA0503AA_AS,40.659276,19.975516,116.166683,122.089306,68.807778,184.270051,57.701493,131.249175,286.010534,262.91942,1097.520091,308.379527,hspLASEAsia
HEL_CA0502AA_AS,46.481687,19.343218,161.589804,157.637492,91.967466,163.302099,69.929065,147.326124,293.089287,269.441956,1145.071592,304.40133,hspLASEAsia
HEL_CA0501AA_AS,83.799299,23.968322,180.490648,212.454691,139.556175,225.986251,82.976916,204.691522,425.003906,382.652126,1153.285911,396.384632,hspLASEAsia
HEL_CA0498AA_AS,59.429539,21.560655,193.871661,189.437155,113.347063,229.32938,89.711496,174.26628,377.499096,344.785631,1223.578808,350.510837,hspLASEAsia
HEL_CA0497AA_AS,78.172625,29.192296,221.465758,239.648008,127.009231,230.881189,83.774363,212.260875,399.466808,388.07472,1138.425095,396.818973,hspLASEAsia
HEL_CA0495AA_AS,54.037329,23.231969,158.622424,155.683624,105.383584,208.462803,70.653496,186.573189,387.258822,378.963551,1197.914161,398.765242,hspLASEAsia
GCA_011457615.1,59.155851,20.156149,182.301619,190.830687,102.85905,216.130249,72.063033,168.839154,403.528387,385.252851,1151.537611,412.176887,hspLASEAsia
HEL_CA5510AA_AS,60.464965,21.042486,175.609639,188.430692,125.185157,220.908863,95.140381,188.441689,407.329733,370.755843,1178.570622,339.060438,hspLASEAsia
GCA_011457115.1,59.104659,20.157221,181.753508,190.711589,102.477194,216.132771,72.824686,169.554545,403.435272,384.333061,1152.131792,412.155717,hspLASEAsia
HEL_CA6654AA_AS,60.754473,18.427638,194.28525,191.063769,99.294089,237.534741,76.14994,183.592292,408.089846,364.941255,1236.022196,381.81374,hspLASEAsia
HEL_CA6653AA_AS,62.893021,22.600539,182.017869,196.338234,121.881564,268.152341,82.392018,185.887038,407.672992,415.281717,1153.139064,407.575427,hspLASEAsia
HEL_CA6651AA_AS,65.029056,19.495917,179.622324,213.484784,93.079171,249.524954,73.356385,188.451732,398.718553,372.373615,1115.118708,421.476651,hspLASEAsia
HEL_CA6650AA_AS,80.887627,22.236603,215.41056,217.635874,162.749988,250.508824,86.39159,234.449711,418.611139,379.134491,1097.446876,421.325745,hspLASEAsia
HEL_CA6649AA_AS,49.006531,19.600644,150.351874,164.912607,100.174625,247.462897,83.450133,170.546009,425.422139,371.060198,1124.577686,417.362414,hspLASEAsia
HEL_CA6647AA_AS,103.511071,18.720335,180.110095,196.164348,132.357526,222.036755,80.554566,190.147397,402.248522,389.724998,1109.003252,381.203629,hspLASEAsia
HEL_CA6646AA_AS,55.376055,18.010236,193.598663,145.741185,85.145064,248.442168,72.030747,210.455768,445.477793,416.297246,1022.382905,445.245978,hspLASEAsia
HEL_CA6645AA_AS,74.160841,16.981087,174.156552,171.220605,98.185397,230.16667,82.174634,197.025407,437.087544,374.709104,1170.005939,365.63299,hspLASEAsia
HEL_CA6644AA_AS,60.01766,21.982871,207.357507,248.432416,137.610517,232.721686,81.788789,196.474774,381.140258,371.556953,1115.305091,415.805422,hspLASEAsia
HEL_CA6643AA_AS,61.704457,18.710826,171.785738,164.255497,102.807923,250.204702,83.001721,186.65574,407.538266,355.366345,1109.28686,406.820577,hspLASEAsia
HEL_CA6642AA_AS,69.729057,27.311059,214.630678,241.12103,143.087181,235.297005,83.479406,187.923921,442.536322,348.370564,1147.598461,364.623958,hspLASEAsia
HEL_CA6640AA_AS,97.339878,21.869545,209.923881,254.076435,151.125461,233.396774,67.927738,197.004307,387.748307,339.969819,1180.33949,362.601742,hspLASEAsia
HEL_CA6639AA_AS,85.897682,22.266436,197.225501,218.549216,151.08206,253.534757,85.87059,182.419139,414.207315,387.845657,1074.039725,403.532953,hspLASEAsia
HEL_CA6638AA_AS,50.002041,18.591244,147.487429,144.695078,90.669626,201.597464,85.282123,204.818269,408.29709,416.110719,1122.949619,450.008395,hspLASEAsia
HEL_CA6635AA_AS,84.547215,26.848359,235.783458,230.646295,148.315914,225.786284,84.524857,180.95637,413.230031,373.221204,1216.611658,369.185964,hspLASEAsia
HEL_CA6634AA_AS,64.239248,21.116202,161.392738,160.774677,88.306883,207.477157,80.926848,174.537739,385.236162,361.765798,1203.044038,391.892667,hspLASEAsia
HEL_CA6633AA_AS,54.944538,16.861258,191.753695,187.032145,117.460208,210.102398,73.165865,186.546708,423.156798,361.511433,1142.399935,395.195841,hspLASEAsia
HEL_CA6630AA_AS,77.709951,22.409278,177.939857,193.291152,114.55199,262.427255,88.736237,203.695614,413.312671,398.335633,1117.456934,403.289914,hspLASEAsia
HEL_CA6629AA_AS,65.490668,23.493175,183.475563,202.114015,133.150176,214.154131,80.308807,218.491155,437.314449,406.529992,1092.158076,424.800845,hspLASEAsia
HEL_CA6628AA_AS,61.695169,29.471536,201.980249,236.471872,170.054316,239.697121,88.001615,191.002021,370.33088,382.481273,1183.106565,393.841175,hspLASEAsia
HEL_CA6627AA_AS,57.861892,24.155454,194.403304,206.087864,108.80482,228.453161,71.954919,176.473859,400.2776,379.5646,1164.341769,418.586285,hspLASEAsia
HEL_CA6626AA_AS,62.771423,18.352561,193.4049,150.146191,116.318463,228.163216,91.624906,198.21265,428.767548,374.08301,1190.241698,428.84095,hspLASEAsia
HEL_CA6625AA_AS,62.694357,21.624455,195.129058,182.244593,130.08302,216.888067,99.243123,181.598961,419.82399,356.564048,1218.978469,387.266449,hspLASEAsia
HEL_CA6624AA_AS,56.522893,22.66953,194.262988,163.689745,89.746627,206.686196,86.562519,187.594685,444.704831,375.371414,1165.919319,401.502237,hspLASEAsia
HEL_CA6623AA_AS,124.690522,25.348363,222.0685,238.66674,192.62976,249.427667,83.035939,194.402826,369.094652,370.130621,1155.913606,376.737789,hspLASEAsia
HEL_CA6622AA_AS,58.624938,22.833834,178.831384,162.389438,92.870471,224.129692,80.257782,213.160261,434.858579,370.446942,1226.888879,398.700878,hspLASEAsia
HEL_CA6620AA_AS,44.806871,15.423008,168.357078,155.271281,61.450449,234.203511,81.182241,211.347587,429.126855,398.879493,1113.897774,417.774788,hspLASEAsia
HEL_CA6618AA_AS,72.406819,22.848665,158.133493,203.323182,129.282393,218.416804,92.249416,188.260075,416.522209,349.726459,1209.195135,372.174607,hspLASEAsia
HEL_CA6615AA_AS,115.295408,29.699118,300.814327,328.670972,215.554116,231.954626,92.346004,244.381494,446.518913,372.631404,984.22579,394.054319,hspLASEAsia
HEL_CA6655AA_AS,47.269607,20.032718,171.769387,157.549567,89.77281,198.786984,73.938706,157.026587,313.939484,324.735537,1244.377133,337.565558,hspLASEAsia
HEL_CA6614AA_AS,66.937598,22.673646,169.432479,178.136472,106.987958,213.282817,82.648866,190.158863,368.738277,338.566158,1217.721502,376.661633,hspLASEAsia
HEL_CA6657AA_AS,67.847315,21.037795,179.52936,199.440424,118.833844,226.954695,82.934361,194.864926,426.476256,376.165275,1061.859403,365.789316,hspLASEAsia
HEL_CA6659AA_AS,75.182391,25.291738,237.993467,206.207829,136.185162,263.058277,88.80163,202.444248,436.428691,380.534145,1120.78818,399.091475,hspLASEAsia
HEL_CA5831AA_AS,103.870136,25.36901,279.175894,296.283318,192.907292,244.451178,89.134802,223.539695,381.862089,384.826099,1021.068142,408.261102,hspLASEAsia
HEL_CA5833AA_AS,50.372596,21.580115,182.81628,186.527484,118.266005,250.091186,89.534438,213.476094,426.868032,384.090905,1093.09649,418.811012,hspLASEAsia
HEL_CA5846AA_AS,68.463378,22.822519,176.258141,206.486408,138.119177,241.293533,74.871784,204.060373,401.761405,379.053339,1164.304107,405.542674,hspLASEAsia
HEL_CA5848AA_AS,42.238302,19.467148,127.004817,113.276335,82.738441,193.178643,68.250252,155.966607,328.173447,301.447024,1181.344528,304.021752,hspLASEAsia
HEL_CA5864AA_AS,132.749331,26.945712,449.612961,384.350737,225.653407,217.856236,118.283873,255.427297,401.952417,401.75973,850.190611,368.555016,hspLASEAsia
HEL_CA5876AA_AS,72.008814,26.444896,226.575273,213.773017,156.067197,234.45152,95.981022,223.608537,398.336721,387.116281,1147.051007,384.48004,hspLASEAsia
HEL_CA6686AA_AS,49.799266,18.260741,137.187629,153.456087,88.377314,219.24354,72.475153,203.567039,441.733426,369.010746,1045.368965,396.024769,hspLASEAsia
HEL_CA6685AA_AS,75.843306,24.163268,194.744877,217.624009,132.382671,236.399801,91.523673,188.629955,392.319486,389.855116,1182.577934,419.267796,hspLASEAsia
HEL_CA6683AA_AS,108.290997,20.282581,218.135503,258.862883,153.101354,203.357128,95.222564,204.652537,376.219937,340.319319,1154.702606,369.991473,hspLASEAsia
HEL_CA6682AA_AS,382.907751,38.397497,264.236472,448.553719,609.720405,197.135841,99.404831,203.486282,318.360391,299.375106,822.229912,301.241244,hspLASEAsia
HEL_CA6681AA_AS,84.469593,20.643945,205.923391,207.457053,125.301049,253.892192,85.155809,196.022535,427.710889,377.503764,1153.47553,401.077072,hspLASEAsia
HEL_CA6680AA_AS,58.653744,19.003717,192.207565,167.956644,98.331955,227.443171,84.976,191.272498,433.481418,343.500804,1205.019915,398.855199,hspLASEAsia
HEL_CA6679AA_AS,44.39706,14.265475,85.970939,158.676336,77.384706,98.94373,47.230615,88.163807,176.283333,148.700679,704.127753,167.488276,hspLASEAsia
HEL_CA6678AA_AS,65.117343,19.511987,189.704641,194.415974,127.368352,224.671376,79.187289,168.650986,360.043995,334.462863,1238.220774,347.538515,hspLASEAsia
GCA_011457355.1,59.518925,20.21797,182.589047,193.461282,102.803269,216.355732,72.698877,167.607311,402.846643,382.669094,1151.912486,408.32605,hspLASEAsia
HEL_CA6676AA_AS,107.472853,26.871975,200.279796,201.071018,166.414746,207.307652,89.042839,187.512845,405.68719,357.827431,1102.154436,389.437992,hspLASEAsia
HEL_CA6675AA_AS,75.834838,17.292935,176.738226,200.496544,121.010789,199.088235,78.488867,172.93392,382.900085,328.874067,1187.822708,334.832416,hspLASEAsia
HEL_CA6674AA_AS,59.52448,18.002063,171.475601,181.974382,100.45499,212.531998,78.761149,181.755665,377.705685,371.008239,1213.329302,367.320389,hspLASEAsia
HEL_CA6673AA_AS,118.205471,20.136331,212.335522,226.169553,166.782593,216.462971,82.387496,184.684711,386.038148,346.169717,1054.713169,437.775633,hspLASEAsia
HEL_CA6672AA_AS,62.925595,20.911381,197.555984,171.353198,101.310131,230.927217,81.257754,183.236087,391.644036,367.400006,1191.390113,398.922614,hspLASEAsia
HEL_CA6671AA_AS,56.855498,17.543479,196.963749,180.785359,105.600643,229.506412,71.274003,181.798521,416.369089,366.892085,1119.435031,407.594248,hspLASEAsia
HEL_CA6670AA_AS,56.180439,22.650759,163.080431,167.983988,115.516971,193.701895,69.966492,142.92811,311.677989,308.395641,1177.567989,327.426836,hspLASEAsia
HEL_CA6668AA_AS,73.630238,23.367172,217.268523,218.19015,136.585806,224.058548,90.512116,207.141191,369.729037,363.707187,1206.599686,357.792235,hspLASEAsia
HEL_CA6667AA_AS,56.024961,16.728536,155.11049,153.939615,95.09718,249.151914,74.342245,181.528251,396.640136,378.912831,1131.913676,395.050041,hspLASEAsia
HEL_CA6666AA_AS,67.673458,21.139418,171.51252,172.780277,90.813711,248.0849,78.29148,186.828919,402.104713,381.857439,1165.222745,405.979279,hspLASEAsia
HEL_CA6665AA_AS,118.054816,28.098653,412.918787,482.235573,262.310783,218.532873,125.626973,210.057602,339.357024,317.546098,901.515169,281.576284,hspLASEAsia
HEL_CA6664AA_AS,68.018316,19.971176,196.88592,208.602779,138.832239,204.787464,83.553245,177.132097,354.997881,316.114681,1191.570058,326.507298,hspLASEAsia
HEL_CA6663AA_AS,81.697305,19.878598,177.687921,210.668767,135.288054,221.49413,75.536292,185.249833,372.021771,333.29388,1244.511933,378.326143,hspLASEAsia
HEL_CA6661AA_AS,63.22163,16.274414,177.372653,161.157525,94.136804,230.168199,75.478146,179.798509,406.51525,368.214659,1237.685572,382.433098,hspLASEAsia
HEL_CA6658AA_AS,38.06368,19.915041,137.887595,96.316164,64.157855,179.297318,62.900475,149.26356,282.11083,253.833117,1131.601471,271.343339,hspLASEAsia
HEL_CA6610AA_AS,93.712647,26.691991,278.771488,307.582904,204.627183,228.330282,102.037563,196.224863,342.508489,338.10685,1118.445126,350.133975,hspLASEAsia
HEL_CA6608AA_AS,68.95634,20.971515,170.317578,165.849873,93.763884,243.056538,78.456697,186.228874,455.621181,396.813526,1128.439537,429.329671,hspLASEAsia
HEL_CA6587AA_AS,73.258114,23.132794,196.50089,206.401764,132.595894,206.692384,80.078693,192.651036,384.38736,372.730158,1202.854042,389.684931,hspLASEAsia
HEL_CA6535AA_AS,61.480255,20.388502,174.73595,166.866263,120.894056,241.133393,75.481082,193.036883,420.91861,401.172585,1107.976844,412.833483,hspLASEAsia
HEL_CA6534AA_AS,130.803397,30.133199,518.636468,520.5677,259.675052,218.288407,112.710434,252.410839,347.431284,328.526778,795.493861,326.7206,hspLASEAsia
HEL_CA6532AA_AS,71.47371,21.567001,344.121108,295.146693,159.616751,198.516226,104.990684,185.876457,355.618746,345.821232,1037.325322,359.01362,hspLASEAsia
HEL_CA6526AA_AS,102.988192,24.591184,383.197542,340.065359,186.576042,201.554299,87.167719,205.80926,388.407307,357.209761,954.087458,341.763816,hspLASEAsia
HEL_CA6525AA_AS,78.257945,24.115214,362.08055,275.816802,187.077099,197.475001,101.868935,181.773075,332.795339,332.67061,1119.982977,311.944138,hspLASEAsia
HEL_CA6522AA_AS,83.729108,25.411392,227.491111,239.96086,157.864023,258.568144,95.543106,176.988688,436.253214,377.662644,1027.956659,405.094718,hspLASEAsia
HEL_CA6521AA_AS,100.208158,21.830158,363.486424,361.506027,218.089175,206.448406,91.288521,193.892041,329.559043,303.641725,1104.421633,326.31736,hspLASEAsia
HEL_CA6516AA_AS,146.776394,33.83237,455.212459,479.837655,291.690689,232.387533,118.954223,246.627683,349.186282,318.999963,822.110485,320.79195,hspLASEAsia
HEL_CA6514AA_AS,98.744263,29.99463,389.594408,383.938538,183.612464,230.271994,106.672763,229.501345,387.129303,374.398568,865.885164,356.087431,hspLASEAsia
HEL_CA6513AA_AS,126.489284,32.588424,474.558317,456.728849,249.742501,220.709066,123.262182,242.008173,376.431385,361.903513,845.687319,337.652538,hspLASEAsia
HEL_CA6504AA_AS,105.763934,28.519706,484.079806,399.274239,199.661982,216.638273,96.026697,234.541693,366.530518,365.537748,874.070743,341.25775,hspLASEAsia
HEL_CA6501AA_AS,68.006308,26.790027,245.587475,246.989284,139.791408,228.810183,102.603444,208.98621,407.279809,370.789217,1140.9576,348.524501,hspLASEAsia
HEL_CA6500AA_AS,82.562346,28.169398,252.962587,246.084929,132.602059,213.107865,82.33553,206.567316,374.632433,388.554331,1150.445727,364.080016,hspLASEAsia
HEL_CA6483AA_AS,54.336551,18.646302,196.095233,151.27174,89.032428,209.07363,87.979099,176.907726,372.664416,340.051799,1151.539828,365.943134,hspLASEAsia
HEL_CA6467AA_AS,119.842071,28.905689,446.112327,399.786245,227.517147,242.381695,85.208111,222.335853,405.721465,354.249221,819.738579,378.952638,hspLASEAsia
HEL_CA6465AA_AS,123.816116,29.701776,487.224198,463.872885,286.273648,230.342068,113.000756,241.731892,338.442521,352.765284,823.913114,351.023671,hspLASEAsia
HEL_CA6460AA_AS,119.266763,35.292316,513.597347,494.744962,309.498904,222.515757,109.614144,227.071241,347.31383,333.98303,794.702046,335.103407,hspLASEAsia
HEL_CA6456AA_AS,83.744602,26.986694,395.121777,386.121937,210.736223,269.256897,109.446441,231.747696,380.556154,351.750559,948.471541,344.54393,hspLASEAsia
HEL_CA6454AA_AS,99.17386,28.967447,389.559407,360.940358,213.191171,232.71496,105.441517,248.552707,418.441129,431.350302,869.707169,375.963293,hspLASEAsia
HEL_CA6040AA_AS,95.350673,31.738525,318.454566,325.72824,184.191292,242.442854,98.433201,215.912132,418.931704,390.956097,910.68907,408.860972,hspLASEAsia
HEL_CA6160AA_AS,53.829832,18.866737,170.342245,145.865311,100.962884,226.242116,70.279629,170.357522,395.395894,376.500491,1172.534253,367.607718,hspLASEAsia
HEL_CA6266AA_AS,76.726662,20.659675,223.280315,209.181332,144.307409,236.724414,74.120038,179.984719,398.222096,371.679213,1096.31536,391.118993,hspLASEAsia
HEL_CA6275AA_AS,119.908934,34.712187,407.228738,396.27367,234.55209,232.188185,102.371197,247.021339,389.50124,376.090886,844.237643,366.563704,hspLASEAsia
HEL_CA6277AA_AS,77.369329,19.179754,382.4794,272.859108,164.394731,236.172502,101.316742,218.623362,400.873576,365.776765,1049.615509,370.999408,hspLASEAsia
HEL_CA6286AA_AS,123.056635,33.680444,391.071482,345.395681,219.975784,229.685979,95.538251,208.143558,348.093531,368.782456,997.115454,368.713832,hspLASEAsia
HEL_CA6304AA_AS,56.588692,24.172188,188.976202,170.140764,84.971657,241.052041,70.37274,196.877056,412.335272,367.792948,1186.347429,435.855615,hspLASEAsia
HEL_CA6303AA_AS,60.119071,16.139385,151.328568,170.196686,100.356098,236.283964,78.760455,186.075775,406.041794,325.380628,1179.745339,397.470676,hspLASEAsia
HEL_CA6299AA_AS,60.521061,19.276288,173.530518,156.322262,89.328651,255.165257,85.774142,177.650857,416.854992,390.00491,1141.388784,423.646994,hspLASEAsia
HEL_CA6297AA_AS,49.975783,22.178335,163.572657,117.902025,103.988455,209.081482,72.100265,163.425642,397.509456,374.898899,1282.999466,373.963814,hspLASEAsia
HEL_CA6538AA_AS,67.173481,20.402001,187.202426,199.530524,100.769951,220.082486,87.384421,209.737107,449.715316,391.188255,1119.511205,414.453676,hspLASEAsia
HEL_CA6539AA_AS,65.850536,21.27456,235.167959,237.166651,120.514961,223.671976,88.870746,207.959962,388.163863,329.831439,1125.819802,351.175912,hspLASEAsia
HEL_CA6541AA_AS,57.467221,18.406984,182.583873,153.030288,91.055115,223.198445,74.152884,227.195948,462.459293,427.372792,999.258134,453.278717,hspLASEAsia
HEL_CA6542AA_AS,55.268564,18.526223,148.012347,156.999377,89.395724,242.601721,84.026861,199.776821,410.755175,367.331012,1117.50196,400.824314,hspLASEAsia
HEL_CA6582AA_AS,98.90292,25.611945,275.134015,240.191569,173.709949,218.381564,88.726084,210.829558,402.133559,363.30383,1120.143515,380.051409,hspLASEAsia
HEL_CA6579AA_AS,59.103046,21.26967,179.236388,167.727127,97.491029,228.292903,95.240844,171.660778,379.283071,381.552083,1171.606708,395.380547,hspLASEAsia
HEL_CA6578AA_AS,58.604568,21.612421,189.95832,174.92588,119.467916,238.17141,84.259898,187.160443,388.354472,379.772455,1178.107843,398.762001,hspLASEAsia
HEL_CA6577AA_AS,91.266284,17.848196,161.147077,164.161749,150.981954,185.084517,78.843336,156.458946,287.86443,301.720747,1199.785373,332.301356,hspLASEAsia
HEL_CA6576AA_AS,74.596047,25.171267,218.55155,255.904272,150.25146,206.395423,95.10876,174.960035,331.402849,336.169197,1191.871416,342.555768,hspLASEAsia
HEL_CA6575AA_AS,54.413446,19.826326,173.089986,145.209057,93.860982,237.987983,75.522278,185.876878,392.108676,371.511931,1153.094118,425.7393,hspLASEAsia
HEL_CA6574AA_AS,70.275284,17.870866,193.347912,187.570842,138.155619,242.21533,81.018803,182.142632,444.547913,376.272649,1157.957277,418.176478,hspLASEAsia
HEL_CA6573AA_AS,73.243064,19.221857,190.813239,205.122248,119.347536,246.286282,78.338513,194.227925,390.269435,353.560577,1228.360245,341.972395,hspLASEAsia
HEL_CA6572AA_AS,53.158567,14.943384,163.496553,159.34032,102.947868,223.312733,77.939417,187.693441,389.432054,373.865764,1215.242114,381.119834,hspLASEAsia
HEL_CA6571AA_AS,80.271341,21.877637,205.64699,169.930383,122.380035,225.337891,87.723074,181.05914,376.301938,368.418084,1200.47054,409.671331,hspLASEAsia
HEL_CA6568AA_AS,57.761708,24.79335,164.330954,180.877682,96.780981,240.430474,56.056955,185.904438,396.545836,365.749453,1254.546107,383.486043,hspLASEAsia
HEL_CA6567AA_AS,60.692938,18.853152,171.626826,166.459783,102.095197,246.597968,88.243486,208.792843,401.207312,411.644309,1170.865763,385.557577,hspLASEAsia
HEL_CA6566AA_AS,73.717316,21.391533,214.464458,235.540824,164.126268,224.581014,99.098187,200.18093,399.450951,358.461193,1102.929116,392.016521,hspLASEAsia
HEL_CA6565AA_AS,53.141146,22.956705,171.400822,170.925535,126.819334,263.110933,90.316854,202.015128,412.140576,408.969616,1210.049486,366.437316,hspLASEAsia
HEL_CA5825AA_AS,71.609639,19.845725,157.937211,197.210983,111.769963,234.542091,76.382359,192.915161,413.949996,385.781814,1171.014982,369.787751,hspLASEAsia
HEL_CA6563AA_AS,40.074792,18.087998,139.430392,126.576563,81.93691,185.486985,65.695161,162.494472,312.373222,322.405025,1179.877925,329.398907,hspLASEAsia
HEL_CA6561AA_AS,62.382343,25.563616,206.27005,192.887835,100.190902,229.579243,86.738732,190.328673,374.48679,355.181438,1257.295441,391.658282,hspLASEAsia
HEL_CA6559AA_AS,51.606514,21.966064,169.80351,164.529118,90.161173,226.906912,72.504794,186.445834,378.128237,350.655845,1237.404193,385.322952,hspLASEAsia
HEL_CA6558AA_AS,56.531974,23.936951,173.699089,185.956699,113.181067,207.635199,76.67386,171.134158,364.934383,382.611406,1150.162993,392.504446,hspLASEAsia
HEL_CA6557AA_AS,48.19535,19.357402,138.356283,140.312736,78.733217,166.64068,66.620358,143.531716,304.63836,286.207825,1136.523817,309.402169,hspLASEAsia
HEL_CA6556AA_AS,50.683019,20.911642,168.415877,187.979824,83.774754,224.072746,63.706127,190.382615,398.239355,394.712587,1152.530011,449.206415,hspLASEAsia
HEL_CA6554AA_AS,74.558977,25.774118,226.509573,233.593314,148.500346,233.783999,92.598587,183.367385,408.162871,387.338573,1178.95187,388.881795,hspLASEAsia
HEL_CA6553AA_AS,56.735593,19.46619,180.397198,158.116283,95.89408,188.749635,71.976619,152.150815,332.886465,293.562195,1253.467735,347.632442,hspLASEAsia
HEL_CA6552AA_AS,51.682026,17.271596,150.49644,148.442247,87.767556,213.293694,63.046713,179.270904,359.181385,325.94417,1160.811815,348.490845,hspLASEAsia
HEL_CA6551AA_AS,79.511798,23.775578,179.385585,188.502746,143.833775,231.921241,88.213459,191.429862,408.656338,402.232075,1215.515856,404.772714,hspLASEAsia
HEL_CA6550AA_AS,65.599538,21.080818,166.424404,158.856733,80.534779,233.342306,77.070282,176.175709,422.036381,377.451509,1145.246251,365.956178,hspLASEAsia
HEL_CA6549AA_AS,34.164457,17.788949,113.183,95.598442,69.42036,167.017611,62.817247,146.239211,276.512457,276.185797,1115.238004,282.047815,hspLASEAsia
HEL_CA6548AA_AS,76.776203,28.486827,182.960944,204.438876,124.474924,214.45195,75.166752,212.81706,374.572544,351.315117,1181.085472,398.675926,hspLASEAsia
HEL_CA6544AA_AS,79.974652,23.900876,202.360697,209.442619,129.843006,262.279634,69.548964,182.894281,404.2226,325.036721,1249.704505,380.340535,hspLASEAsia
HEL_CA6543AA_AS,115.534356,24.51129,353.469198,368.567037,185.641481,235.115834,95.101767,236.087616,397.857555,394.868938,908.137893,360.352544,hspLASEAsia
HEL_CA6562AA_AS,72.788963,23.040983,187.466789,209.102891,125.831887,200.924303,76.575201,163.401928,339.65317,323.483668,1141.686915,360.170607,hspLASEAsia
HEL_CA5823AA_AS,70.507735,24.148668,203.328954,220.90043,134.398364,253.52415,79.24093,202.484551,427.884728,398.264695,1024.253363,443.849191,hspLASEAsia
HEL_CA6677AA_AS,52.660147,20.215502,198.862989,163.855861,85.646012,256.757746,78.10408,190.32515,432.635501,402.558426,1121.818003,427.970434,hspLASEAsia
HEL_CA5819AA_AS,64.208841,23.633401,150.581417,164.2582,117.872597,242.000418,77.972437,191.79988,457.903761,415.172342,1049.223527,443.043856,hspLASEAsia
HEL_CA4270AA_AS,60.046884,16.57597,161.990284,175.412962,114.643152,228.5174,91.070665,191.044345,398.394967,377.841774,1154.221584,385.803717,hspLASEAsia
HEL_CA4269AA_AS,55.438316,27.734386,177.751141,202.787337,107.168346,226.524444,84.773716,176.222627,391.02365,378.140429,1193.272031,384.376166,hspLASEAsia
HEL_CA4267AA_AS,54.382229,23.023088,128.012611,135.053712,93.438357,180.229633,63.374893,146.15878,295.760742,265.026065,1131.956767,308.366497,hspLASEAsia
HEL_CA4266AA_AS,67.347559,22.55774,178.230776,163.9813,93.382578,200.517579,78.383992,165.741026,390.405282,335.495763,1150.933654,406.718801,hspLASEAsia
HEL_CA4263AA_AS,74.248407,23.823478,223.038451,190.088918,145.501797,223.842787,85.626351,199.868945,424.208771,350.807253,1181.033045,377.974198,hspLASEAsia
HEL_CA4167AA_AS,80.247295,23.714907,267.520985,247.831709,179.527141,222.413888,90.95435,184.46212,357.011704,342.240824,1190.986165,346.685369,hspLASEAsia
HEL_CA4271AA_AS,63.478125,21.734785,194.693051,190.277897,116.891403,244.456152,89.560823,208.366488,421.44856,405.998618,1092.885264,406.163871,hspLASEAsia
HEL_CA3952AA_AS,40.903041,20.07172,144.133336,266.275806,77.642162,207.400153,97.464798,169.36548,338.587675,313.293486,1081.576108,353.617733,hspLASEAsia
HEL_CA3917AA_AS,54.727403,23.594819,171.175924,175.988924,100.042847,225.230729,81.261763,189.58541,440.888781,384.540423,1078.368698,420.568753,hspLASEAsia
HEL_CA3911AA_AS,82.322224,21.98564,222.748964,229.015549,141.780558,228.668949,89.297282,164.590323,364.736767,312.353809,1169.900857,389.622982,hspLASEAsia
HEL_CA3907AA_AS,68.772664,21.457234,192.246706,253.777802,134.302246,249.251735,82.287055,210.428188,418.339949,389.421227,1138.340328,411.771227,hspLASEAsia
HEL_CA3901AA_AS,76.400516,23.54017,180.879939,200.636268,134.099313,222.590425,82.592662,184.200793,386.507686,352.441606,1145.217272,388.54491,hspLASEAsia
HEL_CA3893AA_AS,120.868386,33.850202,346.719596,351.891811,238.863462,218.595113,103.152723,222.866477,336.472996,351.563208,1071.202561,326.898885,hspLASEAsia
HEL_CA3891AA_AS,129.5122,30.393507,370.672813,342.615105,247.864895,251.522375,122.478485,219.734812,428.33216,381.90492,849.873068,370.834326,hspLASEAsia
HEL_CA3922AA_AS,88.35839,29.487529,257.494058,264.316247,182.877243,207.104028,99.238987,207.95277,357.038842,363.594237,1155.60401,342.031445,hspLASEAsia
GCA_006438425.1,132.324074,35.969576,309.721834,300.012885,192.955974,239.432302,99.110308,208.82504,392.157398,372.476577,1033.11787,353.106599,hspLASEAsia
HEL_CA4272AA_AS,50.217054,16.740478,156.957576,139.945012,70.454671,218.074295,70.034743,148.316764,334.291192,319.985082,1205.830735,288.058256,hspLASEAsia
HEL_CA4275AA_AS,55.717323,18.208948,178.994491,139.852739,70.706779,237.250855,69.806085,185.312934,405.27055,347.940029,1150.841096,430.096155,hspLASEAsia
HEL_CA4304AA_AS,71.28984,22.204766,206.472862,183.25242,140.148119,208.641444,90.837209,212.447147,380.204411,324.557252,1210.909548,381.550796,hspLASEAsia
HEL_CA4299AA_AS,46.477321,16.960125,149.205387,189.709102,92.565299,226.337713,86.319379,177.2974,346.289863,361.478568,1223.188453,403.75557,hspLASEAsia
HEL_CA4298AA_AS,49.202894,21.696712,168.120107,164.587457,88.840495,215.781075,86.85808,176.270339,439.795161,367.581424,1151.38593,416.64212,hspLASEAsia
HEL_CA4297AA_AS,63.5345,18.393796,181.711302,172.165595,113.209635,255.473741,72.49156,195.027021,420.345856,370.66363,1200.576362,415.452466,hspLASEAsia
HEL_CA4295AA_AS,69.855119,16.797877,186.137608,173.884082,107.805355,196.483264,83.476824,170.818667,377.725478,351.477838,1237.117184,384.415956,hspLASEAsia
HEL_CA4293AA_AS,69.841771,21.540583,198.547681,208.531978,112.354716,214.874271,86.376328,202.294828,379.205658,350.694192,1229.64848,350.501278,hspLASEAsia
HEL_CA4273AA_AS,57.838095,19.506537,153.111945,157.12714,83.817831,225.271925,75.97744,178.781131,377.532789,382.142209,1179.812994,409.736702,hspLASEAsia
HEL_CA4292AA_AS,69.868994,21.253948,183.207198,212.214058,134.852261,206.283921,73.790208,171.721838,360.46689,339.683887,1219.075447,379.681162,hspLASEAsia
HEL_CA4288AA_AS,57.233122,19.297515,151.834904,181.349029,94.167193,236.723039,71.861404,183.230397,385.539794,394.895159,1174.861384,410.313078,hspLASEAsia
HEL_CA4285AA_AS,45.626253,20.264129,139.597862,123.029964,85.927571,195.484022,64.989195,153.275466,308.675191,282.937326,1133.274429,326.258436,hspLASEAsia
HEL_CA4281AA_AS,67.289675,25.992118,241.142778,201.273143,122.920111,232.156606,82.252666,195.977477,413.280381,405.399482,1170.626557,400.355941,hspLASEAsia
HEL_CA4280AA_AS,54.732072,20.173876,255.087861,236.608673,120.601275,269.231158,71.446198,218.745026,469.296241,431.256826,959.31352,422.908212,hspLASEAsia
HEL_CA4279AA_AS,59.804039,21.682161,173.215419,191.789685,114.934069,216.887593,79.233986,162.973369,370.987036,321.067655,1266.16221,364.92857,hspLASEAsia
HEL_CA5822AA_AS,113.418617,22.359766,332.417992,448.03131,232.621252,214.680451,97.6272,222.998516,346.121351,339.951165,1060.480598,309.713954,hspLASEAsia
HEL_CA4291AA_AS,101.637035,22.782957,164.99709,210.189077,137.143101,229.186725,78.038765,194.357483,419.386704,375.158722,1117.806629,394.96908,hspLASEAsia
GCA_006438455.1,86.834167,29.282635,247.029076,277.806532,146.409581,222.385124,80.612831,193.240558,412.875193,363.090289,1032.37844,363.866637,hspLASEAsia
GCA_006438465.1,106.448171,20.455636,293.827622,354.732462,186.504864,204.475829,96.752781,206.361315,342.775668,339.395846,1126.764807,318.33375,hspLASEAsia
GCA_006438475.1,93.579824,23.58915,228.442951,276.955817,177.194587,218.883362,79.955128,197.818961,398.724504,333.850649,1143.774471,371.636161,hspLASEAsia
GCA_006439955.1,57.627209,20.147682,220.154312,201.887946,110.886161,235.355326,76.494641,208.937196,441.414804,377.235919,1049.484412,411.847641,hspLASEAsia
GCA_006440125.1,145.479204,26.479292,292.825623,329.723065,225.491785,243.952837,85.533647,208.901416,366.64817,372.337948,1132.963046,350.814548,hspLASEAsia
GCA_006440195.1,75.786277,18.204992,196.190817,212.575762,122.017903,231.912602,79.434355,182.209065,411.343608,376.79903,1192.492811,389.445969,hspLASEAsia
GCA_006440225.1,140.730597,29.17172,482.129852,523.88108,244.41876,202.920333,106.282506,250.415088,363.413583,335.818191,770.020805,344.256994,hspLASEAsia
GCA_006440245.1,65.376985,22.35765,219.039586,219.103919,130.002906,225.85515,98.250883,187.388033,413.499763,372.043103,1175.591349,395.603791,hspLASEAsia
GCA_006440285.1,76.467026,25.738365,198.111995,241.688345,188.872038,207.880031,74.294857,203.57763,377.182575,350.862281,1145.824471,383.549496,hspLASEAsia
HEL_CA6841AA_AS,60.19195,23.44818,177.058377,208.410266,127.340179,201.953205,85.294201,182.869423,375.534229,333.427237,1166.826457,384.560305,hspLASEAsia
GCA_006440315.1,71.941994,19.673841,293.755393,255.066801,149.212159,232.550291,84.402914,201.376296,417.960482,367.971235,1073.013165,394.150116,hspLASEAsia
GCA_011456275.1,59.231907,20.153258,181.756476,190.720031,102.658037,216.900479,72.785801,168.489342,403.283425,384.222515,1151.456012,411.825307,hspLASEAsia
GCA_011456295.1,59.162391,20.179395,181.743659,191.328194,102.839743,216.375934,72.877484,168.483837,403.627533,384.220931,1151.744372,413.191135,hspLASEAsia
GCA_011456315.1,59.157382,20.175043,181.79863,190.752852,102.5063,216.170995,72.885152,169.541871,403.461218,384.348439,1150.991711,413.329067,hspLASEAsia
GCA_011456475.1,60.635171,20.150382,181.71377,190.566687,101.609139,216.101882,72.795193,168.744582,403.321844,384.888942,1152.033998,412.295752,hspLASEAsia
GCA_011456665.1,60.636268,20.13582,181.687299,190.379851,101.540126,216.128173,72.836453,169.529928,403.33281,380.278287,1151.867957,411.699529,hspLASEAsia
GCA_011456895.1,58.127486,20.152337,181.655612,191.793326,102.465038,216.049467,72.774821,169.541914,403.001797,383.814625,1148.618455,412.543773,hspLASEAsia
GCA_006440335.1,100.444049,24.315421,235.308963,230.111571,194.051349,194.554285,80.1372,180.797703,346.375385,300.620389,1092.267761,318.978904,hspLASEAsia
HEL_CA6840AA_AS,71.627337,19.848892,126.837557,184.946462,94.206681,196.415469,60.565571,164.548071,346.089961,283.214571,1117.875773,304.320514,hspLASEAsia
HEL_CA6839AA_AS,63.447215,26.096603,162.290478,157.914116,106.602424,229.087666,78.254138,191.456076,430.438524,388.0351,1204.466468,401.021147,hspLASEAsia
HEL_CA6838AA_AS,59.950332,24.531257,164.803753,172.868371,93.638745,233.312904,73.656573,173.822884,408.59463,374.430525,1164.470312,386.084608,hspLASEAsia
GCA_006439645.1,69.756169,20.313471,235.154821,236.064208,123.403152,221.937702,89.078047,183.494944,413.226686,354.469576,1068.530168,390.741028,hspLASEAsia
GCA_006439655.1,74.08495,23.290797,367.283229,270.677277,140.69027,221.048937,102.404873,208.763104,416.018759,346.176679,1053.463245,333.709593,hspLASEAsia
GCA_006439745.1,123.267889,32.863117,563.47912,459.817255,284.326575,233.871612,116.853928,228.251839,341.022748,339.126238,792.720828,323.031469,hspLASEAsia
GCA_006439785.1,63.045989,20.824402,219.169249,212.427109,123.98988,215.220339,86.383122,180.72728,402.444473,381.837623,1087.704589,366.942108,hspLASEAsia
HEL_CA6721AA_AS,73.206525,23.904654,158.812979,216.633898,106.464372,219.793144,79.573363,178.19156,353.523787,310.422988,1207.023545,343.225054,hspLASEAsia
HEL_CA6733AA_AS,18.063198,6.6264,64.152171,47.07521,37.601878,53.145594,23.261052,57.664644,103.677013,97.616117,500.012024,96.130716,hspLASEAsia
HEL_CA6745AA_AS,67.359183,20.523259,182.119852,221.172434,123.315668,238.076735,93.040417,197.819932,394.43558,374.355588,1206.147804,384.213397,hspLASEAsia
HEL_CA6751AA_AS,57.66864,13.466941,150.994906,163.011447,92.150584,210.59142,78.219569,145.515633,344.390993,330.640127,1193.509412,337.335717,hspLASEAsia
HEL_CA6764AA_AS,61.416546,16.219421,174.424712,164.172969,83.702694,229.793145,80.823505,213.434438,406.714474,394.252379,1201.697469,358.474078,hspLASEAsia
GCA_006439815.1,94.334593,26.071196,173.377342,200.386515,137.568294,236.673493,72.774406,200.589701,430.134559,374.177476,1108.539585,399.659843,hspLASEAsia
HEL_CA6828AA_AS,61.104657,21.585684,186.711275,208.498879,126.029595,232.916193,91.383221,197.700015,388.826817,395.547986,1134.497844,413.110215,hspLASEAsia
HEL_CA6831AA_AS,59.281289,18.91637,158.324414,147.559315,78.383466,256.572333,80.277865,190.374948,377.87712,401.451096,1233.354875,391.352324,hspLASEAsia
HEL_CA6834AA_AS,47.152197,16.453371,145.465003,149.132906,86.597408,223.943697,68.345309,167.358111,342.113559,305.654378,1214.38928,359.765842,hspLASEAsia
HEL_CA6836AA_AS,68.237381,23.058501,226.473829,212.175261,142.287605,225.091025,84.494127,209.243365,376.680494,340.016998,1232.987798,394.626849,hspLASEAsia
HEL_CA6837AA_AS,58.56729,18.621384,178.190379,170.990004,103.296354,250.537688,89.820963,184.04039,393.498027,378.189858,1213.47617,394.806671,hspLASEAsia
HEL_CA4307AA_AS,64.944079,25.546312,250.182036,215.987186,145.651404,260.359726,90.097908,220.55485,418.632042,378.794293,1114.838497,413.909811,hspLASEAsia
HEL_CA6720AA_AS,61.452639,24.336206,165.404881,258.355079,96.957091,225.731099,85.164165,194.915311,419.487304,403.949915,1118.09464,401.555541,hspLASEAsia
HEL_CA4278AA_AS,56.363341,17.717699,157.466467,157.356353,107.776407,193.468648,67.630703,146.492003,288.82421,300.388904,1305.491926,307.713934,hspLASEAsia
HEL_CA4409AA_AS,69.621396,21.813728,186.931041,181.772982,115.531514,219.950435,86.814285,192.32854,395.136283,349.682158,1216.526519,373.158854,hspLASEAsia
HEL_CA6712AA_AS,57.955942,17.550536,172.595333,176.555638,91.059275,231.619644,72.22433,187.086855,386.388863,334.445147,1241.045094,370.524505,hspLASEAsia
HEL_CA6710AA_AS,44.34315,18.606532,146.2128,125.452238,76.593023,252.259047,81.031353,174.380104,380.579116,405.386581,1124.362816,451.173322,hspLASEAsia
HEL_CA5768AA_AS,93.319766,22.622313,286.123095,273.029819,172.66678,234.116077,103.851531,203.880024,329.670842,327.600628,1182.954998,315.722979,hspLASEAsia
HEL_CA4329AA_AS,52.68791,23.425,143.576059,269.661426,124.759446,225.011766,78.00531,189.996205,355.259496,352.960541,1144.967648,392.967653,hspLASEAsia
HEL_CA6709AA_AS,64.807116,20.730719,177.750455,258.3665,125.139254,251.957934,86.437006,199.576067,399.143813,378.933376,1122.089828,392.375776,hspLASEAsia
HEL_CA6708AA_AS,84.899703,26.673822,217.297979,242.825539,158.639555,233.375849,90.774226,209.900356,415.936867,342.196917,1196.891582,377.47254,hspLASEAsia
HEL_CA6707AA_AS,66.230577,18.457763,149.418241,171.293147,108.870695,246.354883,78.996972,193.255001,425.944425,392.030525,1133.802884,399.279055,hspLASEAsia
HEL_CA5769AA_AS,106.29722,32.295442,387.411295,377.772079,176.005693,228.229391,98.968446,263.856235,405.791995,445.681681,907.521253,377.723675,hspLASEAsia
HEL_CA6706AA_AS,113.437879,25.064848,227.287366,290.942898,179.393268,203.231801,92.735817,227.775112,406.084211,394.864848,1089.633866,393.773049,hspLASEAsia
HEL_CA6705AA_AS,74.590161,18.766549,217.286846,226.774836,150.566176,206.233895,89.346564,190.721217,397.57024,348.311062,1212.926225,355.143983,hspLASEAsia
HEL_CA6703AA_AS,64.300515,24.676037,217.949656,234.644876,137.965467,234.26284,78.212933,194.30653,398.295333,391.564896,1056.688948,403.25718,hspLASEAsia
HEL_CA6700AA_AS,101.548327,22.376587,231.497827,274.666371,194.077305,214.23347,86.066432,188.572552,361.298214,343.001609,1103.448673,377.191368,hspLASEAsia
HEL_CA5770AA_AS,115.527302,33.800191,264.5992,300.104335,226.100998,229.734813,101.608678,206.364605,378.164045,346.913332,1010.648373,397.674635,hspLASEAsia
HEL_CA6699AA_AS,69.261359,24.608195,207.588835,201.985418,131.361511,248.43983,79.369415,207.183804,438.200688,378.583467,1121.863459,407.669202,hspLASEAsia
HEL_CA5766AA_AS,141.82557,25.272904,275.657663,304.307689,222.75441,195.056183,87.487597,182.323748,332.077871,296.692105,1157.416756,325.499735,hspLASEAsia
HEL_CA6697AA_AS,76.732942,21.445266,169.601066,196.738309,107.739058,216.512104,82.877114,197.96563,344.364539,317.159849,1181.316148,372.36755,hspLASEAsia
HEL_CA6696AA_AS,69.169821,20.124922,175.939955,278.313461,120.711282,228.494366,84.233129,177.603563,390.999012,381.376081,1141.394076,377.737203,hspLASEAsia
HEL_CA6694AA_AS,90.53376,22.792236,223.577658,268.648063,175.794995,240.814635,80.418458,196.286811,399.718673,339.780834,1158.741485,374.269912,hspLASEAsia
HEL_CA5779AA_AS,89.26774,23.188693,294.359923,312.05631,181.68242,218.495459,92.30618,204.574978,368.604671,364.836564,1053.939036,348.004156,hspLASEAsia
HEL_CA6693AA_AS,116.312621,29.179707,206.970393,276.697116,221.154261,222.133598,85.766111,177.578043,368.801556,333.470922,1098.068987,319.094691,hspLASEAsia
HEL_CA6692AA_AS,79.128088,23.004124,247.628527,263.973609,140.134762,221.836149,103.017963,201.1621,372.829666,354.74437,1228.203979,355.87742,hspLASEAsia
HEL_CA6691AA_AS,59.572869,21.293307,165.622954,189.372956,117.477975,229.149476,82.526021,189.909333,427.144347,384.155896,1131.657715,425.491662,hspLASEAsia
HEL_CA6690AA_AS,74.87209,20.052683,149.762075,178.328464,131.369845,230.627551,73.032186,191.490064,393.644269,373.437017,1172.170115,407.047434,hspLASEAsia
HEL_CA6689AA_AS,48.692878,20.994775,196.390352,175.95446,123.634171,215.968638,72.608668,175.226385,337.229816,321.324911,1119.091578,349.93164,hspLASEAsia
HEL_CA6688AA_AS,67.253674,24.813387,188.805762,225.501268,153.05475,240.415482,87.776608,189.330521,361.699529,376.789744,1143.582983,392.372896,hspLASEAsia
HEL_CA5780AA_AS,102.154747,37.088913,423.770905,421.581084,258.909152,226.875093,96.601479,214.129371,373.398644,334.456575,882.239104,330.946376,hspLASEAsia
HEL_CA5781AA_AS,202.903816,29.113379,436.202647,444.851282,374.260317,220.410934,104.349038,251.708697,364.904759,383.888395,800.680867,370.719124,hspLASEAsia
HEL_CA6687AA_AS,78.871208,27.855471,230.115326,206.075193,159.64159,210.631892,80.643187,207.273334,412.24337,337.906384,1121.256975,392.242157,hspLASEAsia
HEL_CA5782AA_AS,148.073743,38.823448,445.973816,460.633558,301.48634,231.539468,107.636305,249.089149,366.985966,356.285747,800.984116,346.560086,hspLASEAsia
HEL_CA5785AA_AS,105.792423,29.385798,376.729745,431.816681,199.381494,241.131466,110.964911,223.285796,379.829177,363.849896,906.549125,361.712992,hspLASEAsia
HEL_CA5772AA_AS,112.456748,21.551706,418.753865,333.625627,221.259738,216.561071,100.003256,177.092798,334.083724,321.30039,1018.221289,308.041145,hspLASEAsia
HEL_CA6713AA_AS,73.313104,19.034779,174.206399,204.277393,117.529308,211.636309,77.918457,184.708815,398.075681,399.331463,1163.361159,402.135165,hspLASEAsia
HEL_CA3880AA_AS,55.340822,17.276707,192.819489,175.606301,98.6349,218.406166,82.787479,187.097839,420.104163,397.381068,1131.540256,415.554596,hspLASEAsia
HEL_CA5161AA_AS,152.423774,30.137594,420.591572,413.169209,279.812007,234.684153,92.369619,257.625043,384.931715,369.929591,822.529655,360.990024,hspLASEAsia
HEL_CA4437AA_AS,74.784825,18.199715,172.98661,180.815688,100.417629,222.930254,81.24714,170.509153,411.960567,393.299407,1113.511632,429.21224,hspLASEAsia
HEL_CA5519AA_AS,96.517565,21.655938,184.083066,251.871025,156.102931,233.198108,83.828577,191.330439,383.738922,378.860183,1148.946455,372.907276,hspLASEAsia
HEL_CA5593AA_AS,66.833752,23.475606,173.806432,192.707695,125.431329,220.311463,65.919087,222.115768,414.69335,381.218372,1067.081566,429.052004,hspLASEAsia
HEL_CA5594AA_AS,59.421495,17.412571,180.420734,156.071415,104.760275,246.411484,67.206632,195.421881,392.854783,391.561205,1135.336583,452.396817,hspLASEAsia
HEL_CA5597AA_AS,66.004597,18.604776,178.671,192.67109,114.589111,229.926825,79.440651,191.398931,407.596568,362.623162,1265.773781,363.153131,hspLASEAsia
HEL_CA5620AA_AS,62.813078,22.453751,211.025133,213.608381,135.953164,223.685108,90.119162,216.420593,396.251872,378.703286,1123.381329,379.398807,hspLASEAsia
HEL_CA5599AA_AS,46.87369,16.973728,131.390515,136.571327,67.926107,144.585082,62.959922,145.503664,293.222411,253.781946,1023.42223,310.06027,hspLASEAsia
HEL_CA5516AA_AS,105.710298,24.994296,172.625828,226.195955,164.369784,221.623182,81.56781,192.808784,357.972328,329.032197,1144.360555,384.580527,hspLASEAsia
HEL_CA5606AA_AS,57.904577,15.081586,149.134621,163.988372,86.851692,187.206714,67.101148,166.517992,329.52495,310.82996,1234.947457,370.194745,hspLASEAsia
HEL_CA6714AA_AS,73.480213,25.637998,205.988733,204.923165,122.923099,246.773196,91.773046,181.425067,403.284067,374.87904,1168.207762,355.162465,hspLASEAsia
HEL_CA4438AA_AS,79.639901,20.635263,198.513188,188.58329,134.913929,255.541385,86.188144,190.427944,393.34766,369.627215,1112.51362,391.530334,hspLASEAsia
HEL_CA5484AA_AS,77.835451,24.378744,264.547586,180.901967,161.463211,274.4471,182.710492,242.861662,479.523373,458.007692,853.222012,445.488124,hspLASEAsia
HEL_CA5160AA_AS,74.676072,20.823765,250.745246,246.369882,158.508739,209.949259,86.200391,190.338853,349.056083,355.307449,1099.698887,358.536046,hspLASEAsia
HEL_CA5506AA_AS,59.573368,17.77535,143.164993,164.085076,82.319326,249.340062,66.852842,209.526831,412.491606,366.439466,1108.366695,406.741936,hspLASEAsia
HEL_CA4435AA_AS,73.812697,22.234089,197.585395,184.975057,117.959944,218.815848,76.733219,207.374817,407.5581,355.670198,1145.391877,430.036924,hspLASEAsia
HEL_CA6715AA_AS,49.48251,19.62254,176.428041,148.527688,93.782452,241.939416,87.824421,184.514627,413.222151,384.235354,1174.854201,437.532416,hspLASEAsia
HEL_CA5614AA_AS,56.683665,20.604502,155.547085,121.330461,78.084035,203.661312,67.996789,185.340199,400.701686,346.983797,1217.330696,379.259927,hspLASEAsia
HEL_CA5613AA_AS,55.928229,18.30606,146.32536,125.343192,93.224411,198.514355,78.066344,164.545554,354.489968,328.757502,1140.643291,315.79479,hspLASEAsia
HEL_CA4432AA_AS,57.919282,17.379307,169.131665,176.31848,101.956487,222.68495,77.225484,194.780706,429.318501,416.950302,1113.918948,455.271569,hspLASEAsia
HEL_CA5226AA_AS,90.582484,27.15681,286.453926,269.763327,168.156725,210.081775,104.465611,215.36708,397.414482,374.424815,1087.711046,372.372754,hspLASEAsia
HEL_CA4440AA_AS,72.419738,21.094846,173.83148,185.240517,114.830364,231.997967,93.064193,204.255194,422.093854,368.04276,1205.851375,371.041734,hspLASEAsia
HEL_CA5610AA_AS,53.137303,19.61168,185.7989,173.314744,116.747141,230.871843,74.701153,191.568166,379.100728,370.759453,1262.530505,362.431181,hspLASEAsia
SSR3,169.189232,43.29798,534.464924,1098.365951,242.66328,199.979164,106.01523,435.807031,186.48648,184.249801,178.937235,134.993334,hspNEurope
GCA_003058805.1,351.580299,55.800187,514.31018,1286.405522,547.72298,176.600554,101.98816,326.94333,149.360313,172.002001,208.515319,136.445654,hspNEurope
GCA_024411395.1,299.106761,59.365276,540.382046,1241.177734,503.450741,192.728063,116.16087,379.670612,185.537562,187.767973,191.242518,119.710527,hspNEurope
GCA_024411415.1,301.82398,55.292762,492.87642,1283.35753,465.690738,174.434871,97.437134,362.415143,174.884071,161.981041,185.36385,115.634753,hspNEurope
GCA_000013245.1,270.249585,46.696301,485.460814,1275.419589,463.478425,182.71773,103.615815,409.013237,196.509388,165.642583,203.206611,117.213001,hspNEurope
SSR5,155.885924,41.978078,513.260396,1016.774749,201.936597,220.881917,107.763794,462.8735,194.469445,196.345336,159.939055,127.97487,hspNEurope
SSR7,143.133411,39.594995,504.735441,1013.60922,192.564437,239.416937,107.234316,478.020829,212.741279,194.821608,173.434166,124.965602,hspNEurope
SSR8,272.684102,49.695199,451.837461,1180.664427,405.646363,163.757029,88.211509,338.687609,157.578588,152.616269,169.202713,108.584674,hspNEurope
SSR9,146.346082,45.616389,526.978638,1056.563465,215.719523,204.922696,125.602974,441.398881,187.391557,186.671944,179.689617,135.318174,hspNEurope
GCA_003058825.1,242.901938,60.464006,585.232177,1214.015043,453.794777,201.294316,112.254983,399.624788,199.796306,175.431467,203.174882,132.524044,hspNEurope
GCA_000274005.2,358.871938,58.713799,410.54159,1256.397695,794.821619,130.272339,109.131875,254.657105,123.880462,136.639898,162.106968,87.71138,hspSEurope
GCA_000021465.1,289.151799,41.368844,532.981896,1218.083799,712.72379,154.196517,100.014068,335.288831,178.235943,168.487897,192.842726,105.678112,hspSEurope
GCA_000021165.1,319.730681,59.658641,558.431255,1235.915227,684.096219,158.750948,98.237097,325.165903,148.771305,151.462804,194.495289,104.072586,hspSEurope
GCA_003059325.1,310.363745,58.930232,553.509717,1228.142754,649.277013,169.396038,107.937956,354.493941,143.373471,169.420808,192.788949,114.766818,hspSEurope
GCA_003059985.1,406.620996,59.268771,406.87236,1302.228737,933.340663,107.93438,83.392525,202.04492,108.918712,118.975302,170.821533,77.656094,hspSEurope
GCA_003058845.1,274.164542,49.47922,572.01172,1221.803809,649.945615,153.590886,106.12583,356.083595,172.571045,167.509695,188.326797,110.612807,hspSEurope
GCA_024406045.1,351.423219,52.894433,497.285076,1238.238387,649.154168,178.908272,104.040853,325.05122,166.65224,169.519436,189.28157,118.418855,hspSEurope
GCA_024411505.1,396.254074,57.059361,488.78008,1309.936961,724.223536,124.561801,98.473807,291.632985,147.344384,151.114987,182.5149,107.196887,hspSEurope
GCA_000274045.2,248.441906,62.774641,529.182448,1252.299439,675.96578,166.025204,103.624953,298.454103,158.010853,157.022688,174.429106,113.898738,hspSEurope
GCA_000359645.1,327.786776,57.922886,455.699475,1324.660564,693.599025,162.229728,92.010209,283.78617,182.4014,139.041121,197.923847,109.623119,hspSEurope
GCA_003060065.1,715.105019,67.687386,353.747312,1192.55371,933.27134,111.633544,76.535211,168.481499,96.527326,105.633078,159.626223,69.713125,hspSWEurope
GCA_024411455.1,791.900306,54.334078,372.308547,1287.328588,805.513678,109.216233,98.216228,216.168356,122.486381,120.812796,172.084486,92.356867,hspSWEurope
GCA_000234645.4,629.34649,65.742653,351.45334,1226.760639,887.693137,108.677349,97.187878,218.595833,120.870735,133.408763,139.712579,79.712793,hspSWEurope
GCA_014496285.1,790.965925,60.636225,358.421007,1288.734654,788.254784,107.71095,89.291783,175.318194,110.47398,119.976585,137.24878,78.659397,hspSWEurope
GCA_014496225.1,759.637215,64.298331,350.479614,1340.890481,778.370353,115.703042,87.412526,205.616599,111.907425,147.928792,147.183255,83.249365,hspSWEurope
GCA_014496005.1,574.541075,55.540143,399.755878,1312.3967,791.400755,100.899152,85.804097,188.299028,103.866281,114.443147,172.000936,87.063972,hspSWEurope
GCA_014498135.1,500.124036,53.558178,380.235952,1367.599173,803.012575,116.303925,90.498513,210.174228,115.243588,110.058927,180.104829,92.076773,hspSWEurope
GCA_000259235.1,744.836854,65.415046,376.439366,1307.90065,776.124812,120.834403,90.070979,199.960008,110.984808,118.220354,159.085579,89.679036,hspSWEurope
GCA_003059165.1,969.320309,52.240845,324.865715,1209.521628,785.976148,92.020405,82.484362,226.006646,106.852792,114.513686,149.37085,76.400764,hspSWEurope
GCA_002026785.1,629.948726,54.718345,344.089307,1155.044815,718.304296,191.263017,85.328792,244.863998,154.169775,172.215813,200.344491,138.256173,hspSWEuropeLatinAmerica
GCA_002026865.1,801.250239,53.408776,346.451282,1142.489502,807.512655,133.655824,105.8234,204.029574,136.355416,144.751268,169.644137,106.344056,hspSWEuropeLatinAmerica
GCA_002026955.1,783.106749,50.011852,323.258396,1208.999453,760.822123,130.930147,85.625188,230.871894,110.441929,138.274467,164.091361,118.389269,hspSWEuropeLatinAmerica
GCA_014496395.1,886.299937,44.245554,326.366261,1143.411558,722.606778,152.659262,86.060972,208.087248,134.863332,126.766943,181.585899,117.368906,hspSWEuropeLatinAmerica
GCA_002533525.1,833.940304,48.015211,304.976718,1211.20312,722.101528,139.510415,79.38386,198.81487,116.152848,124.675755,147.718394,88.888252,hspSWEuropeLatinAmerica
GCA_002026595.1,785.520362,60.533864,317.96539,1293.668723,760.491208,114.371522,81.297359,219.936225,126.300002,134.824638,149.928875,104.289151,hspSWEuropeLatinAmerica
GCA_002533225.1,789.638766,55.143471,346.357631,1213.376376,708.12495,150.892904,95.212819,240.893282,150.581802,142.807695,195.543726,116.273258,hspSWEuropeLatinAmerica
GCA_002026885.1,1000.015467,60.555165,292.063197,1221.720783,730.955065,112.82941,89.37501,168.445422,116.182447,124.482154,151.290495,84.242636,hspSWEuropeLatinAmerica
GCA_014497525.1,575.668093,51.672663,374.086438,1293.90069,748.630979,130.039421,85.870772,210.029424,116.804768,131.5088,198.930846,103.321522,hspSWEuropeLatinAmerica
GCA_002533845.1,930.402062,52.103653,329.517803,1187.585813,719.462142,135.027325,94.142985,208.556605,135.976049,136.119035,179.049264,102.211285,hspSWEuropeLatinAmerica
HEL_BA9792AA_AS,84.41618,28.965985,280.850323,337.650385,139.569552,581.114547,86.687235,1215.844207,340.212275,240.669426,203.326155,215.241004,hspUral
HEL_AA7341AA_AS,187.501566,42.068163,473.077948,1014.466136,432.768765,279.155272,116.473633,623.137967,239.38378,209.874958,215.187461,158.129683,hspUral
HEL_BA9294AA_AS,70.361253,28.49237,299.859268,325.811789,146.238695,582.428309,82.597218,1150.110576,381.483354,286.112254,216.810592,223.297453,hspUral
HEL_BA9260AA_AS,174.455467,47.967107,462.284159,875.926359,358.44956,349.444686,96.663965,716.910232,258.016857,238.512475,207.763618,180.322669,hspUral
HEL_BA9683AA_AS,208.592288,47.758837,463.103187,1005.157143,471.225237,364.552815,100.70847,476.900928,224.303102,204.222096,216.738604,177.885774,hspUral
HEL_BA9734AA_AS,184.578339,40.133456,486.004996,891.476063,377.56349,386.538018,103.457039,737.583261,273.72127,218.039477,233.1045,174.976318,hspUral
HEL_BA9169AA_AS,190.918335,51.999718,482.412609,921.263186,395.372445,352.917072,97.227295,710.723426,258.081086,236.607878,211.283313,176.486768,hspUral
HEL_BA9825AA_AS,191.727123,46.576076,463.98023,927.9888,393.922148,303.883595,93.449755,652.10077,256.465383,233.81974,222.563599,155.575216,hspUral
